report_id,report_type,site,activity,report_text,language,sif_potential,precursor,evidence,life_saving_rule,priority,human_review
SIF-0001,Near-Miss,Site A,Pipeline Repair,"During Pipeline Repair, the team followed the approved procedure and confirmed Energy Isolation controls before starting work. No serious-injury precursor was observed.",English,NO,No credible SIF precursor,Approved procedure followed,Energy Isolation,Low,Not required
SIF-0002,Unsafe Act,Site F,Pipeline Repair,A barrier failure was identified during Pipeline Repair. The missing or ineffective Energy Isolation control left workers exposed to a high-consequence hazard.,English,YES,Control failure,Required control was missing or not verified,Energy Isolation,High,Required
SIF-0003,Unsafe Act,Site B,Tank Entry,"During Tank Entry, the supervisor verified the relevant Confined Space control and the work proceeded within the approved safe limits. No SIF precursor was identified.",English,NO,No credible SIF precursor,Approved procedure followed,Confined Space,Normal,Not required
SIF-0004,Near-Miss,Site D,Tank Entry,Worker started Tank Entry without confirming effective Confined Space controls. The hazard remained exposed and the condition had potential for serious injury or fatality.,English,YES,Energy exposure,Personnel exposed to high-energy hazard,Confined Space,Critical,Required
SIF-0005,Unsafe Condition,Site B,Vehicle Movement,A planned Vehicle Movement task was completed with appropriate supervision and documented Line of Fire controls. No credible SIF potential was found.,English,NO,No credible SIF precursor,Personnel maintained safe position,Line of Fire,Low,Not required
SIF-0006,Unsafe Act,Site D,Pipeline Repair,An unsafe act occurred during Pipeline Repair; the crew proceeded before confirming Energy Isolation controls. The event had serious-injury potential despite no major consequence.,English,YES,Control failure,Barrier failure identified,Energy Isolation,Critical,Required
SIF-0007,Unsafe Act,Site E,Grinding,"The crew completed Grinding after confirming permits, barriers, and Hot Work requirements. No significant safety precursor was reported.",English,NO,No credible SIF precursor,Required controls verified,Hot Work,Normal,Not required
SIF-0008,Unsafe Condition,Site C,Crane Operation,"During Crane Operation, the required Line of Fire control was not verified. Personnel were exposed to a credible high-energy hazard, although no serious injury occurred.",English,YES,Energy exposure,Required control was missing or not verified,Line of Fire,High,Required
SIF-0009,Unsafe Act,Site B,Pipeline Repair,"The crew completed Pipeline Repair after confirming permits, barriers, and Energy Isolation requirements. No significant safety precursor was reported.",English,NO,No credible SIF precursor,Personnel maintained safe position,Energy Isolation,Normal,Not required
SIF-0010,Near-Miss,Site B,Lifting Operation,An unsafe act occurred during Lifting Operation; the crew proceeded before confirming Line of Fire controls. The event had serious-injury potential despite no major consequence.,English,YES,Uncontrolled hazard,Personnel exposed to high-energy hazard,Line of Fire,Critical,Required
SIF-0011,Unsafe Condition,Site E,Pipeline Repair,"During Pipeline Repair, the supervisor verified the relevant Energy Isolation control and the work proceeded within the approved safe limits. No SIF precursor was identified.",English,NO,No credible SIF precursor,Routine observation with effective controls,Energy Isolation,Low,Not required
SIF-0012,Incident,Site D,Welding Near Hydrocarbon Equipment,"During inspection of Welding Near Hydrocarbon Equipment, personnel were found within a hazardous exposure zone without adequate Hot Work protection. Immediate correction was required.",English,YES,Uncontrolled hazard,Near-miss with serious consequence potential,Hot Work,High,Required
SIF-0013,Unsafe Condition,Site A,Lifting Operation,A planned Lifting Operation task was completed with appropriate supervision and documented Line of Fire controls. No credible SIF potential was found.,English,NO,No credible SIF precursor,Required controls verified,Line of Fire,Normal,Not required
SIF-0014,Unsafe Act,Site C,Electrical Maintenance,The team was preparing for Electrical Maintenance while the Energy Isolation control was bypassed or incomplete. The unsafe condition could have resulted in severe harm.,English,YES,Barrier failure,Permit/control verification incomplete,Energy Isolation,Critical,Required
SIF-0015,Incident,Site D,Grinding,"During Grinding, the team followed the approved procedure and confirmed Hot Work controls before starting work. No serious-injury precursor was observed.",English,NO,No credible SIF precursor,Personnel maintained safe position,Hot Work,Low,Not required
SIF-0016,Near-Miss,Site F,Tank Entry,A barrier failure was identified during Tank Entry. The missing or ineffective Confined Space control left workers exposed to a high-consequence hazard.,English,YES,Energy exposure,Permit/control verification incomplete,Confined Space,Critical,Required
SIF-0017,Incident,Site B,Tank Entry,Routine Tank Entry was completed with the required Confined Space controls verified and documented. No credible SIF precursor was identified.,English,NO,No credible SIF precursor,Required controls verified,Confined Space,Low,Not required
SIF-0018,Unsafe Condition,Site F,Welding Near Hydrocarbon Equipment,A barrier failure was identified during Welding Near Hydrocarbon Equipment. The missing or ineffective Hot Work control left workers exposed to a high-consequence hazard.,English,YES,Unsafe positioning,Permit/control verification incomplete,Hot Work,High,Required
SIF-0019,Incident,Site E,Electrical Maintenance,"During Electrical Maintenance, the supervisor verified the relevant Energy Isolation control and the work proceeded within the approved safe limits. No SIF precursor was identified.",English,NO,No credible SIF precursor,Personnel maintained safe position,Energy Isolation,Low,Not required
SIF-0020,Near-Miss,Site F,Pipeline Repair,An unsafe act occurred during Pipeline Repair; the crew proceeded before confirming Energy Isolation controls. The event had serious-injury potential despite no major consequence.,English,YES,Unsafe positioning,Required control was missing or not verified,Energy Isolation,Critical,Required
SIF-0021,Unsafe Act,Site D,Welding Near Hydrocarbon Equipment,The report records a normal safety observation during Welding Near Hydrocarbon Equipment. Required controls were effective and no high-consequence exposure was identified.,English,NO,No credible SIF precursor,Routine observation with effective controls,Hot Work,Normal,Not required
SIF-0022,Unsafe Act,Site B,Vessel Cleaning,"During inspection of Vessel Cleaning, personnel were found within a hazardous exposure zone without adequate Confined Space protection. Immediate correction was required.",English,YES,Barrier failure,Near-miss with serious consequence potential,Confined Space,High,Required
SIF-0023,Unsafe Act,Site B,Lifting Operation,"During Lifting Operation, the supervisor verified the relevant Line of Fire control and the work proceeded within the approved safe limits. No SIF precursor was identified.",English,NO,No credible SIF precursor,Personnel maintained safe position,Line of Fire,Normal,Not required
SIF-0024,Near-Miss,Site A,Compressor Maintenance,"During inspection of Compressor Maintenance, personnel were found within a hazardous exposure zone without adequate Energy Isolation protection. Immediate correction was required.",English,YES,Barrier failure,Personnel exposed to high-energy hazard,Energy Isolation,High,Required
SIF-0025,Unsafe Act,Site A,Crane Operation,The report records a normal safety observation during Crane Operation. Required controls were effective and no high-consequence exposure was identified.,English,NO,No credible SIF precursor,Permit and barriers confirmed,Line of Fire,Low,Not required
SIF-0026,Unsafe Condition,Site B,Vessel Cleaning,The report describes a near-miss in Vessel Cleaning involving inadequate Confined Space controls and uncontrolled exposure. HSE attention was recommended.,English,YES,Energy exposure,Permit/control verification incomplete,Confined Space,High,Required
SIF-0027,Incident,Site E,Vessel Cleaning,"During Vessel Cleaning, the team followed the approved procedure and confirmed Confined Space controls before starting work. No serious-injury precursor was observed.",English,NO,No credible SIF precursor,No high-consequence exposure identified,Confined Space,Low,Not required
SIF-0028,Near-Miss,Site D,Vehicle Movement,The report describes a near-miss in Vehicle Movement involving inadequate Line of Fire controls and uncontrolled exposure. HSE attention was recommended.,English,YES,Control failure,Permit/control verification incomplete,Line of Fire,Critical,Required
SIF-0029,Unsafe Act,Site B,Tank Entry,A routine inspection of Tank Entry found controls in place and personnel outside the hazard zone. The report does not indicate SIF potential.,English,NO,No credible SIF precursor,Required controls verified,Confined Space,Low,Not required
SIF-0030,Unsafe Act,Site B,Crane Operation,"During Crane Operation, the required Line of Fire control was not verified. Personnel were exposed to a credible high-energy hazard, although no serious injury occurred.",English,YES,Barrier failure,Near-miss with serious consequence potential,Line of Fire,High,Required
SIF-0031,Near-Miss,Site A,Pipeline Repair,Routine Pipeline Repair was completed with the required Energy Isolation controls verified and documented. No credible SIF precursor was identified.,English,NO,No credible SIF precursor,No high-consequence exposure identified,Energy Isolation,Low,Not required
SIF-0032,Incident,Site F,Vehicle Movement,The team was preparing for Vehicle Movement while the Line of Fire control was bypassed or incomplete. The unsafe condition could have resulted in severe harm.,English,YES,Uncontrolled hazard,Permit/control verification incomplete,Line of Fire,High,Required
SIF-0033,Incident,Site E,Crane Operation,"During Crane Operation, the team followed the approved procedure and confirmed Line of Fire controls before starting work. No serious-injury precursor was observed.",English,NO,No credible SIF precursor,Permit and barriers confirmed,Line of Fire,Normal,Not required
SIF-0034,Unsafe Act,Site A,Tank Entry,A barrier failure was identified during Tank Entry. The missing or ineffective Confined Space control left workers exposed to a high-consequence hazard.,English,YES,Unsafe positioning,Barrier failure identified,Confined Space,Critical,Required
SIF-0035,Unsafe Act,Site F,Grinding,The report records a normal safety observation during Grinding. Required controls were effective and no high-consequence exposure was identified.,English,NO,No credible SIF precursor,Routine observation with effective controls,Hot Work,Low,Not required
SIF-0036,Near-Miss,Site D,Compressor Maintenance,"During Compressor Maintenance, the required Energy Isolation control was not verified. Personnel were exposed to a credible high-energy hazard, although no serious injury occurred.",English,YES,Barrier failure,Personnel exposed to high-energy hazard,Energy Isolation,High,Required
SIF-0037,Unsafe Condition,Site D,Vessel Cleaning,"The crew completed Vessel Cleaning after confirming permits, barriers, and Confined Space requirements. No significant safety precursor was reported.",English,NO,No credible SIF precursor,Approved procedure followed,Confined Space,Normal,Not required
SIF-0038,Unsafe Act,Site B,Grinding,The report describes a near-miss in Grinding involving inadequate Hot Work controls and uncontrolled exposure. HSE attention was recommended.,English,YES,Control failure,Permit/control verification incomplete,Hot Work,High,Required
SIF-0039,Unsafe Act,Site A,Vessel Cleaning,A planned Vessel Cleaning task was completed with appropriate supervision and documented Confined Space controls. No credible SIF potential was found.,English,NO,No credible SIF precursor,Approved procedure followed,Confined Space,Low,Not required
SIF-0040,Incident,Site D,Electrical Maintenance,The team was preparing for Electrical Maintenance while the Energy Isolation control was bypassed or incomplete. The unsafe condition could have resulted in severe harm.,English,YES,Barrier failure,Unsafe positioning or uncontrolled exposure,Energy Isolation,High,Required
SIF-0041,Incident,Site A,Electrical Maintenance,A routine inspection of Electrical Maintenance found controls in place and personnel outside the hazard zone. The report does not indicate SIF potential.,English,NO,No credible SIF precursor,Permit and barriers confirmed,Energy Isolation,Normal,Not required
SIF-0042,Incident,Site F,Electrical Maintenance,A near-miss was observed during Electrical Maintenance when Energy Isolation precautions were incomplete. The report indicates a clear SIF precursor requiring HSE review.,English,YES,Barrier failure,Personnel exposed to high-energy hazard,Energy Isolation,Critical,Required
SIF-0043,Unsafe Act,Site E,Compressor Maintenance,The report records a normal safety observation during Compressor Maintenance. Required controls were effective and no high-consequence exposure was identified.,English,NO,No credible SIF precursor,Personnel maintained safe position,Energy Isolation,Low,Not required
SIF-0044,Incident,Site E,Compressor Maintenance,A near-miss was observed during Compressor Maintenance when Energy Isolation precautions were incomplete. The report indicates a clear SIF precursor requiring HSE review.,English,YES,Barrier failure,Required control was missing or not verified,Energy Isolation,High,Required
SIF-0045,Unsafe Act,Site E,Pipeline Repair,The report records a normal safety observation during Pipeline Repair. Required controls were effective and no high-consequence exposure was identified.,English,NO,No credible SIF precursor,Approved procedure followed,Energy Isolation,Normal,Not required
SIF-0046,Unsafe Condition,Site E,Pipeline Repair,Worker started Pipeline Repair without confirming effective Energy Isolation controls. The hazard remained exposed and the condition had potential for serious injury or fatality.,English,YES,Unsafe positioning,Permit/control verification incomplete,Energy Isolation,High,Required
SIF-0047,Near-Miss,Site E,Crane Operation,A routine inspection of Crane Operation found controls in place and personnel outside the hazard zone. The report does not indicate SIF potential.,English,NO,No credible SIF precursor,Approved procedure followed,Line of Fire,Normal,Not required
SIF-0048,Incident,Site C,Tank Entry,A near-miss was observed during Tank Entry when Confined Space precautions were incomplete. The report indicates a clear SIF precursor requiring HSE review.,English,YES,Unsafe positioning,Near-miss with serious consequence potential,Confined Space,Critical,Required
SIF-0049,Unsafe Act,Site A,Lifting Operation,"The crew completed Lifting Operation after confirming permits, barriers, and Line of Fire requirements. No significant safety precursor was reported.",English,NO,No credible SIF precursor,No high-consequence exposure identified,Line of Fire,Low,Not required
SIF-0050,Unsafe Condition,Site E,Pipeline Repair,"During inspection of Pipeline Repair, personnel were found within a hazardous exposure zone without adequate Energy Isolation protection. Immediate correction was required.",English,YES,Control failure,Personnel exposed to high-energy hazard,Energy Isolation,Critical,Required
SIF-0051,Near-Miss,Site C,Tank Entry,"During Tank Entry, the team followed the approved procedure and confirmed Confined Space controls before starting work. No serious-injury precursor was observed.",English,NO,No credible SIF precursor,Permit and barriers confirmed,Confined Space,Normal,Not required
SIF-0052,Unsafe Act,Site F,Crane Operation,"During inspection of Crane Operation, personnel were found within a hazardous exposure zone without adequate Line of Fire protection. Immediate correction was required.",English,YES,Barrier failure,Near-miss with serious consequence potential,Line of Fire,High,Required
SIF-0053,Unsafe Act,Site A,Vehicle Movement,The report records a normal safety observation during Vehicle Movement. Required controls were effective and no high-consequence exposure was identified.,English,NO,No credible SIF precursor,No high-consequence exposure identified,Line of Fire,Low,Not required
SIF-0054,Unsafe Condition,Site C,Vehicle Movement,An unsafe act occurred during Vehicle Movement; the crew proceeded before confirming Line of Fire controls. The event had serious-injury potential despite no major consequence.,English,YES,Incomplete permit/control,Personnel exposed to high-energy hazard,Line of Fire,Critical,Required
SIF-0055,Unsafe Act,Site C,Grinding,Routine Grinding was completed with the required Hot Work controls verified and documented. No credible SIF precursor was identified.,English,NO,No credible SIF precursor,Routine observation with effective controls,Hot Work,Normal,Not required
SIF-0056,Unsafe Act,Site A,Vehicle Movement,An unsafe act occurred during Vehicle Movement; the crew proceeded before confirming Line of Fire controls. The event had serious-injury potential despite no major consequence.,English,YES,Barrier failure,Personnel exposed to high-energy hazard,Line of Fire,Critical,Required
SIF-0057,Incident,Site E,Grinding,"During Grinding, the supervisor verified the relevant Hot Work control and the work proceeded within the approved safe limits. No SIF precursor was identified.",English,NO,No credible SIF precursor,Required controls verified,Hot Work,Low,Not required
SIF-0058,Unsafe Condition,Site F,Pipeline Repair,Worker started Pipeline Repair without confirming effective Energy Isolation controls. The hazard remained exposed and the condition had potential for serious injury or fatality.,English,YES,Unsafe positioning,Barrier failure identified,Energy Isolation,High,Required
SIF-0059,Near-Miss,Site A,Welding Near Hydrocarbon Equipment,A routine inspection of Welding Near Hydrocarbon Equipment found controls in place and personnel outside the hazard zone. The report does not indicate SIF potential.,English,NO,No credible SIF precursor,Required controls verified,Hot Work,Normal,Not required
SIF-0060,Unsafe Condition,Site F,Tank Entry,"During Tank Entry, the required Confined Space control was not verified. Personnel were exposed to a credible high-energy hazard, although no serious injury occurred.",English,YES,Incomplete permit/control,Barrier failure identified,Confined Space,Critical,Required
SIF-0061,Unsafe Condition,Site B,Welding Near Hydrocarbon Equipment,A planned Welding Near Hydrocarbon Equipment task was completed with appropriate supervision and documented Hot Work controls. No credible SIF potential was found.,English,NO,No credible SIF precursor,Approved procedure followed,Hot Work,Normal,Not required
SIF-0062,Near-Miss,Site B,Compressor Maintenance,A barrier failure was identified during Compressor Maintenance. The missing or ineffective Energy Isolation control left workers exposed to a high-consequence hazard.,English,YES,Energy exposure,Near-miss with serious consequence potential,Energy Isolation,High,Required
SIF-0063,Unsafe Act,Site F,Welding Near Hydrocarbon Equipment,"The crew completed Welding Near Hydrocarbon Equipment after confirming permits, barriers, and Hot Work requirements. No significant safety precursor was reported.",English,NO,No credible SIF precursor,Required controls verified,Hot Work,Normal,Not required
SIF-0064,Incident,Site B,Tank Entry,An unsafe act occurred during Tank Entry; the crew proceeded before confirming Confined Space controls. The event had serious-injury potential despite no major consequence.,English,YES,Barrier failure,Barrier failure identified,Confined Space,High,Required
SIF-0065,Unsafe Condition,Site F,Compressor Maintenance,"The crew completed Compressor Maintenance after confirming permits, barriers, and Energy Isolation requirements. No significant safety precursor was reported.",English,NO,No credible SIF precursor,Personnel maintained safe position,Energy Isolation,Normal,Not required
SIF-0066,Near-Miss,Site C,Pipeline Repair,A barrier failure was identified during Pipeline Repair. The missing or ineffective Energy Isolation control left workers exposed to a high-consequence hazard.,English,YES,Control failure,Near-miss with serious consequence potential,Energy Isolation,Critical,Required
SIF-0067,Unsafe Condition,Site C,Pipeline Repair,"During Pipeline Repair, the supervisor verified the relevant Energy Isolation control and the work proceeded within the approved safe limits. No SIF precursor was identified.",English,NO,No credible SIF precursor,Personnel maintained safe position,Energy Isolation,Low,Not required
SIF-0068,Incident,Site E,Pipeline Repair,An unsafe act occurred during Pipeline Repair; the crew proceeded before confirming Energy Isolation controls. The event had serious-injury potential despite no major consequence.,English,YES,Unsafe positioning,Near-miss with serious consequence potential,Energy Isolation,Critical,Required
SIF-0069,Unsafe Act,Site E,Crane Operation,"The crew completed Crane Operation after confirming permits, barriers, and Line of Fire requirements. No significant safety precursor was reported.",English,NO,No credible SIF precursor,No high-consequence exposure identified,Line of Fire,Low,Not required
SIF-0070,Incident,Site A,Vehicle Movement,Worker started Vehicle Movement without confirming effective Line of Fire controls. The hazard remained exposed and the condition had potential for serious injury or fatality.,English,YES,Energy exposure,Permit/control verification incomplete,Line of Fire,High,Required
SIF-0071,Near-Miss,Site A,Electrical Maintenance,"During Electrical Maintenance, the supervisor verified the relevant Energy Isolation control and the work proceeded within the approved safe limits. No SIF precursor was identified.",English,NO,No credible SIF precursor,Personnel maintained safe position,Energy Isolation,Low,Not required
SIF-0072,Near-Miss,Site E,Vehicle Movement,A barrier failure was identified during Vehicle Movement. The missing or ineffective Line of Fire control left workers exposed to a high-consequence hazard.,English,YES,Uncontrolled hazard,Barrier failure identified,Line of Fire,Critical,Required
SIF-0073,Unsafe Condition,Site E,Vehicle Movement,"During Vehicle Movement, the team followed the approved procedure and confirmed Line of Fire controls before starting work. No serious-injury precursor was observed.",English,NO,No credible SIF precursor,Permit and barriers confirmed,Line of Fire,Normal,Not required
SIF-0074,Near-Miss,Site E,Welding Near Hydrocarbon Equipment,A barrier failure was identified during Welding Near Hydrocarbon Equipment. The missing or ineffective Hot Work control left workers exposed to a high-consequence hazard.,English,YES,Energy exposure,Permit/control verification incomplete,Hot Work,High,Required
SIF-0075,Incident,Site B,Vehicle Movement,A planned Vehicle Movement task was completed with appropriate supervision and documented Line of Fire controls. No credible SIF potential was found.,English,NO,No credible SIF precursor,No high-consequence exposure identified,Line of Fire,Normal,Not required
SIF-0076,Incident,Site D,Grinding,The team was preparing for Grinding while the Hot Work control was bypassed or incomplete. The unsafe condition could have resulted in severe harm.,English,YES,Uncontrolled hazard,Permit/control verification incomplete,Hot Work,Critical,Required
SIF-0077,Unsafe Act,Site F,Welding Near Hydrocarbon Equipment,A routine inspection of Welding Near Hydrocarbon Equipment found controls in place and personnel outside the hazard zone. The report does not indicate SIF potential.,English,NO,No credible SIF precursor,No high-consequence exposure identified,Hot Work,Normal,Not required
SIF-0078,Near-Miss,Site B,Pipeline Repair,The team was preparing for Pipeline Repair while the Energy Isolation control was bypassed or incomplete. The unsafe condition could have resulted in severe harm.,English,YES,Control failure,Personnel exposed to high-energy hazard,Energy Isolation,High,Required
SIF-0079,Incident,Site B,Compressor Maintenance,"During Compressor Maintenance, the supervisor verified the relevant Energy Isolation control and the work proceeded within the approved safe limits. No SIF precursor was identified.",English,NO,No credible SIF precursor,Required controls verified,Energy Isolation,Normal,Not required
SIF-0080,Unsafe Condition,Site F,Electrical Maintenance,A barrier failure was identified during Electrical Maintenance. The missing or ineffective Energy Isolation control left workers exposed to a high-consequence hazard.,English,YES,Barrier failure,Unsafe positioning or uncontrolled exposure,Energy Isolation,Critical,Required
SIF-0081,Unsafe Act,Site F,Welding Near Hydrocarbon Equipment,A planned Welding Near Hydrocarbon Equipment task was completed with appropriate supervision and documented Hot Work controls. No credible SIF potential was found.,English,NO,No credible SIF precursor,Required controls verified,Hot Work,Normal,Not required
SIF-0082,Incident,Site B,Tank Entry,Worker started Tank Entry without confirming effective Confined Space controls. The hazard remained exposed and the condition had potential for serious injury or fatality.,English,YES,Control failure,Permit/control verification incomplete,Confined Space,High,Required
SIF-0083,Incident,Site B,Grinding,The report records a normal safety observation during Grinding. Required controls were effective and no high-consequence exposure was identified.,English,NO,No credible SIF precursor,No high-consequence exposure identified,Hot Work,Normal,Not required
SIF-0084,Incident,Site E,Grinding,The report describes a near-miss in Grinding involving inadequate Hot Work controls and uncontrolled exposure. HSE attention was recommended.,English,YES,Unsafe positioning,Personnel exposed to high-energy hazard,Hot Work,Critical,Required
SIF-0085,Near-Miss,Site B,Vehicle Movement,A planned Vehicle Movement task was completed with appropriate supervision and documented Line of Fire controls. No credible SIF potential was found.,English,NO,No credible SIF precursor,No high-consequence exposure identified,Line of Fire,Normal,Not required
SIF-0086,Incident,Site C,Tank Entry,"During Tank Entry, the required Confined Space control was not verified. Personnel were exposed to a credible high-energy hazard, although no serious injury occurred.",English,YES,Barrier failure,Near-miss with serious consequence potential,Confined Space,Critical,Required
SIF-0087,Near-Miss,Site C,Vehicle Movement,"During Vehicle Movement, the supervisor verified the relevant Line of Fire control and the work proceeded within the approved safe limits. No SIF precursor was identified.",English,NO,No credible SIF precursor,Required controls verified,Line of Fire,Low,Not required
SIF-0088,Incident,Site B,Welding Near Hydrocarbon Equipment,A near-miss was observed during Welding Near Hydrocarbon Equipment when Hot Work precautions were incomplete. The report indicates a clear SIF precursor requiring HSE review.,English,YES,Control failure,Near-miss with serious consequence potential,Hot Work,High,Required
SIF-0089,Near-Miss,Site D,Electrical Maintenance,"During Electrical Maintenance, the supervisor verified the relevant Energy Isolation control and the work proceeded within the approved safe limits. No SIF precursor was identified.",English,NO,No credible SIF precursor,Permit and barriers confirmed,Energy Isolation,Normal,Not required
SIF-0090,Incident,Site B,Compressor Maintenance,A barrier failure was identified during Compressor Maintenance. The missing or ineffective Energy Isolation control left workers exposed to a high-consequence hazard.,English,YES,Incomplete permit/control,Permit/control verification incomplete,Energy Isolation,High,Required
SIF-0091,Unsafe Act,Site D,Electrical Maintenance,A routine inspection of Electrical Maintenance found controls in place and personnel outside the hazard zone. The report does not indicate SIF potential.,English,NO,No credible SIF precursor,Personnel maintained safe position,Energy Isolation,Normal,Not required
SIF-0092,Unsafe Condition,Site E,Electrical Maintenance,The report describes a near-miss in Electrical Maintenance involving inadequate Energy Isolation controls and uncontrolled exposure. HSE attention was recommended.,English,YES,Unsafe positioning,Personnel exposed to high-energy hazard,Energy Isolation,Critical,Required
SIF-0093,Incident,Site A,Grinding,A routine inspection of Grinding found controls in place and personnel outside the hazard zone. The report does not indicate SIF potential.,English,NO,No credible SIF precursor,Routine observation with effective controls,Hot Work,Normal,Not required
SIF-0094,Unsafe Condition,Site D,Welding Near Hydrocarbon Equipment,Worker started Welding Near Hydrocarbon Equipment without confirming effective Hot Work controls. The hazard remained exposed and the condition had potential for serious injury or fatality.,English,YES,Control failure,Unsafe positioning or uncontrolled exposure,Hot Work,High,Required
SIF-0095,Incident,Site B,Electrical Maintenance,"During Electrical Maintenance, the team followed the approved procedure and confirmed Energy Isolation controls before starting work. No serious-injury precursor was observed.",English,NO,No credible SIF precursor,Required controls verified,Energy Isolation,Normal,Not required
SIF-0096,Unsafe Condition,Site C,Electrical Maintenance,The report describes a near-miss in Electrical Maintenance involving inadequate Energy Isolation controls and uncontrolled exposure. HSE attention was recommended.,English,YES,Unsafe positioning,Barrier failure identified,Energy Isolation,Critical,Required
SIF-0097,Near-Miss,Site D,Vehicle Movement,A planned Vehicle Movement task was completed with appropriate supervision and documented Line of Fire controls. No credible SIF potential was found.,English,NO,No credible SIF precursor,Required controls verified,Line of Fire,Normal,Not required
SIF-0098,Unsafe Act,Site F,Compressor Maintenance,An unsafe act occurred during Compressor Maintenance; the crew proceeded before confirming Energy Isolation controls. The event had serious-injury potential despite no major consequence.,English,YES,Uncontrolled hazard,Personnel exposed to high-energy hazard,Energy Isolation,High,Required
SIF-0099,Unsafe Condition,Site A,Compressor Maintenance,"During Compressor Maintenance, the team followed the approved procedure and confirmed Energy Isolation controls before starting work. No serious-injury precursor was observed.",English,NO,No credible SIF precursor,Required controls verified,Energy Isolation,Low,Not required
SIF-0100,Incident,Site B,Tank Entry,"During Tank Entry, the required Confined Space control was not verified. Personnel were exposed to a credible high-energy hazard, although no serious injury occurred.",English,YES,Unsafe positioning,Permit/control verification incomplete,Confined Space,High,Required
SIF-0101,Unsafe Condition,Site C,Vehicle Movement,"During Vehicle Movement, the supervisor verified the relevant Line of Fire control and the work proceeded within the approved safe limits. No SIF precursor was identified.",English,NO,No credible SIF precursor,No high-consequence exposure identified,Line of Fire,Low,Not required
SIF-0102,Unsafe Act,Site C,Welding Near Hydrocarbon Equipment,Worker started Welding Near Hydrocarbon Equipment without confirming effective Hot Work controls. The hazard remained exposed and the condition had potential for serious injury or fatality.,English,YES,Unsafe positioning,Barrier failure identified,Hot Work,Critical,Required
SIF-0103,Unsafe Condition,Site A,Tank Entry,Routine Tank Entry was completed with the required Confined Space controls verified and documented. No credible SIF precursor was identified.,English,NO,No credible SIF precursor,Routine observation with effective controls,Confined Space,Normal,Not required
SIF-0104,Unsafe Act,Site A,Crane Operation,An unsafe act occurred during Crane Operation; the crew proceeded before confirming Line of Fire controls. The event had serious-injury potential despite no major consequence.,English,YES,Uncontrolled hazard,Permit/control verification incomplete,Line of Fire,Critical,Required
SIF-0105,Near-Miss,Site A,Lifting Operation,Routine Lifting Operation was completed with the required Line of Fire controls verified and documented. No credible SIF precursor was identified.,English,NO,No credible SIF precursor,Permit and barriers confirmed,Line of Fire,Normal,Not required
SIF-0106,Near-Miss,Site D,Pipeline Repair,The report describes a near-miss in Pipeline Repair involving inadequate Energy Isolation controls and uncontrolled exposure. HSE attention was recommended.,English,YES,Unsafe positioning,Near-miss with serious consequence potential,Energy Isolation,High,Required
SIF-0107,Near-Miss,Site F,Welding Near Hydrocarbon Equipment,"During Welding Near Hydrocarbon Equipment, the supervisor verified the relevant Hot Work control and the work proceeded within the approved safe limits. No SIF precursor was identified.",English,NO,No credible SIF precursor,No high-consequence exposure identified,Hot Work,Normal,Not required
SIF-0108,Near-Miss,Site D,Grinding,An unsafe act occurred during Grinding; the crew proceeded before confirming Hot Work controls. The event had serious-injury potential despite no major consequence.,English,YES,Energy exposure,Personnel exposed to high-energy hazard,Hot Work,High,Required
SIF-0109,Incident,Site B,Grinding,"During Grinding, the supervisor verified the relevant Hot Work control and the work proceeded within the approved safe limits. No SIF precursor was identified.",English,NO,No credible SIF precursor,No high-consequence exposure identified,Hot Work,Normal,Not required
SIF-0110,Incident,Site A,Lifting Operation,An unsafe act occurred during Lifting Operation; the crew proceeded before confirming Line of Fire controls. The event had serious-injury potential despite no major consequence.,English,YES,Barrier failure,Personnel exposed to high-energy hazard,Line of Fire,Critical,Required
SIF-0111,Near-Miss,Site C,Lifting Operation,A routine inspection of Lifting Operation found controls in place and personnel outside the hazard zone. The report does not indicate SIF potential.,English,NO,No credible SIF precursor,No high-consequence exposure identified,Line of Fire,Normal,Not required
SIF-0112,Unsafe Condition,Site A,Vessel Cleaning,"During Vessel Cleaning, the required Confined Space control was not verified. Personnel were exposed to a credible high-energy hazard, although no serious injury occurred.",English,YES,Unsafe positioning,Personnel exposed to high-energy hazard,Confined Space,Critical,Required
SIF-0113,Incident,Site B,Vessel Cleaning,The report records a normal safety observation during Vessel Cleaning. Required controls were effective and no high-consequence exposure was identified.,English,NO,No credible SIF precursor,Routine observation with effective controls,Confined Space,Normal,Not required
SIF-0114,Unsafe Act,Site A,Grinding,"During inspection of Grinding, personnel were found within a hazardous exposure zone without adequate Hot Work protection. Immediate correction was required.",English,YES,Uncontrolled hazard,Personnel exposed to high-energy hazard,Hot Work,Critical,Required
SIF-0115,Near-Miss,Site C,Tank Entry,"The crew completed Tank Entry after confirming permits, barriers, and Confined Space requirements. No significant safety precursor was reported.",English,NO,No credible SIF precursor,No high-consequence exposure identified,Confined Space,Normal,Not required
SIF-0116,Near-Miss,Site F,Electrical Maintenance,An unsafe act occurred during Electrical Maintenance; the crew proceeded before confirming Energy Isolation controls. The event had serious-injury potential despite no major consequence.,English,YES,Energy exposure,Near-miss with serious consequence potential,Energy Isolation,Critical,Required
SIF-0117,Unsafe Condition,Site C,Vehicle Movement,Routine Vehicle Movement was completed with the required Line of Fire controls verified and documented. No credible SIF precursor was identified.,English,NO,No credible SIF precursor,Routine observation with effective controls,Line of Fire,Low,Not required
SIF-0118,Unsafe Condition,Site A,Lifting Operation,The team was preparing for Lifting Operation while the Line of Fire control was bypassed or incomplete. The unsafe condition could have resulted in severe harm.,English,YES,Energy exposure,Personnel exposed to high-energy hazard,Line of Fire,Critical,Required
SIF-0119,Near-Miss,Site E,Crane Operation,Routine Crane Operation was completed with the required Line of Fire controls verified and documented. No credible SIF precursor was identified.,English,NO,No credible SIF precursor,Approved procedure followed,Line of Fire,Normal,Not required
SIF-0120,Unsafe Condition,Site C,Tank Entry,"During inspection of Tank Entry, personnel were found within a hazardous exposure zone without adequate Confined Space protection. Immediate correction was required.",English,YES,Energy exposure,Required control was missing or not verified,Confined Space,High,Required
SIF-0121,Near-Miss,Site A,Compressor Maintenance,The report records a normal safety observation during Compressor Maintenance. Required controls were effective and no high-consequence exposure was identified.,English,NO,No credible SIF precursor,Approved procedure followed,Energy Isolation,Normal,Not required
SIF-0122,Near-Miss,Site A,Pipeline Repair,The report describes a near-miss in Pipeline Repair involving inadequate Energy Isolation controls and uncontrolled exposure. HSE attention was recommended.,English,YES,Energy exposure,Unsafe positioning or uncontrolled exposure,Energy Isolation,Critical,Required
SIF-0123,Near-Miss,Site A,Welding Near Hydrocarbon Equipment,A planned Welding Near Hydrocarbon Equipment task was completed with appropriate supervision and documented Hot Work controls. No credible SIF potential was found.,English,NO,No credible SIF precursor,Permit and barriers confirmed,Hot Work,Low,Not required
SIF-0124,Incident,Site D,Pipeline Repair,"During Pipeline Repair, the required Energy Isolation control was not verified. Personnel were exposed to a credible high-energy hazard, although no serious injury occurred.",English,YES,Barrier failure,Permit/control verification incomplete,Energy Isolation,High,Required
SIF-0125,Near-Miss,Site E,Welding Near Hydrocarbon Equipment,Routine Welding Near Hydrocarbon Equipment was completed with the required Hot Work controls verified and documented. No credible SIF precursor was identified.,English,NO,No credible SIF precursor,Approved procedure followed,Hot Work,Low,Not required
SIF-0126,Unsafe Condition,Site D,Vessel Cleaning,A barrier failure was identified during Vessel Cleaning. The missing or ineffective Confined Space control left workers exposed to a high-consequence hazard.,English,YES,Energy exposure,Unsafe positioning or uncontrolled exposure,Confined Space,Critical,Required
SIF-0127,Near-Miss,Site D,Crane Operation,"During Crane Operation, the supervisor verified the relevant Line of Fire control and the work proceeded within the approved safe limits. No SIF precursor was identified.",English,NO,No credible SIF precursor,No high-consequence exposure identified,Line of Fire,Low,Not required
SIF-0128,Unsafe Act,Site F,Crane Operation,The team was preparing for Crane Operation while the Line of Fire control was bypassed or incomplete. The unsafe condition could have resulted in severe harm.,English,YES,Energy exposure,Near-miss with serious consequence potential,Line of Fire,High,Required
SIF-0129,Unsafe Condition,Site B,Pipeline Repair,"During Pipeline Repair, the team followed the approved procedure and confirmed Energy Isolation controls before starting work. No serious-injury precursor was observed.",English,NO,No credible SIF precursor,No high-consequence exposure identified,Energy Isolation,Low,Not required
SIF-0130,Incident,Site A,Welding Near Hydrocarbon Equipment,The report describes a near-miss in Welding Near Hydrocarbon Equipment involving inadequate Hot Work controls and uncontrolled exposure. HSE attention was recommended.,English,YES,Energy exposure,Near-miss with serious consequence potential,Hot Work,Critical,Required
SIF-0131,Near-Miss,Site B,Compressor Maintenance,The report records a normal safety observation during Compressor Maintenance. Required controls were effective and no high-consequence exposure was identified.,English,NO,No credible SIF precursor,Personnel maintained safe position,Energy Isolation,Normal,Not required
SIF-0132,Unsafe Condition,Site F,Pipeline Repair,"During inspection of Pipeline Repair, personnel were found within a hazardous exposure zone without adequate Energy Isolation protection. Immediate correction was required.",English,YES,Unsafe positioning,Near-miss with serious consequence potential,Energy Isolation,High,Required
SIF-0133,Unsafe Condition,Site E,Pipeline Repair,The report records a normal safety observation during Pipeline Repair. Required controls were effective and no high-consequence exposure was identified.,English,NO,No credible SIF precursor,Approved procedure followed,Energy Isolation,Normal,Not required
SIF-0134,Unsafe Act,Site A,Welding Near Hydrocarbon Equipment,A near-miss was observed during Welding Near Hydrocarbon Equipment when Hot Work precautions were incomplete. The report indicates a clear SIF precursor requiring HSE review.,English,YES,Unsafe positioning,Barrier failure identified,Hot Work,Critical,Required
SIF-0135,Near-Miss,Site D,Pipeline Repair,The report records a normal safety observation during Pipeline Repair. Required controls were effective and no high-consequence exposure was identified.,English,NO,No credible SIF precursor,Permit and barriers confirmed,Energy Isolation,Normal,Not required
SIF-0136,Incident,Site E,Vessel Cleaning,The report describes a near-miss in Vessel Cleaning involving inadequate Confined Space controls and uncontrolled exposure. HSE attention was recommended.,English,YES,Unsafe positioning,Required control was missing or not verified,Confined Space,High,Required
SIF-0137,Near-Miss,Site E,Lifting Operation,Routine Lifting Operation was completed with the required Line of Fire controls verified and documented. No credible SIF precursor was identified.,English,NO,No credible SIF precursor,Required controls verified,Line of Fire,Low,Not required
SIF-0138,Unsafe Act,Site E,Crane Operation,"During inspection of Crane Operation, personnel were found within a hazardous exposure zone without adequate Line of Fire protection. Immediate correction was required.",English,YES,Barrier failure,Permit/control verification incomplete,Line of Fire,High,Required
SIF-0139,Incident,Site E,Grinding,A routine inspection of Grinding found controls in place and personnel outside the hazard zone. The report does not indicate SIF potential.,English,NO,No credible SIF precursor,Approved procedure followed,Hot Work,Normal,Not required
SIF-0140,Incident,Site A,Grinding,An unsafe act occurred during Grinding; the crew proceeded before confirming Hot Work controls. The event had serious-injury potential despite no major consequence.,English,YES,Energy exposure,Unsafe positioning or uncontrolled exposure,Hot Work,Critical,Required
SIF-0141,Near-Miss,Site B,Pipeline Repair,"The crew completed Pipeline Repair after confirming permits, barriers, and Energy Isolation requirements. No significant safety precursor was reported.",English,NO,No credible SIF precursor,Routine observation with effective controls,Energy Isolation,Normal,Not required
SIF-0142,Incident,Site F,Vehicle Movement,Worker started Vehicle Movement without confirming effective Line of Fire controls. The hazard remained exposed and the condition had potential for serious injury or fatality.,English,YES,Energy exposure,Unsafe positioning or uncontrolled exposure,Line of Fire,High,Required
SIF-0143,Unsafe Act,Site C,Vehicle Movement,A planned Vehicle Movement task was completed with appropriate supervision and documented Line of Fire controls. No credible SIF potential was found.,English,NO,No credible SIF precursor,Permit and barriers confirmed,Line of Fire,Low,Not required
SIF-0144,Incident,Site D,Vessel Cleaning,Worker started Vessel Cleaning without confirming effective Confined Space controls. The hazard remained exposed and the condition had potential for serious injury or fatality.,English,YES,Incomplete permit/control,Personnel exposed to high-energy hazard,Confined Space,Critical,Required
SIF-0145,Incident,Site F,Grinding,A planned Grinding task was completed with appropriate supervision and documented Hot Work controls. No credible SIF potential was found.,English,NO,No credible SIF precursor,Required controls verified,Hot Work,Low,Not required
SIF-0146,Unsafe Condition,Site E,Vehicle Movement,"During inspection of Vehicle Movement, personnel were found within a hazardous exposure zone without adequate Line of Fire protection. Immediate correction was required.",English,YES,Control failure,Unsafe positioning or uncontrolled exposure,Line of Fire,Critical,Required
SIF-0147,Unsafe Condition,Site F,Compressor Maintenance,The report records a normal safety observation during Compressor Maintenance. Required controls were effective and no high-consequence exposure was identified.,English,NO,No credible SIF precursor,Approved procedure followed,Energy Isolation,Normal,Not required
SIF-0148,Incident,Site A,Vessel Cleaning,"During Vessel Cleaning, the required Confined Space control was not verified. Personnel were exposed to a credible high-energy hazard, although no serious injury occurred.",English,YES,Unsafe positioning,Personnel exposed to high-energy hazard,Confined Space,High,Required
SIF-0149,Unsafe Condition,Site F,Pipeline Repair,"The crew completed Pipeline Repair after confirming permits, barriers, and Energy Isolation requirements. No significant safety precursor was reported.",English,NO,No credible SIF precursor,Routine observation with effective controls,Energy Isolation,Normal,Not required
SIF-0150,Near-Miss,Site F,Vessel Cleaning,A barrier failure was identified during Vessel Cleaning. The missing or ineffective Confined Space control left workers exposed to a high-consequence hazard.,English,YES,Barrier failure,Unsafe positioning or uncontrolled exposure,Confined Space,Critical,Required
SIF-0151,Unsafe Condition,Site E,Grinding,"The crew completed Grinding after confirming permits, barriers, and Hot Work requirements. No significant safety precursor was reported.",English,NO,No credible SIF precursor,Approved procedure followed,Hot Work,Low,Not required
SIF-0152,Incident,Site C,Pipeline Repair,An unsafe act occurred during Pipeline Repair; the crew proceeded before confirming Energy Isolation controls. The event had serious-injury potential despite no major consequence.,English,YES,Control failure,Permit/control verification incomplete,Energy Isolation,Critical,Required
SIF-0153,Near-Miss,Site F,Vehicle Movement,A planned Vehicle Movement task was completed with appropriate supervision and documented Line of Fire controls. No credible SIF potential was found.,English,NO,No credible SIF precursor,No high-consequence exposure identified,Line of Fire,Normal,Not required
SIF-0154,Incident,Site D,Welding Near Hydrocarbon Equipment,An unsafe act occurred during Welding Near Hydrocarbon Equipment; the crew proceeded before confirming Hot Work controls. The event had serious-injury potential despite no major consequence.,English,YES,Unsafe positioning,Barrier failure identified,Hot Work,Critical,Required
SIF-0155,Unsafe Condition,Site B,Lifting Operation,"During Lifting Operation, the supervisor verified the relevant Line of Fire control and the work proceeded within the approved safe limits. No SIF precursor was identified.",English,NO,No credible SIF precursor,Permit and barriers confirmed,Line of Fire,Low,Not required
SIF-0156,Near-Miss,Site A,Electrical Maintenance,The report describes a near-miss in Electrical Maintenance involving inadequate Energy Isolation controls and uncontrolled exposure. HSE attention was recommended.,English,YES,Unsafe positioning,Near-miss with serious consequence potential,Energy Isolation,Critical,Required
SIF-0157,Unsafe Act,Site D,Welding Near Hydrocarbon Equipment,"During Welding Near Hydrocarbon Equipment, the team followed the approved procedure and confirmed Hot Work controls before starting work. No serious-injury precursor was observed.",English,NO,No credible SIF precursor,No high-consequence exposure identified,Hot Work,Normal,Not required
SIF-0158,Unsafe Act,Site D,Pipeline Repair,The report describes a near-miss in Pipeline Repair involving inadequate Energy Isolation controls and uncontrolled exposure. HSE attention was recommended.,English,YES,Unsafe positioning,Required control was missing or not verified,Energy Isolation,High,Required
SIF-0159,Incident,Site A,Welding Near Hydrocarbon Equipment,A planned Welding Near Hydrocarbon Equipment task was completed with appropriate supervision and documented Hot Work controls. No credible SIF potential was found.,English,NO,No credible SIF precursor,Personnel maintained safe position,Hot Work,Normal,Not required
SIF-0160,Incident,Site F,Crane Operation,"During Crane Operation, the required Line of Fire control was not verified. Personnel were exposed to a credible high-energy hazard, although no serious injury occurred.",English,YES,Energy exposure,Barrier failure identified,Line of Fire,Critical,Required
SIF-0161,Unsafe Act,Site E,Grinding,"During Grinding, the supervisor verified the relevant Hot Work control and the work proceeded within the approved safe limits. No SIF precursor was identified.",English,NO,No credible SIF precursor,Required controls verified,Hot Work,Low,Not required
SIF-0162,Unsafe Act,Site B,Vehicle Movement,A barrier failure was identified during Vehicle Movement. The missing or ineffective Line of Fire control left workers exposed to a high-consequence hazard.,English,YES,Unsafe positioning,Required control was missing or not verified,Line of Fire,High,Required
SIF-0163,Near-Miss,Site F,Welding Near Hydrocarbon Equipment,Routine Welding Near Hydrocarbon Equipment was completed with the required Hot Work controls verified and documented. No credible SIF precursor was identified.,English,NO,No credible SIF precursor,Required controls verified,Hot Work,Normal,Not required
SIF-0164,Near-Miss,Site C,Compressor Maintenance,An unsafe act occurred during Compressor Maintenance; the crew proceeded before confirming Energy Isolation controls. The event had serious-injury potential despite no major consequence.,English,YES,Barrier failure,Unsafe positioning or uncontrolled exposure,Energy Isolation,High,Required
SIF-0165,Unsafe Condition,Site D,Vessel Cleaning,"During Vessel Cleaning, the team followed the approved procedure and confirmed Confined Space controls before starting work. No serious-injury precursor was observed.",English,NO,No credible SIF precursor,Approved procedure followed,Confined Space,Low,Not required
SIF-0166,Unsafe Condition,Site D,Crane Operation,The report describes a near-miss in Crane Operation involving inadequate Line of Fire controls and uncontrolled exposure. HSE attention was recommended.,English,YES,Barrier failure,Permit/control verification incomplete,Line of Fire,High,Required
SIF-0167,Near-Miss,Site F,Grinding,"The crew completed Grinding after confirming permits, barriers, and Hot Work requirements. No significant safety precursor was reported.",English,NO,No credible SIF precursor,Personnel maintained safe position,Hot Work,Low,Not required
SIF-0168,Unsafe Condition,Site C,Grinding,"During Grinding, the required Hot Work control was not verified. Personnel were exposed to a credible high-energy hazard, although no serious injury occurred.",English,YES,Incomplete permit/control,Unsafe positioning or uncontrolled exposure,Hot Work,Critical,Required
SIF-0169,Incident,Site F,Vehicle Movement,The report records a normal safety observation during Vehicle Movement. Required controls were effective and no high-consequence exposure was identified.,English,NO,No credible SIF precursor,Personnel maintained safe position,Line of Fire,Normal,Not required
SIF-0170,Incident,Site B,Vehicle Movement,The report describes a near-miss in Vehicle Movement involving inadequate Line of Fire controls and uncontrolled exposure. HSE attention was recommended.,English,YES,Unsafe positioning,Required control was missing or not verified,Line of Fire,High,Required
SIF-0171,Near-Miss,Site C,Crane Operation,The report records a normal safety observation during Crane Operation. Required controls were effective and no high-consequence exposure was identified.,English,NO,No credible SIF precursor,Personnel maintained safe position,Line of Fire,Low,Not required
SIF-0172,Unsafe Act,Site C,Electrical Maintenance,Worker started Electrical Maintenance without confirming effective Energy Isolation controls. The hazard remained exposed and the condition had potential for serious injury or fatality.,English,YES,Energy exposure,Permit/control verification incomplete,Energy Isolation,Critical,Required
SIF-0173,Near-Miss,Site E,Tank Entry,"During Tank Entry, the team followed the approved procedure and confirmed Confined Space controls before starting work. No serious-injury precursor was observed.",English,NO,No credible SIF precursor,Routine observation with effective controls,Confined Space,Low,Not required
SIF-0174,Unsafe Condition,Site C,Crane Operation,"During Crane Operation, the required Line of Fire control was not verified. Personnel were exposed to a credible high-energy hazard, although no serious injury occurred.",English,YES,Energy exposure,Near-miss with serious consequence potential,Line of Fire,High,Required
SIF-0175,Near-Miss,Site A,Grinding,The report records a normal safety observation during Grinding. Required controls were effective and no high-consequence exposure was identified.,English,NO,No credible SIF precursor,Approved procedure followed,Hot Work,Low,Not required
SIF-0176,Incident,Site C,Vehicle Movement,A near-miss was observed during Vehicle Movement when Line of Fire precautions were incomplete. The report indicates a clear SIF precursor requiring HSE review.,English,YES,Incomplete permit/control,Personnel exposed to high-energy hazard,Line of Fire,High,Required
SIF-0177,Near-Miss,Site E,Lifting Operation,A planned Lifting Operation task was completed with appropriate supervision and documented Line of Fire controls. No credible SIF potential was found.,English,NO,No credible SIF precursor,Approved procedure followed,Line of Fire,Normal,Not required
SIF-0178,Near-Miss,Site C,Grinding,"During Grinding, the required Hot Work control was not verified. Personnel were exposed to a credible high-energy hazard, although no serious injury occurred.",English,YES,Barrier failure,Unsafe positioning or uncontrolled exposure,Hot Work,High,Required
SIF-0179,Incident,Site F,Tank Entry,A planned Tank Entry task was completed with appropriate supervision and documented Confined Space controls. No credible SIF potential was found.,English,NO,No credible SIF precursor,No high-consequence exposure identified,Confined Space,Normal,Not required
SIF-0180,Unsafe Act,Site D,Pipeline Repair,"During inspection of Pipeline Repair, personnel were found within a hazardous exposure zone without adequate Energy Isolation protection. Immediate correction was required.",English,YES,Unsafe positioning,Permit/control verification incomplete,Energy Isolation,High,Required
SIF-0181,Near-Miss,Site F,Lifting Operation,"During Lifting Operation, the supervisor verified the relevant Line of Fire control and the work proceeded within the approved safe limits. No SIF precursor was identified.",English,NO,No credible SIF precursor,Permit and barriers confirmed,Line of Fire,Normal,Not required
SIF-0182,Unsafe Condition,Site F,Pipeline Repair,The report describes a near-miss in Pipeline Repair involving inadequate Energy Isolation controls and uncontrolled exposure. HSE attention was recommended.,English,YES,Incomplete permit/control,Required control was missing or not verified,Energy Isolation,Critical,Required
SIF-0183,Unsafe Act,Site F,Tank Entry,The report records a normal safety observation during Tank Entry. Required controls were effective and no high-consequence exposure was identified.,English,NO,No credible SIF precursor,Permit and barriers confirmed,Confined Space,Normal,Not required
SIF-0184,Unsafe Condition,Site A,Electrical Maintenance,Worker started Electrical Maintenance without confirming effective Energy Isolation controls. The hazard remained exposed and the condition had potential for serious injury or fatality.,English,YES,Unsafe positioning,Required control was missing or not verified,Energy Isolation,Critical,Required
SIF-0185,Unsafe Condition,Site A,Pipeline Repair,"During Pipeline Repair, the supervisor verified the relevant Energy Isolation control and the work proceeded within the approved safe limits. No SIF precursor was identified.",English,NO,No credible SIF precursor,Approved procedure followed,Energy Isolation,Normal,Not required
SIF-0186,Incident,Site C,Grinding,A near-miss was observed during Grinding when Hot Work precautions were incomplete. The report indicates a clear SIF precursor requiring HSE review.,English,YES,Unsafe positioning,Unsafe positioning or uncontrolled exposure,Hot Work,High,Required
SIF-0187,Near-Miss,Site D,Crane Operation,Routine Crane Operation was completed with the required Line of Fire controls verified and documented. No credible SIF precursor was identified.,English,NO,No credible SIF precursor,Routine observation with effective controls,Line of Fire,Normal,Not required
SIF-0188,Incident,Site D,Tank Entry,The team was preparing for Tank Entry while the Confined Space control was bypassed or incomplete. The unsafe condition could have resulted in severe harm.,English,YES,Uncontrolled hazard,Barrier failure identified,Confined Space,High,Required
SIF-0189,Near-Miss,Site E,Lifting Operation,Routine Lifting Operation was completed with the required Line of Fire controls verified and documented. No credible SIF precursor was identified.,English,NO,No credible SIF precursor,Permit and barriers confirmed,Line of Fire,Normal,Not required
SIF-0190,Incident,Site A,Tank Entry,"During Tank Entry, the required Confined Space control was not verified. Personnel were exposed to a credible high-energy hazard, although no serious injury occurred.",English,YES,Uncontrolled hazard,Near-miss with serious consequence potential,Confined Space,High,Required
SIF-0191,Unsafe Act,Site A,Crane Operation,A planned Crane Operation task was completed with appropriate supervision and documented Line of Fire controls. No credible SIF potential was found.,English,NO,No credible SIF precursor,Personnel maintained safe position,Line of Fire,Low,Not required
SIF-0192,Unsafe Condition,Site E,Welding Near Hydrocarbon Equipment,"During Welding Near Hydrocarbon Equipment, the required Hot Work control was not verified. Personnel were exposed to a credible high-energy hazard, although no serious injury occurred.",English,YES,Incomplete permit/control,Permit/control verification incomplete,Hot Work,High,Required
SIF-0193,Near-Miss,Site B,Tank Entry,A planned Tank Entry task was completed with appropriate supervision and documented Confined Space controls. No credible SIF potential was found.,English,NO,No credible SIF precursor,Approved procedure followed,Confined Space,Low,Not required
SIF-0194,Unsafe Condition,Site B,Vehicle Movement,"During inspection of Vehicle Movement, personnel were found within a hazardous exposure zone without adequate Line of Fire protection. Immediate correction was required.",English,YES,Uncontrolled hazard,Personnel exposed to high-energy hazard,Line of Fire,High,Required
SIF-0195,Unsafe Act,Site B,Compressor Maintenance,A routine inspection of Compressor Maintenance found controls in place and personnel outside the hazard zone. The report does not indicate SIF potential.,English,NO,No credible SIF precursor,Approved procedure followed,Energy Isolation,Normal,Not required
SIF-0196,Near-Miss,Site B,Compressor Maintenance,Worker started Compressor Maintenance without confirming effective Energy Isolation controls. The hazard remained exposed and the condition had potential for serious injury or fatality.,English,YES,Incomplete permit/control,Personnel exposed to high-energy hazard,Energy Isolation,Critical,Required
SIF-0197,Unsafe Act,Site F,Pipeline Repair,"The crew completed Pipeline Repair after confirming permits, barriers, and Energy Isolation requirements. No significant safety precursor was reported.",English,NO,No credible SIF precursor,Permit and barriers confirmed,Energy Isolation,Normal,Not required
SIF-0198,Unsafe Act,Site E,Vessel Cleaning,The report describes a near-miss in Vessel Cleaning involving inadequate Confined Space controls and uncontrolled exposure. HSE attention was recommended.,English,YES,Incomplete permit/control,Permit/control verification incomplete,Confined Space,High,Required
SIF-0199,Near-Miss,Site F,Compressor Maintenance,"The crew completed Compressor Maintenance after confirming permits, barriers, and Energy Isolation requirements. No significant safety precursor was reported.",English,NO,No credible SIF precursor,Routine observation with effective controls,Energy Isolation,Low,Not required
SIF-0200,Incident,Site D,Compressor Maintenance,A barrier failure was identified during Compressor Maintenance. The missing or ineffective Energy Isolation control left workers exposed to a high-consequence hazard.,English,YES,Unsafe positioning,Near-miss with serious consequence potential,Energy Isolation,High,Required
SIF-0201,Unsafe Act,Site A,Grinding,A routine inspection of Grinding found controls in place and personnel outside the hazard zone. The report does not indicate SIF potential.,English,NO,No credible SIF precursor,No high-consequence exposure identified,Hot Work,Low,Not required
SIF-0202,Near-Miss,Site B,Pipeline Repair,An unsafe act occurred during Pipeline Repair; the crew proceeded before confirming Energy Isolation controls. The event had serious-injury potential despite no major consequence.,English,YES,Unsafe positioning,Unsafe positioning or uncontrolled exposure,Energy Isolation,Critical,Required
SIF-0203,Incident,Site E,Vessel Cleaning,Routine Vessel Cleaning was completed with the required Confined Space controls verified and documented. No credible SIF precursor was identified.,English,NO,No credible SIF precursor,Routine observation with effective controls,Confined Space,Low,Not required
SIF-0204,Unsafe Condition,Site F,Vessel Cleaning,A barrier failure was identified during Vessel Cleaning. The missing or ineffective Confined Space control left workers exposed to a high-consequence hazard.,English,YES,Unsafe positioning,Unsafe positioning or uncontrolled exposure,Confined Space,High,Required
SIF-0205,Incident,Site D,Lifting Operation,"The crew completed Lifting Operation after confirming permits, barriers, and Line of Fire requirements. No significant safety precursor was reported.",English,NO,No credible SIF precursor,Routine observation with effective controls,Line of Fire,Low,Not required
SIF-0206,Near-Miss,Site D,Lifting Operation,"During inspection of Lifting Operation, personnel were found within a hazardous exposure zone without adequate Line of Fire protection. Immediate correction was required.",English,YES,Uncontrolled hazard,Barrier failure identified,Line of Fire,High,Required
SIF-0207,Unsafe Act,Site A,Grinding,A planned Grinding task was completed with appropriate supervision and documented Hot Work controls. No credible SIF potential was found.,English,NO,No credible SIF precursor,Required controls verified,Hot Work,Low,Not required
SIF-0208,Near-Miss,Site A,Electrical Maintenance,A near-miss was observed during Electrical Maintenance when Energy Isolation precautions were incomplete. The report indicates a clear SIF precursor requiring HSE review.,English,YES,Incomplete permit/control,Permit/control verification incomplete,Energy Isolation,High,Required
SIF-0209,Near-Miss,Site E,Vessel Cleaning,The report records a normal safety observation during Vessel Cleaning. Required controls were effective and no high-consequence exposure was identified.,English,NO,No credible SIF precursor,Required controls verified,Confined Space,Normal,Not required
SIF-0210,Incident,Site F,Lifting Operation,Worker started Lifting Operation without confirming effective Line of Fire controls. The hazard remained exposed and the condition had potential for serious injury or fatality.,English,YES,Energy exposure,Barrier failure identified,Line of Fire,Critical,Required
SIF-0211,Unsafe Condition,Site E,Pipeline Repair,"During Pipeline Repair, the team followed the approved procedure and confirmed Energy Isolation controls before starting work. No serious-injury precursor was observed.",English,NO,No credible SIF precursor,Routine observation with effective controls,Energy Isolation,Normal,Not required
SIF-0212,Near-Miss,Site A,Tank Entry,An unsafe act occurred during Tank Entry; the crew proceeded before confirming Confined Space controls. The event had serious-injury potential despite no major consequence.,English,YES,Incomplete permit/control,Required control was missing or not verified,Confined Space,Critical,Required
SIF-0213,Unsafe Act,Site D,Tank Entry,"During Tank Entry, the supervisor verified the relevant Confined Space control and the work proceeded within the approved safe limits. No SIF precursor was identified.",English,NO,No credible SIF precursor,Routine observation with effective controls,Confined Space,Normal,Not required
SIF-0214,Near-Miss,Site B,Compressor Maintenance,"During inspection of Compressor Maintenance, personnel were found within a hazardous exposure zone without adequate Energy Isolation protection. Immediate correction was required.",English,YES,Control failure,Barrier failure identified,Energy Isolation,Critical,Required
SIF-0215,Incident,Site B,Welding Near Hydrocarbon Equipment,Routine Welding Near Hydrocarbon Equipment was completed with the required Hot Work controls verified and documented. No credible SIF precursor was identified.,English,NO,No credible SIF precursor,Approved procedure followed,Hot Work,Low,Not required
SIF-0216,Unsafe Condition,Site F,Pipeline Repair,A barrier failure was identified during Pipeline Repair. The missing or ineffective Energy Isolation control left workers exposed to a high-consequence hazard.,English,YES,Energy exposure,Unsafe positioning or uncontrolled exposure,Energy Isolation,Critical,Required
SIF-0217,Near-Miss,Site C,Welding Near Hydrocarbon Equipment,The report records a normal safety observation during Welding Near Hydrocarbon Equipment. Required controls were effective and no high-consequence exposure was identified.,English,NO,No credible SIF precursor,Personnel maintained safe position,Hot Work,Low,Not required
SIF-0218,Unsafe Condition,Site B,Compressor Maintenance,Worker started Compressor Maintenance without confirming effective Energy Isolation controls. The hazard remained exposed and the condition had potential for serious injury or fatality.,English,YES,Energy exposure,Near-miss with serious consequence potential,Energy Isolation,High,Required
SIF-0219,Incident,Site F,Grinding,"The crew completed Grinding after confirming permits, barriers, and Hot Work requirements. No significant safety precursor was reported.",English,NO,No credible SIF precursor,No high-consequence exposure identified,Hot Work,Normal,Not required
SIF-0220,Unsafe Condition,Site C,Electrical Maintenance,"During Electrical Maintenance, the required Energy Isolation control was not verified. Personnel were exposed to a credible high-energy hazard, although no serious injury occurred.",English,YES,Control failure,Barrier failure identified,Energy Isolation,Critical,Required
SIF-0221,Incident,Site F,Vehicle Movement,"During Vehicle Movement, the supervisor verified the relevant Line of Fire control and the work proceeded within the approved safe limits. No SIF precursor was identified.",English,NO,No credible SIF precursor,Routine observation with effective controls,Line of Fire,Normal,Not required
SIF-0222,Incident,Site B,Compressor Maintenance,Worker started Compressor Maintenance without confirming effective Energy Isolation controls. The hazard remained exposed and the condition had potential for serious injury or fatality.,English,YES,Energy exposure,Required control was missing or not verified,Energy Isolation,High,Required
SIF-0223,Near-Miss,Site B,Tank Entry,A routine inspection of Tank Entry found controls in place and personnel outside the hazard zone. The report does not indicate SIF potential.,English,NO,No credible SIF precursor,Personnel maintained safe position,Confined Space,Low,Not required
SIF-0224,Incident,Site D,Compressor Maintenance,A near-miss was observed during Compressor Maintenance when Energy Isolation precautions were incomplete. The report indicates a clear SIF precursor requiring HSE review.,English,YES,Incomplete permit/control,Personnel exposed to high-energy hazard,Energy Isolation,Critical,Required
SIF-0225,Near-Miss,Site E,Tank Entry,Routine Tank Entry was completed with the required Confined Space controls verified and documented. No credible SIF precursor was identified.,English,NO,No credible SIF precursor,Permit and barriers confirmed,Confined Space,Low,Not required
SIF-0226,Incident,Site A,Electrical Maintenance,"During Electrical Maintenance, the required Energy Isolation control was not verified. Personnel were exposed to a credible high-energy hazard, although no serious injury occurred.",English,YES,Incomplete permit/control,Barrier failure identified,Energy Isolation,Critical,Required
SIF-0227,Incident,Site F,Electrical Maintenance,A routine inspection of Electrical Maintenance found controls in place and personnel outside the hazard zone. The report does not indicate SIF potential.,English,NO,No credible SIF precursor,Required controls verified,Energy Isolation,Normal,Not required
SIF-0228,Unsafe Condition,Site C,Compressor Maintenance,The report describes a near-miss in Compressor Maintenance involving inadequate Energy Isolation controls and uncontrolled exposure. HSE attention was recommended.,English,YES,Control failure,Near-miss with serious consequence potential,Energy Isolation,Critical,Required
SIF-0229,Unsafe Condition,Site A,Electrical Maintenance,"The crew completed Electrical Maintenance after confirming permits, barriers, and Energy Isolation requirements. No significant safety precursor was reported.",English,NO,No credible SIF precursor,No high-consequence exposure identified,Energy Isolation,Normal,Not required
SIF-0230,Incident,Site A,Vessel Cleaning,"During inspection of Vessel Cleaning, personnel were found within a hazardous exposure zone without adequate Confined Space protection. Immediate correction was required.",English,YES,Barrier failure,Near-miss with serious consequence potential,Confined Space,Critical,Required
SIF-0231,Unsafe Act,Site B,Lifting Operation,"During Lifting Operation, the supervisor verified the relevant Line of Fire control and the work proceeded within the approved safe limits. No SIF precursor was identified.",English,NO,No credible SIF precursor,Routine observation with effective controls,Line of Fire,Low,Not required
SIF-0232,Unsafe Condition,Site E,Vessel Cleaning,An unsafe act occurred during Vessel Cleaning; the crew proceeded before confirming Confined Space controls. The event had serious-injury potential despite no major consequence.,English,YES,Barrier failure,Barrier failure identified,Confined Space,High,Required
SIF-0233,Near-Miss,Site B,Pipeline Repair,"During Pipeline Repair, the team followed the approved procedure and confirmed Energy Isolation controls before starting work. No serious-injury precursor was observed.",English,NO,No credible SIF precursor,Approved procedure followed,Energy Isolation,Low,Not required
SIF-0234,Incident,Site B,Pipeline Repair,The report describes a near-miss in Pipeline Repair involving inadequate Energy Isolation controls and uncontrolled exposure. HSE attention was recommended.,English,YES,Uncontrolled hazard,Permit/control verification incomplete,Energy Isolation,Critical,Required
SIF-0235,Near-Miss,Site F,Crane Operation,A planned Crane Operation task was completed with appropriate supervision and documented Line of Fire controls. No credible SIF potential was found.,English,NO,No credible SIF precursor,Routine observation with effective controls,Line of Fire,Normal,Not required
SIF-0236,Unsafe Act,Site D,Welding Near Hydrocarbon Equipment,The report describes a near-miss in Welding Near Hydrocarbon Equipment involving inadequate Hot Work controls and uncontrolled exposure. HSE attention was recommended.,English,YES,Energy exposure,Unsafe positioning or uncontrolled exposure,Hot Work,Critical,Required
SIF-0237,Near-Miss,Site A,Crane Operation,"During Crane Operation, the supervisor verified the relevant Line of Fire control and the work proceeded within the approved safe limits. No SIF precursor was identified.",English,NO,No credible SIF precursor,Required controls verified,Line of Fire,Normal,Not required
SIF-0238,Unsafe Act,Site D,Grinding,Worker started Grinding without confirming effective Hot Work controls. The hazard remained exposed and the condition had potential for serious injury or fatality.,English,YES,Control failure,Barrier failure identified,Hot Work,Critical,Required
SIF-0239,Incident,Site E,Pipeline Repair,"The crew completed Pipeline Repair after confirming permits, barriers, and Energy Isolation requirements. No significant safety precursor was reported.",English,NO,No credible SIF precursor,No high-consequence exposure identified,Energy Isolation,Low,Not required
SIF-0240,Unsafe Condition,Site E,Grinding,An unsafe act occurred during Grinding; the crew proceeded before confirming Hot Work controls. The event had serious-injury potential despite no major consequence.,English,YES,Incomplete permit/control,Permit/control verification incomplete,Hot Work,Critical,Required
SIF-0241,Incident,Site A,Welding Near Hydrocarbon Equipment,Routine Welding Near Hydrocarbon Equipment was completed with the required Hot Work controls verified and documented. No credible SIF precursor was identified.,English,NO,No credible SIF precursor,Personnel maintained safe position,Hot Work,Low,Not required
SIF-0242,Unsafe Condition,Site F,Vessel Cleaning,Worker started Vessel Cleaning without confirming effective Confined Space controls. The hazard remained exposed and the condition had potential for serious injury or fatality.,English,YES,Unsafe positioning,Personnel exposed to high-energy hazard,Confined Space,Critical,Required
SIF-0243,Unsafe Condition,Site E,Vessel Cleaning,A routine inspection of Vessel Cleaning found controls in place and personnel outside the hazard zone. The report does not indicate SIF potential.,English,NO,No credible SIF precursor,Personnel maintained safe position,Confined Space,Normal,Not required
SIF-0244,Near-Miss,Site D,Electrical Maintenance,Worker started Electrical Maintenance without confirming effective Energy Isolation controls. The hazard remained exposed and the condition had potential for serious injury or fatality.,English,YES,Control failure,Near-miss with serious consequence potential,Energy Isolation,Critical,Required
SIF-0245,Incident,Site A,Lifting Operation,A routine inspection of Lifting Operation found controls in place and personnel outside the hazard zone. The report does not indicate SIF potential.,English,NO,No credible SIF precursor,Personnel maintained safe position,Line of Fire,Low,Not required
SIF-0246,Unsafe Condition,Site A,Lifting Operation,An unsafe act occurred during Lifting Operation; the crew proceeded before confirming Line of Fire controls. The event had serious-injury potential despite no major consequence.,English,YES,Barrier failure,Barrier failure identified,Line of Fire,Critical,Required
SIF-0247,Unsafe Act,Site F,Crane Operation,A routine inspection of Crane Operation found controls in place and personnel outside the hazard zone. The report does not indicate SIF potential.,English,NO,No credible SIF precursor,No high-consequence exposure identified,Line of Fire,Normal,Not required
SIF-0248,Unsafe Act,Site B,Lifting Operation,A barrier failure was identified during Lifting Operation. The missing or ineffective Line of Fire control left workers exposed to a high-consequence hazard.,English,YES,Control failure,Permit/control verification incomplete,Line of Fire,Critical,Required
SIF-0249,Unsafe Condition,Site C,Lifting Operation,"During Lifting Operation, the team followed the approved procedure and confirmed Line of Fire controls before starting work. No serious-injury precursor was observed.",English,NO,No credible SIF precursor,Personnel maintained safe position,Line of Fire,Normal,Not required
SIF-0250,Unsafe Condition,Site B,Tank Entry,A near-miss was observed during Tank Entry when Confined Space precautions were incomplete. The report indicates a clear SIF precursor requiring HSE review.,English,YES,Control failure,Required control was missing or not verified,Confined Space,Critical,Required
SIF-0251,Unsafe Act,Site E,Vessel Cleaning,The report records a normal safety observation during Vessel Cleaning. Required controls were effective and no high-consequence exposure was identified.,English,NO,No credible SIF precursor,Personnel maintained safe position,Confined Space,Low,Not required
SIF-0252,Unsafe Condition,Site D,Crane Operation,A near-miss was observed during Crane Operation when Line of Fire precautions were incomplete. The report indicates a clear SIF precursor requiring HSE review.,English,YES,Uncontrolled hazard,Personnel exposed to high-energy hazard,Line of Fire,High,Required
SIF-0253,Incident,Site A,Grinding,A routine inspection of Grinding found controls in place and personnel outside the hazard zone. The report does not indicate SIF potential.,English,NO,No credible SIF precursor,Routine observation with effective controls,Hot Work,Low,Not required
SIF-0254,Near-Miss,Site E,Grinding,The report describes a near-miss in Grinding involving inadequate Hot Work controls and uncontrolled exposure. HSE attention was recommended.,English,YES,Energy exposure,Personnel exposed to high-energy hazard,Hot Work,High,Required
SIF-0255,Near-Miss,Site B,Grinding,The report records a normal safety observation during Grinding. Required controls were effective and no high-consequence exposure was identified.,English,NO,No credible SIF precursor,No high-consequence exposure identified,Hot Work,Normal,Not required
SIF-0256,Incident,Site C,Grinding,A barrier failure was identified during Grinding. The missing or ineffective Hot Work control left workers exposed to a high-consequence hazard.,English,YES,Incomplete permit/control,Personnel exposed to high-energy hazard,Hot Work,High,Required
SIF-0257,Unsafe Act,Site C,Welding Near Hydrocarbon Equipment,The report records a normal safety observation during Welding Near Hydrocarbon Equipment. Required controls were effective and no high-consequence exposure was identified.,English,NO,No credible SIF precursor,Permit and barriers confirmed,Hot Work,Normal,Not required
SIF-0258,Unsafe Act,Site A,Vessel Cleaning,"During inspection of Vessel Cleaning, personnel were found within a hazardous exposure zone without adequate Confined Space protection. Immediate correction was required.",English,YES,Energy exposure,Required control was missing or not verified,Confined Space,High,Required
SIF-0259,Unsafe Condition,Site E,Grinding,A planned Grinding task was completed with appropriate supervision and documented Hot Work controls. No credible SIF potential was found.,English,NO,No credible SIF precursor,Permit and barriers confirmed,Hot Work,Low,Not required
SIF-0260,Near-Miss,Site D,Tank Entry,Worker started Tank Entry without confirming effective Confined Space controls. The hazard remained exposed and the condition had potential for serious injury or fatality.,English,YES,Unsafe positioning,Unsafe positioning or uncontrolled exposure,Confined Space,High,Required
SIF-0261,Unsafe Condition,Site C,Vessel Cleaning,"The crew completed Vessel Cleaning after confirming permits, barriers, and Confined Space requirements. No significant safety precursor was reported.",English,NO,No credible SIF precursor,Required controls verified,Confined Space,Normal,Not required
SIF-0262,Near-Miss,Site A,Tank Entry,"During Tank Entry, the required Confined Space control was not verified. Personnel were exposed to a credible high-energy hazard, although no serious injury occurred.",English,YES,Barrier failure,Near-miss with serious consequence potential,Confined Space,Critical,Required
SIF-0263,Near-Miss,Site A,Welding Near Hydrocarbon Equipment,A planned Welding Near Hydrocarbon Equipment task was completed with appropriate supervision and documented Hot Work controls. No credible SIF potential was found.,English,NO,No credible SIF precursor,Permit and barriers confirmed,Hot Work,Low,Not required
SIF-0264,Unsafe Act,Site D,Grinding,"During Grinding, the required Hot Work control was not verified. Personnel were exposed to a credible high-energy hazard, although no serious injury occurred.",English,YES,Barrier failure,Required control was missing or not verified,Hot Work,Critical,Required
SIF-0265,Incident,Site E,Welding Near Hydrocarbon Equipment,Routine Welding Near Hydrocarbon Equipment was completed with the required Hot Work controls verified and documented. No credible SIF precursor was identified.,English,NO,No credible SIF precursor,Personnel maintained safe position,Hot Work,Low,Not required
SIF-0266,Unsafe Act,Site A,Vehicle Movement,The team was preparing for Vehicle Movement while the Line of Fire control was bypassed or incomplete. The unsafe condition could have resulted in severe harm.,English,YES,Control failure,Unsafe positioning or uncontrolled exposure,Line of Fire,Critical,Required
SIF-0267,Unsafe Act,Site D,Pipeline Repair,The report records a normal safety observation during Pipeline Repair. Required controls were effective and no high-consequence exposure was identified.,English,NO,No credible SIF precursor,No high-consequence exposure identified,Energy Isolation,Low,Not required
SIF-0268,Incident,Site C,Welding Near Hydrocarbon Equipment,Worker started Welding Near Hydrocarbon Equipment without confirming effective Hot Work controls. The hazard remained exposed and the condition had potential for serious injury or fatality.,English,YES,Barrier failure,Permit/control verification incomplete,Hot Work,Critical,Required
SIF-0269,Unsafe Condition,Site D,Crane Operation,The report records a normal safety observation during Crane Operation. Required controls were effective and no high-consequence exposure was identified.,English,NO,No credible SIF precursor,Routine observation with effective controls,Line of Fire,Low,Not required
SIF-0270,Unsafe Act,Site C,Vessel Cleaning,Worker started Vessel Cleaning without confirming effective Confined Space controls. The hazard remained exposed and the condition had potential for serious injury or fatality.,English,YES,Control failure,Unsafe positioning or uncontrolled exposure,Confined Space,Critical,Required
SIF-0271,Near-Miss,Site C,Electrical Maintenance,The report records a normal safety observation during Electrical Maintenance. Required controls were effective and no high-consequence exposure was identified.,English,NO,No credible SIF precursor,Required controls verified,Energy Isolation,Normal,Not required
SIF-0272,Unsafe Condition,Site C,Pipeline Repair,"During Pipeline Repair, the required Energy Isolation control was not verified. Personnel were exposed to a credible high-energy hazard, although no serious injury occurred.",English,YES,Barrier failure,Permit/control verification incomplete,Energy Isolation,Critical,Required
SIF-0273,Near-Miss,Site C,Compressor Maintenance,A planned Compressor Maintenance task was completed with appropriate supervision and documented Energy Isolation controls. No credible SIF potential was found.,English,NO,No credible SIF precursor,Routine observation with effective controls,Energy Isolation,Low,Not required
SIF-0274,Incident,Site F,Grinding,A near-miss was observed during Grinding when Hot Work precautions were incomplete. The report indicates a clear SIF precursor requiring HSE review.,English,YES,Uncontrolled hazard,Personnel exposed to high-energy hazard,Hot Work,High,Required
SIF-0275,Near-Miss,Site A,Grinding,"During Grinding, the team followed the approved procedure and confirmed Hot Work controls before starting work. No serious-injury precursor was observed.",English,NO,No credible SIF precursor,Required controls verified,Hot Work,Low,Not required
SIF-0276,Near-Miss,Site C,Compressor Maintenance,A barrier failure was identified during Compressor Maintenance. The missing or ineffective Energy Isolation control left workers exposed to a high-consequence hazard.,English,YES,Energy exposure,Permit/control verification incomplete,Energy Isolation,Critical,Required
SIF-0277,Unsafe Condition,Site F,Compressor Maintenance,A routine inspection of Compressor Maintenance found controls in place and personnel outside the hazard zone. The report does not indicate SIF potential.,English,NO,No credible SIF precursor,Personnel maintained safe position,Energy Isolation,Low,Not required
SIF-0278,Unsafe Act,Site C,Lifting Operation,An unsafe act occurred during Lifting Operation; the crew proceeded before confirming Line of Fire controls. The event had serious-injury potential despite no major consequence.,English,YES,Uncontrolled hazard,Unsafe positioning or uncontrolled exposure,Line of Fire,Critical,Required
SIF-0279,Near-Miss,Site D,Grinding,"During Grinding, the team followed the approved procedure and confirmed Hot Work controls before starting work. No serious-injury precursor was observed.",English,NO,No credible SIF precursor,Permit and barriers confirmed,Hot Work,Normal,Not required
SIF-0280,Near-Miss,Site E,Lifting Operation,"During Lifting Operation, the required Line of Fire control was not verified. Personnel were exposed to a credible high-energy hazard, although no serious injury occurred.",English,YES,Control failure,Near-miss with serious consequence potential,Line of Fire,Critical,Required
SIF-0281,Unsafe Condition,Site E,Electrical Maintenance,"During Electrical Maintenance, the supervisor verified the relevant Energy Isolation control and the work proceeded within the approved safe limits. No SIF precursor was identified.",English,NO,No credible SIF precursor,Personnel maintained safe position,Energy Isolation,Normal,Not required
SIF-0282,Near-Miss,Site A,Pipeline Repair,"During inspection of Pipeline Repair, personnel were found within a hazardous exposure zone without adequate Energy Isolation protection. Immediate correction was required.",English,YES,Incomplete permit/control,Barrier failure identified,Energy Isolation,Critical,Required
SIF-0283,Incident,Site B,Electrical Maintenance,A routine inspection of Electrical Maintenance found controls in place and personnel outside the hazard zone. The report does not indicate SIF potential.,English,NO,No credible SIF precursor,Permit and barriers confirmed,Energy Isolation,Low,Not required
SIF-0284,Incident,Site E,Lifting Operation,"During inspection of Lifting Operation, personnel were found within a hazardous exposure zone without adequate Line of Fire protection. Immediate correction was required.",English,YES,Control failure,Near-miss with serious consequence potential,Line of Fire,High,Required
SIF-0285,Unsafe Condition,Site C,Electrical Maintenance,Routine Electrical Maintenance was completed with the required Energy Isolation controls verified and documented. No credible SIF precursor was identified.,English,NO,No credible SIF precursor,Approved procedure followed,Energy Isolation,Normal,Not required
SIF-0286,Unsafe Act,Site B,Compressor Maintenance,The team was preparing for Compressor Maintenance while the Energy Isolation control was bypassed or incomplete. The unsafe condition could have resulted in severe harm.,English,YES,Energy exposure,Near-miss with serious consequence potential,Energy Isolation,Critical,Required
SIF-0287,Unsafe Act,Site E,Electrical Maintenance,"During Electrical Maintenance, the supervisor verified the relevant Energy Isolation control and the work proceeded within the approved safe limits. No SIF precursor was identified.",English,NO,No credible SIF precursor,Approved procedure followed,Energy Isolation,Normal,Not required
SIF-0288,Incident,Site C,Lifting Operation,"During Lifting Operation, the required Line of Fire control was not verified. Personnel were exposed to a credible high-energy hazard, although no serious injury occurred.",English,YES,Incomplete permit/control,Permit/control verification incomplete,Line of Fire,High,Required
SIF-0289,Near-Miss,Site D,Lifting Operation,The report records a normal safety observation during Lifting Operation. Required controls were effective and no high-consequence exposure was identified.,English,NO,No credible SIF precursor,Personnel maintained safe position,Line of Fire,Low,Not required
SIF-0290,Unsafe Condition,Site A,Pipeline Repair,The report describes a near-miss in Pipeline Repair involving inadequate Energy Isolation controls and uncontrolled exposure. HSE attention was recommended.,English,YES,Incomplete permit/control,Permit/control verification incomplete,Energy Isolation,Critical,Required
SIF-0291,Near-Miss,Site C,Pipeline Repair,The report records a normal safety observation during Pipeline Repair. Required controls were effective and no high-consequence exposure was identified.,English,NO,No credible SIF precursor,Permit and barriers confirmed,Energy Isolation,Low,Not required
SIF-0292,Incident,Site C,Crane Operation,The team was preparing for Crane Operation while the Line of Fire control was bypassed or incomplete. The unsafe condition could have resulted in severe harm.,English,YES,Control failure,Required control was missing or not verified,Line of Fire,High,Required
SIF-0293,Incident,Site B,Grinding,Routine Grinding was completed with the required Hot Work controls verified and documented. No credible SIF precursor was identified.,English,NO,No credible SIF precursor,Routine observation with effective controls,Hot Work,Normal,Not required
SIF-0294,Unsafe Act,Site F,Lifting Operation,"During inspection of Lifting Operation, personnel were found within a hazardous exposure zone without adequate Line of Fire protection. Immediate correction was required.",English,YES,Uncontrolled hazard,Barrier failure identified,Line of Fire,High,Required
SIF-0295,Unsafe Condition,Site C,Welding Near Hydrocarbon Equipment,Routine Welding Near Hydrocarbon Equipment was completed with the required Hot Work controls verified and documented. No credible SIF precursor was identified.,English,NO,No credible SIF precursor,Approved procedure followed,Hot Work,Low,Not required
SIF-0296,Unsafe Act,Site D,Tank Entry,An unsafe act occurred during Tank Entry; the crew proceeded before confirming Confined Space controls. The event had serious-injury potential despite no major consequence.,English,YES,Unsafe positioning,Permit/control verification incomplete,Confined Space,Critical,Required
SIF-0297,Unsafe Act,Site B,Vessel Cleaning,Routine Vessel Cleaning was completed with the required Confined Space controls verified and documented. No credible SIF precursor was identified.,English,NO,No credible SIF precursor,Personnel maintained safe position,Confined Space,Normal,Not required
SIF-0298,Incident,Site E,Grinding,A barrier failure was identified during Grinding. The missing or ineffective Hot Work control left workers exposed to a high-consequence hazard.,English,YES,Barrier failure,Permit/control verification incomplete,Hot Work,High,Required
SIF-0299,Unsafe Act,Site F,Lifting Operation,"The crew completed Lifting Operation after confirming permits, barriers, and Line of Fire requirements. No significant safety precursor was reported.",English,NO,No credible SIF precursor,Permit and barriers confirmed,Line of Fire,Normal,Not required
SIF-0300,Unsafe Condition,Site E,Welding Near Hydrocarbon Equipment,A near-miss was observed during Welding Near Hydrocarbon Equipment when Hot Work precautions were incomplete. The report indicates a clear SIF precursor requiring HSE review.,English,YES,Control failure,Unsafe positioning or uncontrolled exposure,Hot Work,High,Required
SIF-0301,Near-Miss,Site B,Vessel Cleaning,"During Vessel Cleaning, the team followed the approved procedure and confirmed Confined Space controls before starting work. No serious-injury precursor was observed.",English,NO,No credible SIF precursor,Approved procedure followed,Confined Space,Normal,Not required
SIF-0302,Near-Miss,Site C,Tank Entry,"During Tank Entry, the required Confined Space control was not verified. Personnel were exposed to a credible high-energy hazard, although no serious injury occurred.",English,YES,Uncontrolled hazard,Barrier failure identified,Confined Space,High,Required
SIF-0303,Unsafe Condition,Site C,Vessel Cleaning,The report records a normal safety observation during Vessel Cleaning. Required controls were effective and no high-consequence exposure was identified.,English,NO,No credible SIF precursor,Personnel maintained safe position,Confined Space,Low,Not required
SIF-0304,Unsafe Condition,Site F,Vessel Cleaning,A near-miss was observed during Vessel Cleaning when Confined Space precautions were incomplete. The report indicates a clear SIF precursor requiring HSE review.,English,YES,Incomplete permit/control,Personnel exposed to high-energy hazard,Confined Space,Critical,Required
SIF-0305,Unsafe Act,Site A,Compressor Maintenance,Routine Compressor Maintenance was completed with the required Energy Isolation controls verified and documented. No credible SIF precursor was identified.,English,NO,No credible SIF precursor,Routine observation with effective controls,Energy Isolation,Normal,Not required
SIF-0306,Incident,Site E,Tank Entry,Worker started Tank Entry without confirming effective Confined Space controls. The hazard remained exposed and the condition had potential for serious injury or fatality.,English,YES,Uncontrolled hazard,Unsafe positioning or uncontrolled exposure,Confined Space,Critical,Required
SIF-0307,Unsafe Condition,Site D,Vehicle Movement,A planned Vehicle Movement task was completed with appropriate supervision and documented Line of Fire controls. No credible SIF potential was found.,English,NO,No credible SIF precursor,Routine observation with effective controls,Line of Fire,Normal,Not required
SIF-0308,Unsafe Act,Site D,Vehicle Movement,Worker started Vehicle Movement without confirming effective Line of Fire controls. The hazard remained exposed and the condition had potential for serious injury or fatality.,English,YES,Unsafe positioning,Personnel exposed to high-energy hazard,Line of Fire,Critical,Required
SIF-0309,Unsafe Condition,Site D,Grinding,A routine inspection of Grinding found controls in place and personnel outside the hazard zone. The report does not indicate SIF potential.,English,NO,No credible SIF precursor,No high-consequence exposure identified,Hot Work,Low,Not required
SIF-0310,Near-Miss,Site F,Lifting Operation,An unsafe act occurred during Lifting Operation; the crew proceeded before confirming Line of Fire controls. The event had serious-injury potential despite no major consequence.,English,YES,Energy exposure,Unsafe positioning or uncontrolled exposure,Line of Fire,High,Required
SIF-0311,Unsafe Act,Site E,Vessel Cleaning,A routine inspection of Vessel Cleaning found controls in place and personnel outside the hazard zone. The report does not indicate SIF potential.,English,NO,No credible SIF precursor,Approved procedure followed,Confined Space,Normal,Not required
SIF-0312,Incident,Site C,Pipeline Repair,The team was preparing for Pipeline Repair while the Energy Isolation control was bypassed or incomplete. The unsafe condition could have resulted in severe harm.,English,YES,Control failure,Personnel exposed to high-energy hazard,Energy Isolation,High,Required
SIF-0313,Incident,Site D,Vehicle Movement,"During Vehicle Movement, the team followed the approved procedure and confirmed Line of Fire controls before starting work. No serious-injury precursor was observed.",English,NO,No credible SIF precursor,Approved procedure followed,Line of Fire,Normal,Not required
SIF-0314,Near-Miss,Site F,Crane Operation,The team was preparing for Crane Operation while the Line of Fire control was bypassed or incomplete. The unsafe condition could have resulted in severe harm.,English,YES,Incomplete permit/control,Personnel exposed to high-energy hazard,Line of Fire,Critical,Required
SIF-0315,Near-Miss,Site D,Grinding,"The crew completed Grinding after confirming permits, barriers, and Hot Work requirements. No significant safety precursor was reported.",English,NO,No credible SIF precursor,Required controls verified,Hot Work,Low,Not required
SIF-0316,Incident,Site E,Electrical Maintenance,The team was preparing for Electrical Maintenance while the Energy Isolation control was bypassed or incomplete. The unsafe condition could have resulted in severe harm.,English,YES,Control failure,Personnel exposed to high-energy hazard,Energy Isolation,Critical,Required
SIF-0317,Incident,Site C,Compressor Maintenance,"During Compressor Maintenance, the supervisor verified the relevant Energy Isolation control and the work proceeded within the approved safe limits. No SIF precursor was identified.",English,NO,No credible SIF precursor,Routine observation with effective controls,Energy Isolation,Normal,Not required
SIF-0318,Unsafe Act,Site E,Vehicle Movement,"During Vehicle Movement, the required Line of Fire control was not verified. Personnel were exposed to a credible high-energy hazard, although no serious injury occurred.",English,YES,Energy exposure,Unsafe positioning or uncontrolled exposure,Line of Fire,High,Required
SIF-0319,Near-Miss,Site D,Lifting Operation,Routine Lifting Operation was completed with the required Line of Fire controls verified and documented. No credible SIF precursor was identified.,English,NO,No credible SIF precursor,Permit and barriers confirmed,Line of Fire,Low,Not required
SIF-0320,Unsafe Condition,Site E,Crane Operation,An unsafe act occurred during Crane Operation; the crew proceeded before confirming Line of Fire controls. The event had serious-injury potential despite no major consequence.,English,YES,Control failure,Permit/control verification incomplete,Line of Fire,Critical,Required
SIF-0321,Incident,Site E,Electrical Maintenance,A planned Electrical Maintenance task was completed with appropriate supervision and documented Energy Isolation controls. No credible SIF potential was found.,English,NO,No credible SIF precursor,No high-consequence exposure identified,Energy Isolation,Normal,Not required
SIF-0322,Unsafe Act,Site F,Crane Operation,A near-miss was observed during Crane Operation when Line of Fire precautions were incomplete. The report indicates a clear SIF precursor requiring HSE review.,English,YES,Energy exposure,Required control was missing or not verified,Line of Fire,Critical,Required
SIF-0323,Near-Miss,Site E,Lifting Operation,A planned Lifting Operation task was completed with appropriate supervision and documented Line of Fire controls. No credible SIF potential was found.,English,NO,No credible SIF precursor,Approved procedure followed,Line of Fire,Low,Not required
SIF-0324,Incident,Site E,Crane Operation,Worker started Crane Operation without confirming effective Line of Fire controls. The hazard remained exposed and the condition had potential for serious injury or fatality.,English,YES,Barrier failure,Required control was missing or not verified,Line of Fire,High,Required
SIF-0325,Incident,Site D,Lifting Operation,"During Lifting Operation, the team followed the approved procedure and confirmed Line of Fire controls before starting work. No serious-injury precursor was observed.",English,NO,No credible SIF precursor,No high-consequence exposure identified,Line of Fire,Low,Not required
SIF-0326,Near-Miss,Site E,Lifting Operation,A near-miss was observed during Lifting Operation when Line of Fire precautions were incomplete. The report indicates a clear SIF precursor requiring HSE review.,English,YES,Incomplete permit/control,Unsafe positioning or uncontrolled exposure,Line of Fire,Critical,Required
SIF-0327,Incident,Site E,Lifting Operation,The report records a normal safety observation during Lifting Operation. Required controls were effective and no high-consequence exposure was identified.,English,NO,No credible SIF precursor,No high-consequence exposure identified,Line of Fire,Normal,Not required
SIF-0328,Near-Miss,Site A,Grinding,An unsafe act occurred during Grinding; the crew proceeded before confirming Hot Work controls. The event had serious-injury potential despite no major consequence.,English,YES,Unsafe positioning,Near-miss with serious consequence potential,Hot Work,High,Required
SIF-0329,Unsafe Act,Site C,Crane Operation,"During Crane Operation, the supervisor verified the relevant Line of Fire control and the work proceeded within the approved safe limits. No SIF precursor was identified.",English,NO,No credible SIF precursor,Permit and barriers confirmed,Line of Fire,Normal,Not required
SIF-0330,Unsafe Condition,Site E,Crane Operation,Worker started Crane Operation without confirming effective Line of Fire controls. The hazard remained exposed and the condition had potential for serious injury or fatality.,English,YES,Barrier failure,Permit/control verification incomplete,Line of Fire,Critical,Required
SIF-0331,Incident,Site F,Vessel Cleaning,"During Vessel Cleaning, the team followed the approved procedure and confirmed Confined Space controls before starting work. No serious-injury precursor was observed.",English,NO,No credible SIF precursor,Routine observation with effective controls,Confined Space,Low,Not required
SIF-0332,Unsafe Act,Site E,Compressor Maintenance,The team was preparing for Compressor Maintenance while the Energy Isolation control was bypassed or incomplete. The unsafe condition could have resulted in severe harm.,English,YES,Energy exposure,Required control was missing or not verified,Energy Isolation,Critical,Required
SIF-0333,Incident,Site B,Electrical Maintenance,The report records a normal safety observation during Electrical Maintenance. Required controls were effective and no high-consequence exposure was identified.,English,NO,No credible SIF precursor,Approved procedure followed,Energy Isolation,Normal,Not required
SIF-0334,Incident,Site E,Vessel Cleaning,Worker started Vessel Cleaning without confirming effective Confined Space controls. The hazard remained exposed and the condition had potential for serious injury or fatality.,English,YES,Incomplete permit/control,Near-miss with serious consequence potential,Confined Space,High,Required
SIF-0335,Near-Miss,Site E,Tank Entry,The report records a normal safety observation during Tank Entry. Required controls were effective and no high-consequence exposure was identified.,English,NO,No credible SIF precursor,Permit and barriers confirmed,Confined Space,Normal,Not required
SIF-0336,Incident,Site B,Lifting Operation,An unsafe act occurred during Lifting Operation; the crew proceeded before confirming Line of Fire controls. The event had serious-injury potential despite no major consequence.,English,YES,Uncontrolled hazard,Permit/control verification incomplete,Line of Fire,Critical,Required
SIF-0337,Incident,Site E,Vehicle Movement,"During Vehicle Movement, the team followed the approved procedure and confirmed Line of Fire controls before starting work. No serious-injury precursor was observed.",English,NO,No credible SIF precursor,Approved procedure followed,Line of Fire,Normal,Not required
SIF-0338,Unsafe Condition,Site C,Vessel Cleaning,"During inspection of Vessel Cleaning, personnel were found within a hazardous exposure zone without adequate Confined Space protection. Immediate correction was required.",English,YES,Uncontrolled hazard,Barrier failure identified,Confined Space,High,Required
SIF-0339,Incident,Site C,Grinding,A routine inspection of Grinding found controls in place and personnel outside the hazard zone. The report does not indicate SIF potential.,English,NO,No credible SIF precursor,No high-consequence exposure identified,Hot Work,Normal,Not required
SIF-0340,Incident,Site A,Vehicle Movement,A barrier failure was identified during Vehicle Movement. The missing or ineffective Line of Fire control left workers exposed to a high-consequence hazard.,English,YES,Energy exposure,Barrier failure identified,Line of Fire,High,Required
SIF-0341,Unsafe Act,Site C,Compressor Maintenance,A routine inspection of Compressor Maintenance found controls in place and personnel outside the hazard zone. The report does not indicate SIF potential.,English,NO,No credible SIF precursor,Permit and barriers confirmed,Energy Isolation,Normal,Not required
SIF-0342,Unsafe Condition,Site B,Grinding,"During inspection of Grinding, personnel were found within a hazardous exposure zone without adequate Hot Work protection. Immediate correction was required.",English,YES,Barrier failure,Permit/control verification incomplete,Hot Work,Critical,Required
SIF-0343,Unsafe Condition,Site E,Pipeline Repair,"During Pipeline Repair, the team followed the approved procedure and confirmed Energy Isolation controls before starting work. No serious-injury precursor was observed.",English,NO,No credible SIF precursor,Required controls verified,Energy Isolation,Low,Not required
SIF-0344,Unsafe Act,Site A,Tank Entry,A barrier failure was identified during Tank Entry. The missing or ineffective Confined Space control left workers exposed to a high-consequence hazard.,English,YES,Control failure,Barrier failure identified,Confined Space,Critical,Required
SIF-0345,Unsafe Condition,Site A,Welding Near Hydrocarbon Equipment,"The crew completed Welding Near Hydrocarbon Equipment after confirming permits, barriers, and Hot Work requirements. No significant safety precursor was reported.",English,NO,No credible SIF precursor,Routine observation with effective controls,Hot Work,Normal,Not required
SIF-0346,Unsafe Condition,Site F,Grinding,"During inspection of Grinding, personnel were found within a hazardous exposure zone without adequate Hot Work protection. Immediate correction was required.",English,YES,Uncontrolled hazard,Barrier failure identified,Hot Work,Critical,Required
SIF-0347,Unsafe Condition,Site A,Compressor Maintenance,"During Compressor Maintenance, the supervisor verified the relevant Energy Isolation control and the work proceeded within the approved safe limits. No SIF precursor was identified.",English,NO,No credible SIF precursor,Routine observation with effective controls,Energy Isolation,Low,Not required
SIF-0348,Unsafe Condition,Site D,Welding Near Hydrocarbon Equipment,Worker started Welding Near Hydrocarbon Equipment without confirming effective Hot Work controls. The hazard remained exposed and the condition had potential for serious injury or fatality.,English,YES,Barrier failure,Unsafe positioning or uncontrolled exposure,Hot Work,Critical,Required
SIF-0349,Unsafe Act,Site A,Vehicle Movement,A routine inspection of Vehicle Movement found controls in place and personnel outside the hazard zone. The report does not indicate SIF potential.,English,NO,No credible SIF precursor,No high-consequence exposure identified,Line of Fire,Low,Not required
SIF-0350,Incident,Site C,Lifting Operation,The report describes a near-miss in Lifting Operation involving inadequate Line of Fire controls and uncontrolled exposure. HSE attention was recommended.,English,YES,Energy exposure,Personnel exposed to high-energy hazard,Line of Fire,Critical,Required
SIF-0351,Near-Miss,Site A,Tank Entry,"During Tank Entry, the team followed the approved procedure and confirmed Confined Space controls before starting work. No serious-injury precursor was observed.",English,NO,No credible SIF precursor,Routine observation with effective controls,Confined Space,Normal,Not required
SIF-0352,Unsafe Condition,Site F,Vehicle Movement,Worker started Vehicle Movement without confirming effective Line of Fire controls. The hazard remained exposed and the condition had potential for serious injury or fatality.,English,YES,Energy exposure,Near-miss with serious consequence potential,Line of Fire,Critical,Required
SIF-0353,Unsafe Condition,Site F,Crane Operation,"During Crane Operation, the team followed the approved procedure and confirmed Line of Fire controls before starting work. No serious-injury precursor was observed.",English,NO,No credible SIF precursor,No high-consequence exposure identified,Line of Fire,Normal,Not required
SIF-0354,Near-Miss,Site E,Electrical Maintenance,"During Electrical Maintenance, the required Energy Isolation control was not verified. Personnel were exposed to a credible high-energy hazard, although no serious injury occurred.",English,YES,Barrier failure,Unsafe positioning or uncontrolled exposure,Energy Isolation,High,Required
SIF-0355,Near-Miss,Site D,Welding Near Hydrocarbon Equipment,"During Welding Near Hydrocarbon Equipment, the team followed the approved procedure and confirmed Hot Work controls before starting work. No serious-injury precursor was observed.",English,NO,No credible SIF precursor,Required controls verified,Hot Work,Normal,Not required
SIF-0356,Incident,Site B,Electrical Maintenance,"During inspection of Electrical Maintenance, personnel were found within a hazardous exposure zone without adequate Energy Isolation protection. Immediate correction was required.",English,YES,Incomplete permit/control,Barrier failure identified,Energy Isolation,Critical,Required
SIF-0357,Near-Miss,Site A,Crane Operation,The report records a normal safety observation during Crane Operation. Required controls were effective and no high-consequence exposure was identified.,English,NO,No credible SIF precursor,Personnel maintained safe position,Line of Fire,Low,Not required
SIF-0358,Unsafe Act,Site F,Compressor Maintenance,The report describes a near-miss in Compressor Maintenance involving inadequate Energy Isolation controls and uncontrolled exposure. HSE attention was recommended.,English,YES,Unsafe positioning,Barrier failure identified,Energy Isolation,High,Required
SIF-0359,Near-Miss,Site F,Vessel Cleaning,The report records a normal safety observation during Vessel Cleaning. Required controls were effective and no high-consequence exposure was identified.,English,NO,No credible SIF precursor,Required controls verified,Confined Space,Normal,Not required
SIF-0360,Unsafe Condition,Site E,Lifting Operation,The team was preparing for Lifting Operation while the Line of Fire control was bypassed or incomplete. The unsafe condition could have resulted in severe harm.,English,YES,Barrier failure,Personnel exposed to high-energy hazard,Line of Fire,Critical,Required
SIF-0361,Near-Miss,Site F,Grinding,"The crew completed Grinding after confirming permits, barriers, and Hot Work requirements. No significant safety precursor was reported.",English,NO,No credible SIF precursor,Routine observation with effective controls,Hot Work,Normal,Not required
SIF-0362,Unsafe Condition,Site F,Vessel Cleaning,The team was preparing for Vessel Cleaning while the Confined Space control was bypassed or incomplete. The unsafe condition could have resulted in severe harm.,English,YES,Incomplete permit/control,Near-miss with serious consequence potential,Confined Space,High,Required
SIF-0363,Near-Miss,Site E,Grinding,Routine Grinding was completed with the required Hot Work controls verified and documented. No credible SIF precursor was identified.,English,NO,No credible SIF precursor,No high-consequence exposure identified,Hot Work,Low,Not required
SIF-0364,Unsafe Condition,Site E,Compressor Maintenance,A near-miss was observed during Compressor Maintenance when Energy Isolation precautions were incomplete. The report indicates a clear SIF precursor requiring HSE review.,English,YES,Incomplete permit/control,Personnel exposed to high-energy hazard,Energy Isolation,Critical,Required
SIF-0365,Unsafe Condition,Site A,Grinding,The report records a normal safety observation during Grinding. Required controls were effective and no high-consequence exposure was identified.,English,NO,No credible SIF precursor,No high-consequence exposure identified,Hot Work,Normal,Not required
SIF-0366,Incident,Site E,Pipeline Repair,Worker started Pipeline Repair without confirming effective Energy Isolation controls. The hazard remained exposed and the condition had potential for serious injury or fatality.,English,YES,Incomplete permit/control,Unsafe positioning or uncontrolled exposure,Energy Isolation,High,Required
SIF-0367,Unsafe Act,Site D,Electrical Maintenance,"During Electrical Maintenance, the supervisor verified the relevant Energy Isolation control and the work proceeded within the approved safe limits. No SIF precursor was identified.",English,NO,No credible SIF precursor,Permit and barriers confirmed,Energy Isolation,Normal,Not required
SIF-0368,Near-Miss,Site D,Compressor Maintenance,Worker started Compressor Maintenance without confirming effective Energy Isolation controls. The hazard remained exposed and the condition had potential for serious injury or fatality.,English,YES,Incomplete permit/control,Near-miss with serious consequence potential,Energy Isolation,High,Required
SIF-0369,Incident,Site A,Pipeline Repair,A routine inspection of Pipeline Repair found controls in place and personnel outside the hazard zone. The report does not indicate SIF potential.,English,NO,No credible SIF precursor,Routine observation with effective controls,Energy Isolation,Low,Not required
SIF-0370,Unsafe Act,Site A,Vessel Cleaning,The report describes a near-miss in Vessel Cleaning involving inadequate Confined Space controls and uncontrolled exposure. HSE attention was recommended.,English,YES,Unsafe positioning,Required control was missing or not verified,Confined Space,Critical,Required
SIF-0371,Incident,Site B,Welding Near Hydrocarbon Equipment,A routine inspection of Welding Near Hydrocarbon Equipment found controls in place and personnel outside the hazard zone. The report does not indicate SIF potential.,English,NO,No credible SIF precursor,Permit and barriers confirmed,Hot Work,Normal,Not required
SIF-0372,Unsafe Act,Site D,Electrical Maintenance,A near-miss was observed during Electrical Maintenance when Energy Isolation precautions were incomplete. The report indicates a clear SIF precursor requiring HSE review.,English,YES,Control failure,Near-miss with serious consequence potential,Energy Isolation,Critical,Required
SIF-0373,Incident,Site E,Welding Near Hydrocarbon Equipment,"During Welding Near Hydrocarbon Equipment, the supervisor verified the relevant Hot Work control and the work proceeded within the approved safe limits. No SIF precursor was identified.",English,NO,No credible SIF precursor,Approved procedure followed,Hot Work,Low,Not required
SIF-0374,Near-Miss,Site A,Compressor Maintenance,The report describes a near-miss in Compressor Maintenance involving inadequate Energy Isolation controls and uncontrolled exposure. HSE attention was recommended.,English,YES,Incomplete permit/control,Near-miss with serious consequence potential,Energy Isolation,Critical,Required
SIF-0375,Unsafe Condition,Site B,Electrical Maintenance,"The crew completed Electrical Maintenance after confirming permits, barriers, and Energy Isolation requirements. No significant safety precursor was reported.",English,NO,No credible SIF precursor,Personnel maintained safe position,Energy Isolation,Low,Not required
SIF-0376,Unsafe Act,Site B,Vehicle Movement,Worker started Vehicle Movement without confirming effective Line of Fire controls. The hazard remained exposed and the condition had potential for serious injury or fatality.,English,YES,Incomplete permit/control,Near-miss with serious consequence potential,Line of Fire,Critical,Required
SIF-0377,Unsafe Condition,Site B,Compressor Maintenance,Routine Compressor Maintenance was completed with the required Energy Isolation controls verified and documented. No credible SIF precursor was identified.,English,NO,No credible SIF precursor,Required controls verified,Energy Isolation,Low,Not required
SIF-0378,Unsafe Act,Site E,Grinding,The team was preparing for Grinding while the Hot Work control was bypassed or incomplete. The unsafe condition could have resulted in severe harm.,English,YES,Unsafe positioning,Near-miss with serious consequence potential,Hot Work,High,Required
SIF-0379,Unsafe Condition,Site B,Grinding,A planned Grinding task was completed with appropriate supervision and documented Hot Work controls. No credible SIF potential was found.,English,NO,No credible SIF precursor,Required controls verified,Hot Work,Low,Not required
SIF-0380,Unsafe Condition,Site C,Vessel Cleaning,An unsafe act occurred during Vessel Cleaning; the crew proceeded before confirming Confined Space controls. The event had serious-injury potential despite no major consequence.,English,YES,Barrier failure,Permit/control verification incomplete,Confined Space,Critical,Required
SIF-0381,Unsafe Condition,Site B,Vehicle Movement,"The crew completed Vehicle Movement after confirming permits, barriers, and Line of Fire requirements. No significant safety precursor was reported.",English,NO,No credible SIF precursor,Personnel maintained safe position,Line of Fire,Normal,Not required
SIF-0382,Unsafe Condition,Site E,Compressor Maintenance,A barrier failure was identified during Compressor Maintenance. The missing or ineffective Energy Isolation control left workers exposed to a high-consequence hazard.,English,YES,Control failure,Permit/control verification incomplete,Energy Isolation,Critical,Required
SIF-0383,Incident,Site F,Lifting Operation,A planned Lifting Operation task was completed with appropriate supervision and documented Line of Fire controls. No credible SIF potential was found.,English,NO,No credible SIF precursor,No high-consequence exposure identified,Line of Fire,Normal,Not required
SIF-0384,Unsafe Condition,Site D,Electrical Maintenance,"During inspection of Electrical Maintenance, personnel were found within a hazardous exposure zone without adequate Energy Isolation protection. Immediate correction was required.",English,YES,Incomplete permit/control,Unsafe positioning or uncontrolled exposure,Energy Isolation,High,Required
SIF-0385,Unsafe Condition,Site B,Grinding,A routine inspection of Grinding found controls in place and personnel outside the hazard zone. The report does not indicate SIF potential.,English,NO,No credible SIF precursor,Routine observation with effective controls,Hot Work,Low,Not required
SIF-0386,Incident,Site A,Grinding,A barrier failure was identified during Grinding. The missing or ineffective Hot Work control left workers exposed to a high-consequence hazard.,English,YES,Unsafe positioning,Permit/control verification incomplete,Hot Work,High,Required
SIF-0387,Unsafe Condition,Site C,Tank Entry,A routine inspection of Tank Entry found controls in place and personnel outside the hazard zone. The report does not indicate SIF potential.,English,NO,No credible SIF precursor,Routine observation with effective controls,Confined Space,Low,Not required
SIF-0388,Unsafe Act,Site C,Grinding,The team was preparing for Grinding while the Hot Work control was bypassed or incomplete. The unsafe condition could have resulted in severe harm.,English,YES,Unsafe positioning,Required control was missing or not verified,Hot Work,Critical,Required
SIF-0389,Unsafe Act,Site E,Crane Operation,A planned Crane Operation task was completed with appropriate supervision and documented Line of Fire controls. No credible SIF potential was found.,English,NO,No credible SIF precursor,Required controls verified,Line of Fire,Low,Not required
SIF-0390,Unsafe Condition,Site F,Crane Operation,The report describes a near-miss in Crane Operation involving inadequate Line of Fire controls and uncontrolled exposure. HSE attention was recommended.,English,YES,Energy exposure,Personnel exposed to high-energy hazard,Line of Fire,Critical,Required
SIF-0391,Unsafe Condition,Site B,Compressor Maintenance,The report records a normal safety observation during Compressor Maintenance. Required controls were effective and no high-consequence exposure was identified.,English,NO,No credible SIF precursor,Required controls verified,Energy Isolation,Normal,Not required
SIF-0392,Unsafe Condition,Site F,Tank Entry,A barrier failure was identified during Tank Entry. The missing or ineffective Confined Space control left workers exposed to a high-consequence hazard.,English,YES,Energy exposure,Personnel exposed to high-energy hazard,Confined Space,Critical,Required
SIF-0393,Near-Miss,Site D,Electrical Maintenance,A routine inspection of Electrical Maintenance found controls in place and personnel outside the hazard zone. The report does not indicate SIF potential.,English,NO,No credible SIF precursor,Personnel maintained safe position,Energy Isolation,Normal,Not required
SIF-0394,Incident,Site D,Vessel Cleaning,"During Vessel Cleaning, the required Confined Space control was not verified. Personnel were exposed to a credible high-energy hazard, although no serious injury occurred.",English,YES,Energy exposure,Near-miss with serious consequence potential,Confined Space,Critical,Required
SIF-0395,Near-Miss,Site C,Tank Entry,"The crew completed Tank Entry after confirming permits, barriers, and Confined Space requirements. No significant safety precursor was reported.",English,NO,No credible SIF precursor,Required controls verified,Confined Space,Low,Not required
SIF-0396,Near-Miss,Site A,Welding Near Hydrocarbon Equipment,A barrier failure was identified during Welding Near Hydrocarbon Equipment. The missing or ineffective Hot Work control left workers exposed to a high-consequence hazard.,English,YES,Barrier failure,Barrier failure identified,Hot Work,High,Required
SIF-0397,Incident,Site B,Lifting Operation,"During Lifting Operation, the supervisor verified the relevant Line of Fire control and the work proceeded within the approved safe limits. No SIF precursor was identified.",English,NO,No credible SIF precursor,Approved procedure followed,Line of Fire,Normal,Not required
SIF-0398,Near-Miss,Site F,Vessel Cleaning,"During inspection of Vessel Cleaning, personnel were found within a hazardous exposure zone without adequate Confined Space protection. Immediate correction was required.",English,YES,Unsafe positioning,Unsafe positioning or uncontrolled exposure,Confined Space,Critical,Required
SIF-0399,Near-Miss,Site F,Welding Near Hydrocarbon Equipment,"During Welding Near Hydrocarbon Equipment, the team followed the approved procedure and confirmed Hot Work controls before starting work. No serious-injury precursor was observed.",English,NO,No credible SIF precursor,Approved procedure followed,Hot Work,Normal,Not required
SIF-0400,Unsafe Act,Site E,Welding Near Hydrocarbon Equipment,Worker started Welding Near Hydrocarbon Equipment without confirming effective Hot Work controls. The hazard remained exposed and the condition had potential for serious injury or fatality.,English,YES,Control failure,Required control was missing or not verified,Hot Work,High,Required
SIF-0401,Unsafe Condition,Site B,Electrical Maintenance,Routine Electrical Maintenance was completed with the required Energy Isolation controls verified and documented. No credible SIF precursor was identified.,English,NO,No credible SIF precursor,Routine observation with effective controls,Energy Isolation,Low,Not required
SIF-0402,Incident,Site B,Compressor Maintenance,An unsafe act occurred during Compressor Maintenance; the crew proceeded before confirming Energy Isolation controls. The event had serious-injury potential despite no major consequence.,English,YES,Uncontrolled hazard,Required control was missing or not verified,Energy Isolation,Critical,Required
SIF-0403,Unsafe Act,Site A,Grinding,"During Grinding, the supervisor verified the relevant Hot Work control and the work proceeded within the approved safe limits. No SIF precursor was identified.",English,NO,No credible SIF precursor,No high-consequence exposure identified,Hot Work,Normal,Not required
SIF-0404,Near-Miss,Site A,Compressor Maintenance,"During inspection of Compressor Maintenance, personnel were found within a hazardous exposure zone without adequate Energy Isolation protection. Immediate correction was required.",English,YES,Barrier failure,Required control was missing or not verified,Energy Isolation,Critical,Required
SIF-0405,Unsafe Condition,Site A,Pipeline Repair,"During Pipeline Repair, the team followed the approved procedure and confirmed Energy Isolation controls before starting work. No serious-injury precursor was observed.",English,NO,No credible SIF precursor,Approved procedure followed,Energy Isolation,Normal,Not required
SIF-0406,Incident,Site C,Lifting Operation,"During Lifting Operation, the required Line of Fire control was not verified. Personnel were exposed to a credible high-energy hazard, although no serious injury occurred.",English,YES,Unsafe positioning,Barrier failure identified,Line of Fire,Critical,Required
SIF-0407,Unsafe Condition,Site B,Crane Operation,A routine inspection of Crane Operation found controls in place and personnel outside the hazard zone. The report does not indicate SIF potential.,English,NO,No credible SIF precursor,Routine observation with effective controls,Line of Fire,Low,Not required
SIF-0408,Incident,Site A,Compressor Maintenance,A barrier failure was identified during Compressor Maintenance. The missing or ineffective Energy Isolation control left workers exposed to a high-consequence hazard.,English,YES,Control failure,Unsafe positioning or uncontrolled exposure,Energy Isolation,Critical,Required
SIF-0409,Unsafe Condition,Site F,Compressor Maintenance,Routine Compressor Maintenance was completed with the required Energy Isolation controls verified and documented. No credible SIF precursor was identified.,English,NO,No credible SIF precursor,Permit and barriers confirmed,Energy Isolation,Normal,Not required
SIF-0410,Unsafe Act,Site E,Lifting Operation,Worker started Lifting Operation without confirming effective Line of Fire controls. The hazard remained exposed and the condition had potential for serious injury or fatality.,English,YES,Uncontrolled hazard,Personnel exposed to high-energy hazard,Line of Fire,High,Required
SIF-0411,Near-Miss,Site D,Crane Operation,Routine Crane Operation was completed with the required Line of Fire controls verified and documented. No credible SIF precursor was identified.,English,NO,No credible SIF precursor,Required controls verified,Line of Fire,Normal,Not required
SIF-0412,Unsafe Act,Site E,Vessel Cleaning,A near-miss was observed during Vessel Cleaning when Confined Space precautions were incomplete. The report indicates a clear SIF precursor requiring HSE review.,English,YES,Barrier failure,Barrier failure identified,Confined Space,High,Required
SIF-0413,Incident,Site B,Crane Operation,Routine Crane Operation was completed with the required Line of Fire controls verified and documented. No credible SIF precursor was identified.,English,NO,No credible SIF precursor,Personnel maintained safe position,Line of Fire,Low,Not required
SIF-0414,Incident,Site B,Crane Operation,An unsafe act occurred during Crane Operation; the crew proceeded before confirming Line of Fire controls. The event had serious-injury potential despite no major consequence.,English,YES,Uncontrolled hazard,Unsafe positioning or uncontrolled exposure,Line of Fire,High,Required
SIF-0415,Near-Miss,Site E,Pipeline Repair,Routine Pipeline Repair was completed with the required Energy Isolation controls verified and documented. No credible SIF precursor was identified.,English,NO,No credible SIF precursor,Required controls verified,Energy Isolation,Normal,Not required
SIF-0416,Near-Miss,Site A,Tank Entry,A barrier failure was identified during Tank Entry. The missing or ineffective Confined Space control left workers exposed to a high-consequence hazard.,English,YES,Uncontrolled hazard,Barrier failure identified,Confined Space,High,Required
SIF-0417,Incident,Site D,Vehicle Movement,"During Vehicle Movement, the team followed the approved procedure and confirmed Line of Fire controls before starting work. No serious-injury precursor was observed.",English,NO,No credible SIF precursor,Personnel maintained safe position,Line of Fire,Normal,Not required
SIF-0418,Incident,Site B,Electrical Maintenance,"During Electrical Maintenance, the required Energy Isolation control was not verified. Personnel were exposed to a credible high-energy hazard, although no serious injury occurred.",English,YES,Barrier failure,Permit/control verification incomplete,Energy Isolation,Critical,Required
SIF-0419,Near-Miss,Site A,Pipeline Repair,"During Pipeline Repair, the team followed the approved procedure and confirmed Energy Isolation controls before starting work. No serious-injury precursor was observed.",English,NO,No credible SIF precursor,Permit and barriers confirmed,Energy Isolation,Low,Not required
SIF-0420,Near-Miss,Site C,Electrical Maintenance,"During Electrical Maintenance, the required Energy Isolation control was not verified. Personnel were exposed to a credible high-energy hazard, although no serious injury occurred.",English,YES,Energy exposure,Required control was missing or not verified,Energy Isolation,High,Required
SIF-0421,Near-Miss,Site C,Grinding,Routine Grinding was completed with the required Hot Work controls verified and documented. No credible SIF precursor was identified.,English,NO,No credible SIF precursor,Approved procedure followed,Hot Work,Low,Not required
SIF-0422,Incident,Site D,Welding Near Hydrocarbon Equipment,A barrier failure was identified during Welding Near Hydrocarbon Equipment. The missing or ineffective Hot Work control left workers exposed to a high-consequence hazard.,English,YES,Control failure,Required control was missing or not verified,Hot Work,High,Required
SIF-0423,Unsafe Act,Site E,Lifting Operation,"During Lifting Operation, the supervisor verified the relevant Line of Fire control and the work proceeded within the approved safe limits. No SIF precursor was identified.",English,NO,No credible SIF precursor,No high-consequence exposure identified,Line of Fire,Normal,Not required
SIF-0424,Near-Miss,Site A,Electrical Maintenance,A barrier failure was identified during Electrical Maintenance. The missing or ineffective Energy Isolation control left workers exposed to a high-consequence hazard.,English,YES,Uncontrolled hazard,Unsafe positioning or uncontrolled exposure,Energy Isolation,High,Required
SIF-0425,Unsafe Condition,Site B,Vessel Cleaning,The report records a normal safety observation during Vessel Cleaning. Required controls were effective and no high-consequence exposure was identified.,English,NO,No credible SIF precursor,Permit and barriers confirmed,Confined Space,Low,Not required
SIF-0426,Near-Miss,Site C,Welding Near Hydrocarbon Equipment,"During inspection of Welding Near Hydrocarbon Equipment, personnel were found within a hazardous exposure zone without adequate Hot Work protection. Immediate correction was required.",English,YES,Control failure,Unsafe positioning or uncontrolled exposure,Hot Work,High,Required
SIF-0427,Near-Miss,Site D,Welding Near Hydrocarbon Equipment,"The crew completed Welding Near Hydrocarbon Equipment after confirming permits, barriers, and Hot Work requirements. No significant safety precursor was reported.",English,NO,No credible SIF precursor,Personnel maintained safe position,Hot Work,Normal,Not required
SIF-0428,Near-Miss,Site C,Pipeline Repair,The team was preparing for Pipeline Repair while the Energy Isolation control was bypassed or incomplete. The unsafe condition could have resulted in severe harm.,English,YES,Incomplete permit/control,Near-miss with serious consequence potential,Energy Isolation,Critical,Required
SIF-0429,Incident,Site B,Crane Operation,Routine Crane Operation was completed with the required Line of Fire controls verified and documented. No credible SIF precursor was identified.,English,NO,No credible SIF precursor,Approved procedure followed,Line of Fire,Normal,Not required
SIF-0430,Near-Miss,Site D,Compressor Maintenance,A barrier failure was identified during Compressor Maintenance. The missing or ineffective Energy Isolation control left workers exposed to a high-consequence hazard.,English,YES,Energy exposure,Barrier failure identified,Energy Isolation,Critical,Required
SIF-0431,Unsafe Condition,Site F,Electrical Maintenance,A routine inspection of Electrical Maintenance found controls in place and personnel outside the hazard zone. The report does not indicate SIF potential.,English,NO,No credible SIF precursor,Personnel maintained safe position,Energy Isolation,Low,Not required
SIF-0432,Unsafe Condition,Site C,Grinding,A barrier failure was identified during Grinding. The missing or ineffective Hot Work control left workers exposed to a high-consequence hazard.,English,YES,Uncontrolled hazard,Barrier failure identified,Hot Work,Critical,Required
SIF-0433,Unsafe Condition,Site E,Grinding,A routine inspection of Grinding found controls in place and personnel outside the hazard zone. The report does not indicate SIF potential.,English,NO,No credible SIF precursor,Permit and barriers confirmed,Hot Work,Normal,Not required
SIF-0434,Unsafe Act,Site C,Electrical Maintenance,The team was preparing for Electrical Maintenance while the Energy Isolation control was bypassed or incomplete. The unsafe condition could have resulted in severe harm.,English,YES,Uncontrolled hazard,Permit/control verification incomplete,Energy Isolation,High,Required
SIF-0435,Incident,Site A,Vessel Cleaning,The report records a normal safety observation during Vessel Cleaning. Required controls were effective and no high-consequence exposure was identified.,English,NO,No credible SIF precursor,Approved procedure followed,Confined Space,Normal,Not required
SIF-0436,Unsafe Act,Site F,Vehicle Movement,A barrier failure was identified during Vehicle Movement. The missing or ineffective Line of Fire control left workers exposed to a high-consequence hazard.,English,YES,Barrier failure,Near-miss with serious consequence potential,Line of Fire,Critical,Required
SIF-0437,Near-Miss,Site B,Vehicle Movement,The report records a normal safety observation during Vehicle Movement. Required controls were effective and no high-consequence exposure was identified.,English,NO,No credible SIF precursor,Approved procedure followed,Line of Fire,Normal,Not required
SIF-0438,Incident,Site A,Electrical Maintenance,The report describes a near-miss in Electrical Maintenance involving inadequate Energy Isolation controls and uncontrolled exposure. HSE attention was recommended.,English,YES,Incomplete permit/control,Permit/control verification incomplete,Energy Isolation,Critical,Required
SIF-0439,Incident,Site F,Vessel Cleaning,"During Vessel Cleaning, the supervisor verified the relevant Confined Space control and the work proceeded within the approved safe limits. No SIF precursor was identified.",English,NO,No credible SIF precursor,Required controls verified,Confined Space,Normal,Not required
SIF-0440,Unsafe Act,Site E,Vessel Cleaning,"During Vessel Cleaning, the required Confined Space control was not verified. Personnel were exposed to a credible high-energy hazard, although no serious injury occurred.",English,YES,Barrier failure,Personnel exposed to high-energy hazard,Confined Space,Critical,Required
SIF-0441,Incident,Site A,Crane Operation,A planned Crane Operation task was completed with appropriate supervision and documented Line of Fire controls. No credible SIF potential was found.,English,NO,No credible SIF precursor,Personnel maintained safe position,Line of Fire,Normal,Not required
SIF-0442,Unsafe Act,Site A,Pipeline Repair,"During inspection of Pipeline Repair, personnel were found within a hazardous exposure zone without adequate Energy Isolation protection. Immediate correction was required.",English,YES,Unsafe positioning,Personnel exposed to high-energy hazard,Energy Isolation,High,Required
SIF-0443,Incident,Site D,Lifting Operation,A planned Lifting Operation task was completed with appropriate supervision and documented Line of Fire controls. No credible SIF potential was found.,English,NO,No credible SIF precursor,Routine observation with effective controls,Line of Fire,Low,Not required
SIF-0444,Incident,Site A,Lifting Operation,"During Lifting Operation, the required Line of Fire control was not verified. Personnel were exposed to a credible high-energy hazard, although no serious injury occurred.",English,YES,Control failure,Barrier failure identified,Line of Fire,Critical,Required
SIF-0445,Unsafe Condition,Site F,Pipeline Repair,A routine inspection of Pipeline Repair found controls in place and personnel outside the hazard zone. The report does not indicate SIF potential.,English,NO,No credible SIF precursor,Personnel maintained safe position,Energy Isolation,Normal,Not required
SIF-0446,Incident,Site B,Grinding,An unsafe act occurred during Grinding; the crew proceeded before confirming Hot Work controls. The event had serious-injury potential despite no major consequence.,English,YES,Unsafe positioning,Unsafe positioning or uncontrolled exposure,Hot Work,High,Required
SIF-0447,Unsafe Act,Site C,Grinding,A routine inspection of Grinding found controls in place and personnel outside the hazard zone. The report does not indicate SIF potential.,English,NO,No credible SIF precursor,Required controls verified,Hot Work,Low,Not required
SIF-0448,Unsafe Act,Site C,Compressor Maintenance,A near-miss was observed during Compressor Maintenance when Energy Isolation precautions were incomplete. The report indicates a clear SIF precursor requiring HSE review.,English,YES,Incomplete permit/control,Near-miss with serious consequence potential,Energy Isolation,High,Required
SIF-0449,Unsafe Condition,Site E,Welding Near Hydrocarbon Equipment,A routine inspection of Welding Near Hydrocarbon Equipment found controls in place and personnel outside the hazard zone. The report does not indicate SIF potential.,English,NO,No credible SIF precursor,No high-consequence exposure identified,Hot Work,Normal,Not required
SIF-0450,Incident,Site B,Grinding,A near-miss was observed during Grinding when Hot Work precautions were incomplete. The report indicates a clear SIF precursor requiring HSE review.,English,YES,Unsafe positioning,Personnel exposed to high-energy hazard,Hot Work,Critical,Required
SIF-0451,Unsafe Condition,Site F,Compressor Maintenance,"The crew completed Compressor Maintenance after confirming permits, barriers, and Energy Isolation requirements. No significant safety precursor was reported.",English,NO,No credible SIF precursor,No high-consequence exposure identified,Energy Isolation,Normal,Not required
SIF-0452,Unsafe Condition,Site A,Electrical Maintenance,The team was preparing for Electrical Maintenance while the Energy Isolation control was bypassed or incomplete. The unsafe condition could have resulted in severe harm.,English,YES,Incomplete permit/control,Barrier failure identified,Energy Isolation,High,Required
SIF-0453,Unsafe Condition,Site E,Pipeline Repair,A routine inspection of Pipeline Repair found controls in place and personnel outside the hazard zone. The report does not indicate SIF potential.,English,NO,No credible SIF precursor,Personnel maintained safe position,Energy Isolation,Low,Not required
SIF-0454,Near-Miss,Site A,Grinding,The report describes a near-miss in Grinding involving inadequate Hot Work controls and uncontrolled exposure. HSE attention was recommended.,English,YES,Incomplete permit/control,Permit/control verification incomplete,Hot Work,Critical,Required
SIF-0455,Incident,Site E,Electrical Maintenance,"During Electrical Maintenance, the supervisor verified the relevant Energy Isolation control and the work proceeded within the approved safe limits. No SIF precursor was identified.",English,NO,No credible SIF precursor,Required controls verified,Energy Isolation,Normal,Not required
SIF-0456,Unsafe Condition,Site D,Lifting Operation,"During inspection of Lifting Operation, personnel were found within a hazardous exposure zone without adequate Line of Fire protection. Immediate correction was required.",English,YES,Uncontrolled hazard,Permit/control verification incomplete,Line of Fire,High,Required
SIF-0457,Unsafe Act,Site C,Welding Near Hydrocarbon Equipment,"During Welding Near Hydrocarbon Equipment, the team followed the approved procedure and confirmed Hot Work controls before starting work. No serious-injury precursor was observed.",English,NO,No credible SIF precursor,Personnel maintained safe position,Hot Work,Low,Not required
SIF-0458,Unsafe Condition,Site C,Welding Near Hydrocarbon Equipment,A barrier failure was identified during Welding Near Hydrocarbon Equipment. The missing or ineffective Hot Work control left workers exposed to a high-consequence hazard.,English,YES,Incomplete permit/control,Unsafe positioning or uncontrolled exposure,Hot Work,High,Required
SIF-0459,Unsafe Condition,Site D,Electrical Maintenance,"The crew completed Electrical Maintenance after confirming permits, barriers, and Energy Isolation requirements. No significant safety precursor was reported.",English,NO,No credible SIF precursor,Routine observation with effective controls,Energy Isolation,Low,Not required
SIF-0460,Incident,Site B,Vessel Cleaning,"During inspection of Vessel Cleaning, personnel were found within a hazardous exposure zone without adequate Confined Space protection. Immediate correction was required.",English,YES,Energy exposure,Personnel exposed to high-energy hazard,Confined Space,High,Required
SIF-0461,Unsafe Act,Site E,Grinding,A planned Grinding task was completed with appropriate supervision and documented Hot Work controls. No credible SIF potential was found.,English,NO,No credible SIF precursor,Personnel maintained safe position,Hot Work,Low,Not required
SIF-0462,Unsafe Condition,Site B,Grinding,A barrier failure was identified during Grinding. The missing or ineffective Hot Work control left workers exposed to a high-consequence hazard.,English,YES,Unsafe positioning,Permit/control verification incomplete,Hot Work,Critical,Required
SIF-0463,Incident,Site D,Grinding,"The crew completed Grinding after confirming permits, barriers, and Hot Work requirements. No significant safety precursor was reported.",English,NO,No credible SIF precursor,Approved procedure followed,Hot Work,Low,Not required
SIF-0464,Unsafe Condition,Site A,Crane Operation,"During inspection of Crane Operation, personnel were found within a hazardous exposure zone without adequate Line of Fire protection. Immediate correction was required.",English,YES,Barrier failure,Required control was missing or not verified,Line of Fire,Critical,Required
SIF-0465,Unsafe Condition,Site C,Vessel Cleaning,A planned Vessel Cleaning task was completed with appropriate supervision and documented Confined Space controls. No credible SIF potential was found.,English,NO,No credible SIF precursor,Permit and barriers confirmed,Confined Space,Normal,Not required
SIF-0466,Unsafe Act,Site E,Vessel Cleaning,"During Vessel Cleaning, the required Confined Space control was not verified. Personnel were exposed to a credible high-energy hazard, although no serious injury occurred.",English,YES,Incomplete permit/control,Barrier failure identified,Confined Space,Critical,Required
SIF-0467,Incident,Site F,Compressor Maintenance,"During Compressor Maintenance, the supervisor verified the relevant Energy Isolation control and the work proceeded within the approved safe limits. No SIF precursor was identified.",English,NO,No credible SIF precursor,Approved procedure followed,Energy Isolation,Normal,Not required
SIF-0468,Unsafe Condition,Site F,Pipeline Repair,"During inspection of Pipeline Repair, personnel were found within a hazardous exposure zone without adequate Energy Isolation protection. Immediate correction was required.",English,YES,Energy exposure,Required control was missing or not verified,Energy Isolation,Critical,Required
SIF-0469,Incident,Site A,Lifting Operation,A planned Lifting Operation task was completed with appropriate supervision and documented Line of Fire controls. No credible SIF potential was found.,English,NO,No credible SIF precursor,Required controls verified,Line of Fire,Low,Not required
SIF-0470,Near-Miss,Site F,Tank Entry,A barrier failure was identified during Tank Entry. The missing or ineffective Confined Space control left workers exposed to a high-consequence hazard.,English,YES,Barrier failure,Personnel exposed to high-energy hazard,Confined Space,High,Required
SIF-0471,Near-Miss,Site A,Tank Entry,"During Tank Entry, the supervisor verified the relevant Confined Space control and the work proceeded within the approved safe limits. No SIF precursor was identified.",English,NO,No credible SIF precursor,Personnel maintained safe position,Confined Space,Low,Not required
SIF-0472,Near-Miss,Site F,Lifting Operation,"During inspection of Lifting Operation, personnel were found within a hazardous exposure zone without adequate Line of Fire protection. Immediate correction was required.",English,YES,Incomplete permit/control,Permit/control verification incomplete,Line of Fire,Critical,Required
SIF-0473,Incident,Site B,Pipeline Repair,Routine Pipeline Repair was completed with the required Energy Isolation controls verified and documented. No credible SIF precursor was identified.,English,NO,No credible SIF precursor,Personnel maintained safe position,Energy Isolation,Low,Not required
SIF-0474,Unsafe Condition,Site B,Welding Near Hydrocarbon Equipment,An unsafe act occurred during Welding Near Hydrocarbon Equipment; the crew proceeded before confirming Hot Work controls. The event had serious-injury potential despite no major consequence.,English,YES,Unsafe positioning,Personnel exposed to high-energy hazard,Hot Work,Critical,Required
SIF-0475,Near-Miss,Site E,Welding Near Hydrocarbon Equipment,The report records a normal safety observation during Welding Near Hydrocarbon Equipment. Required controls were effective and no high-consequence exposure was identified.,English,NO,No credible SIF precursor,Permit and barriers confirmed,Hot Work,Normal,Not required
SIF-0476,Unsafe Act,Site A,Grinding,A barrier failure was identified during Grinding. The missing or ineffective Hot Work control left workers exposed to a high-consequence hazard.,English,YES,Uncontrolled hazard,Permit/control verification incomplete,Hot Work,Critical,Required
SIF-0477,Incident,Site D,Lifting Operation,A routine inspection of Lifting Operation found controls in place and personnel outside the hazard zone. The report does not indicate SIF potential.,English,NO,No credible SIF precursor,No high-consequence exposure identified,Line of Fire,Low,Not required
SIF-0478,Incident,Site F,Pipeline Repair,An unsafe act occurred during Pipeline Repair; the crew proceeded before confirming Energy Isolation controls. The event had serious-injury potential despite no major consequence.,English,YES,Barrier failure,Required control was missing or not verified,Energy Isolation,Critical,Required
SIF-0479,Incident,Site B,Electrical Maintenance,A routine inspection of Electrical Maintenance found controls in place and personnel outside the hazard zone. The report does not indicate SIF potential.,English,NO,No credible SIF precursor,Personnel maintained safe position,Energy Isolation,Normal,Not required
SIF-0480,Unsafe Condition,Site E,Lifting Operation,The report describes a near-miss in Lifting Operation involving inadequate Line of Fire controls and uncontrolled exposure. HSE attention was recommended.,English,YES,Control failure,Barrier failure identified,Line of Fire,High,Required
SIF-0481,Incident,Site F,Pipeline Repair,Routine Pipeline Repair was completed with the required Energy Isolation controls verified and documented. No credible SIF precursor was identified.,English,NO,No credible SIF precursor,Required controls verified,Energy Isolation,Low,Not required
SIF-0482,Unsafe Act,Site D,Grinding,A barrier failure was identified during Grinding. The missing or ineffective Hot Work control left workers exposed to a high-consequence hazard.,English,YES,Uncontrolled hazard,Personnel exposed to high-energy hazard,Hot Work,High,Required
SIF-0483,Near-Miss,Site B,Vehicle Movement,Routine Vehicle Movement was completed with the required Line of Fire controls verified and documented. No credible SIF precursor was identified.,English,NO,No credible SIF precursor,Routine observation with effective controls,Line of Fire,Normal,Not required
SIF-0484,Near-Miss,Site A,Vehicle Movement,A near-miss was observed during Vehicle Movement when Line of Fire precautions were incomplete. The report indicates a clear SIF precursor requiring HSE review.,English,YES,Uncontrolled hazard,Required control was missing or not verified,Line of Fire,Critical,Required
SIF-0485,Unsafe Condition,Site F,Vehicle Movement,"The crew completed Vehicle Movement after confirming permits, barriers, and Line of Fire requirements. No significant safety precursor was reported.",English,NO,No credible SIF precursor,Routine observation with effective controls,Line of Fire,Low,Not required
SIF-0486,Unsafe Condition,Site A,Pipeline Repair,The report describes a near-miss in Pipeline Repair involving inadequate Energy Isolation controls and uncontrolled exposure. HSE attention was recommended.,English,YES,Incomplete permit/control,Required control was missing or not verified,Energy Isolation,High,Required
SIF-0487,Incident,Site E,Tank Entry,Routine Tank Entry was completed with the required Confined Space controls verified and documented. No credible SIF precursor was identified.,English,NO,No credible SIF precursor,Required controls verified,Confined Space,Normal,Not required
SIF-0488,Unsafe Condition,Site D,Pipeline Repair,The report describes a near-miss in Pipeline Repair involving inadequate Energy Isolation controls and uncontrolled exposure. HSE attention was recommended.,English,YES,Unsafe positioning,Required control was missing or not verified,Energy Isolation,High,Required
SIF-0489,Unsafe Act,Site F,Pipeline Repair,Routine Pipeline Repair was completed with the required Energy Isolation controls verified and documented. No credible SIF precursor was identified.,English,NO,No credible SIF precursor,Personnel maintained safe position,Energy Isolation,Normal,Not required
SIF-0490,Incident,Site B,Vehicle Movement,A near-miss was observed during Vehicle Movement when Line of Fire precautions were incomplete. The report indicates a clear SIF precursor requiring HSE review.,English,YES,Control failure,Near-miss with serious consequence potential,Line of Fire,High,Required
SIF-0491,Unsafe Act,Site E,Vessel Cleaning,"During Vessel Cleaning, the supervisor verified the relevant Confined Space control and the work proceeded within the approved safe limits. No SIF precursor was identified.",English,NO,No credible SIF precursor,Routine observation with effective controls,Confined Space,Low,Not required
SIF-0492,Unsafe Condition,Site C,Grinding,A near-miss was observed during Grinding when Hot Work precautions were incomplete. The report indicates a clear SIF precursor requiring HSE review.,English,YES,Barrier failure,Unsafe positioning or uncontrolled exposure,Hot Work,Critical,Required
SIF-0493,Unsafe Condition,Site A,Pipeline Repair,A planned Pipeline Repair task was completed with appropriate supervision and documented Energy Isolation controls. No credible SIF potential was found.,English,NO,No credible SIF precursor,Required controls verified,Energy Isolation,Normal,Not required
SIF-0494,Near-Miss,Site D,Lifting Operation,A near-miss was observed during Lifting Operation when Line of Fire precautions were incomplete. The report indicates a clear SIF precursor requiring HSE review.,English,YES,Uncontrolled hazard,Personnel exposed to high-energy hazard,Line of Fire,Critical,Required
SIF-0495,Near-Miss,Site B,Pipeline Repair,A planned Pipeline Repair task was completed with appropriate supervision and documented Energy Isolation controls. No credible SIF potential was found.,English,NO,No credible SIF precursor,Routine observation with effective controls,Energy Isolation,Low,Not required
SIF-0496,Unsafe Condition,Site B,Vehicle Movement,A barrier failure was identified during Vehicle Movement. The missing or ineffective Line of Fire control left workers exposed to a high-consequence hazard.,English,YES,Barrier failure,Barrier failure identified,Line of Fire,High,Required
SIF-0497,Unsafe Act,Site D,Grinding,"During Grinding, the team followed the approved procedure and confirmed Hot Work controls before starting work. No serious-injury precursor was observed.",English,NO,No credible SIF precursor,Permit and barriers confirmed,Hot Work,Low,Not required
SIF-0498,Near-Miss,Site A,Vessel Cleaning,An unsafe act occurred during Vessel Cleaning; the crew proceeded before confirming Confined Space controls. The event had serious-injury potential despite no major consequence.,English,YES,Incomplete permit/control,Personnel exposed to high-energy hazard,Confined Space,Critical,Required
SIF-0499,Unsafe Condition,Site C,Electrical Maintenance,A planned Electrical Maintenance task was completed with appropriate supervision and documented Energy Isolation controls. No credible SIF potential was found.,English,NO,No credible SIF precursor,Permit and barriers confirmed,Energy Isolation,Low,Not required
SIF-0500,Unsafe Act,Site E,Compressor Maintenance,Worker started Compressor Maintenance without confirming effective Energy Isolation controls. The hazard remained exposed and the condition had potential for serious injury or fatality.,English,YES,Control failure,Barrier failure identified,Energy Isolation,High,Required
SIF-0501,Near-Miss,Site D,Compressor Maintenance,The report records a normal safety observation during Compressor Maintenance. Required controls were effective and no high-consequence exposure was identified.,English,NO,No credible SIF precursor,Routine observation with effective controls,Energy Isolation,Normal,Not required
SIF-0502,Incident,Site F,Electrical Maintenance,"During Electrical Maintenance, the required Energy Isolation control was not verified. Personnel were exposed to a credible high-energy hazard, although no serious injury occurred.",English,YES,Energy exposure,Near-miss with serious consequence potential,Energy Isolation,High,Required
SIF-0503,Unsafe Act,Site C,Pipeline Repair,"During Pipeline Repair, the supervisor verified the relevant Energy Isolation control and the work proceeded within the approved safe limits. No SIF precursor was identified.",English,NO,No credible SIF precursor,Approved procedure followed,Energy Isolation,Low,Not required
SIF-0504,Incident,Site C,Vessel Cleaning,"During Vessel Cleaning, the required Confined Space control was not verified. Personnel were exposed to a credible high-energy hazard, although no serious injury occurred.",English,YES,Uncontrolled hazard,Barrier failure identified,Confined Space,Critical,Required
SIF-0505,Unsafe Condition,Site A,Tank Entry,Routine Tank Entry was completed with the required Confined Space controls verified and documented. No credible SIF precursor was identified.,English,NO,No credible SIF precursor,Permit and barriers confirmed,Confined Space,Low,Not required
SIF-0506,Unsafe Act,Site E,Grinding,"During inspection of Grinding, personnel were found within a hazardous exposure zone without adequate Hot Work protection. Immediate correction was required.",English,YES,Control failure,Near-miss with serious consequence potential,Hot Work,High,Required
SIF-0507,Unsafe Condition,Site F,Compressor Maintenance,The report records a normal safety observation during Compressor Maintenance. Required controls were effective and no high-consequence exposure was identified.,English,NO,No credible SIF precursor,Required controls verified,Energy Isolation,Low,Not required
SIF-0508,Near-Miss,Site C,Grinding,A near-miss was observed during Grinding when Hot Work precautions were incomplete. The report indicates a clear SIF precursor requiring HSE review.,English,YES,Uncontrolled hazard,Barrier failure identified,Hot Work,High,Required
SIF-0509,Unsafe Act,Site F,Vehicle Movement,A planned Vehicle Movement task was completed with appropriate supervision and documented Line of Fire controls. No credible SIF potential was found.,English,NO,No credible SIF precursor,Required controls verified,Line of Fire,Normal,Not required
SIF-0510,Unsafe Act,Site C,Electrical Maintenance,"During inspection of Electrical Maintenance, personnel were found within a hazardous exposure zone without adequate Energy Isolation protection. Immediate correction was required.",English,YES,Unsafe positioning,Near-miss with serious consequence potential,Energy Isolation,High,Required
SIF-0511,Near-Miss,Site E,Grinding,Routine Grinding was completed with the required Hot Work controls verified and documented. No credible SIF precursor was identified.,English,NO,No credible SIF precursor,Permit and barriers confirmed,Hot Work,Low,Not required
SIF-0512,Near-Miss,Site B,Lifting Operation,"During Lifting Operation, the required Line of Fire control was not verified. Personnel were exposed to a credible high-energy hazard, although no serious injury occurred.",English,YES,Barrier failure,Permit/control verification incomplete,Line of Fire,High,Required
SIF-0513,Unsafe Act,Site A,Vessel Cleaning,A planned Vessel Cleaning task was completed with appropriate supervision and documented Confined Space controls. No credible SIF potential was found.,English,NO,No credible SIF precursor,Required controls verified,Confined Space,Low,Not required
SIF-0514,Near-Miss,Site D,Compressor Maintenance,A barrier failure was identified during Compressor Maintenance. The missing or ineffective Energy Isolation control left workers exposed to a high-consequence hazard.,English,YES,Control failure,Personnel exposed to high-energy hazard,Energy Isolation,High,Required
SIF-0515,Incident,Site F,Vessel Cleaning,"During Vessel Cleaning, the team followed the approved procedure and confirmed Confined Space controls before starting work. No serious-injury precursor was observed.",English,NO,No credible SIF precursor,Personnel maintained safe position,Confined Space,Low,Not required
SIF-0516,Near-Miss,Site F,Electrical Maintenance,"During inspection of Electrical Maintenance, personnel were found within a hazardous exposure zone without adequate Energy Isolation protection. Immediate correction was required.",English,YES,Control failure,Required control was missing or not verified,Energy Isolation,Critical,Required
SIF-0517,Unsafe Act,Site F,Vessel Cleaning,"During Vessel Cleaning, the team followed the approved procedure and confirmed Confined Space controls before starting work. No serious-injury precursor was observed.",English,NO,No credible SIF precursor,Approved procedure followed,Confined Space,Low,Not required
SIF-0518,Incident,Site A,Electrical Maintenance,"During inspection of Electrical Maintenance, personnel were found within a hazardous exposure zone without adequate Energy Isolation protection. Immediate correction was required.",English,YES,Control failure,Barrier failure identified,Energy Isolation,Critical,Required
SIF-0519,Unsafe Act,Site D,Vessel Cleaning,A routine inspection of Vessel Cleaning found controls in place and personnel outside the hazard zone. The report does not indicate SIF potential.,English,NO,No credible SIF precursor,Approved procedure followed,Confined Space,Normal,Not required
SIF-0520,Unsafe Condition,Site C,Crane Operation,The report describes a near-miss in Crane Operation involving inadequate Line of Fire controls and uncontrolled exposure. HSE attention was recommended.,English,YES,Barrier failure,Barrier failure identified,Line of Fire,Critical,Required
SIF-0521,Unsafe Condition,Site B,Vessel Cleaning,Routine Vessel Cleaning was completed with the required Confined Space controls verified and documented. No credible SIF precursor was identified.,English,NO,No credible SIF precursor,Permit and barriers confirmed,Confined Space,Low,Not required
SIF-0522,Near-Miss,Site E,Tank Entry,Worker started Tank Entry without confirming effective Confined Space controls. The hazard remained exposed and the condition had potential for serious injury or fatality.,English,YES,Uncontrolled hazard,Barrier failure identified,Confined Space,High,Required
SIF-0523,Near-Miss,Site F,Electrical Maintenance,Routine Electrical Maintenance was completed with the required Energy Isolation controls verified and documented. No credible SIF precursor was identified.,English,NO,No credible SIF precursor,Approved procedure followed,Energy Isolation,Low,Not required
SIF-0524,Unsafe Act,Site D,Electrical Maintenance,A near-miss was observed during Electrical Maintenance when Energy Isolation precautions were incomplete. The report indicates a clear SIF precursor requiring HSE review.,English,YES,Control failure,Near-miss with serious consequence potential,Energy Isolation,Critical,Required
SIF-0525,Incident,Site B,Compressor Maintenance,The report records a normal safety observation during Compressor Maintenance. Required controls were effective and no high-consequence exposure was identified.,English,NO,No credible SIF precursor,Personnel maintained safe position,Energy Isolation,Normal,Not required
SIF-0526,Unsafe Act,Site E,Pipeline Repair,A near-miss was observed during Pipeline Repair when Energy Isolation precautions were incomplete. The report indicates a clear SIF precursor requiring HSE review.,English,YES,Control failure,Near-miss with serious consequence potential,Energy Isolation,Critical,Required
SIF-0527,Unsafe Act,Site E,Crane Operation,"The crew completed Crane Operation after confirming permits, barriers, and Line of Fire requirements. No significant safety precursor was reported.",English,NO,No credible SIF precursor,Routine observation with effective controls,Line of Fire,Low,Not required
SIF-0528,Near-Miss,Site C,Tank Entry,An unsafe act occurred during Tank Entry; the crew proceeded before confirming Confined Space controls. The event had serious-injury potential despite no major consequence.,English,YES,Energy exposure,Unsafe positioning or uncontrolled exposure,Confined Space,Critical,Required
SIF-0529,Unsafe Condition,Site C,Grinding,Routine Grinding was completed with the required Hot Work controls verified and documented. No credible SIF precursor was identified.,English,NO,No credible SIF precursor,Approved procedure followed,Hot Work,Low,Not required
SIF-0530,Unsafe Condition,Site A,Crane Operation,"During Crane Operation, the required Line of Fire control was not verified. Personnel were exposed to a credible high-energy hazard, although no serious injury occurred.",English,YES,Unsafe positioning,Personnel exposed to high-energy hazard,Line of Fire,Critical,Required
SIF-0531,Unsafe Act,Site D,Lifting Operation,"During Lifting Operation, the supervisor verified the relevant Line of Fire control and the work proceeded within the approved safe limits. No SIF precursor was identified.",English,NO,No credible SIF precursor,Personnel maintained safe position,Line of Fire,Low,Not required
SIF-0532,Incident,Site C,Grinding,"During inspection of Grinding, personnel were found within a hazardous exposure zone without adequate Hot Work protection. Immediate correction was required.",English,YES,Barrier failure,Required control was missing or not verified,Hot Work,High,Required
SIF-0533,Unsafe Act,Site F,Vehicle Movement,"During Vehicle Movement, the team followed the approved procedure and confirmed Line of Fire controls before starting work. No serious-injury precursor was observed.",English,NO,No credible SIF precursor,Personnel maintained safe position,Line of Fire,Low,Not required
SIF-0534,Unsafe Condition,Site F,Pipeline Repair,An unsafe act occurred during Pipeline Repair; the crew proceeded before confirming Energy Isolation controls. The event had serious-injury potential despite no major consequence.,English,YES,Uncontrolled hazard,Unsafe positioning or uncontrolled exposure,Energy Isolation,High,Required
SIF-0535,Unsafe Condition,Site C,Vehicle Movement,Routine Vehicle Movement was completed with the required Line of Fire controls verified and documented. No credible SIF precursor was identified.,English,NO,No credible SIF precursor,Permit and barriers confirmed,Line of Fire,Normal,Not required
SIF-0536,Unsafe Condition,Site F,Vessel Cleaning,"During Vessel Cleaning, the required Confined Space control was not verified. Personnel were exposed to a credible high-energy hazard, although no serious injury occurred.",English,YES,Barrier failure,Unsafe positioning or uncontrolled exposure,Confined Space,High,Required
SIF-0537,Unsafe Act,Site A,Pipeline Repair,A planned Pipeline Repair task was completed with appropriate supervision and documented Energy Isolation controls. No credible SIF potential was found.,English,NO,No credible SIF precursor,Approved procedure followed,Energy Isolation,Low,Not required
SIF-0538,Near-Miss,Site D,Tank Entry,"During Tank Entry, the required Confined Space control was not verified. Personnel were exposed to a credible high-energy hazard, although no serious injury occurred.",English,YES,Control failure,Permit/control verification incomplete,Confined Space,Critical,Required
SIF-0539,Unsafe Condition,Site A,Compressor Maintenance,The report records a normal safety observation during Compressor Maintenance. Required controls were effective and no high-consequence exposure was identified.,English,NO,No credible SIF precursor,Permit and barriers confirmed,Energy Isolation,Low,Not required
SIF-0540,Unsafe Act,Site C,Pipeline Repair,Worker started Pipeline Repair without confirming effective Energy Isolation controls. The hazard remained exposed and the condition had potential for serious injury or fatality.,English,YES,Barrier failure,Unsafe positioning or uncontrolled exposure,Energy Isolation,High,Required
SIF-0541,Incident,Site D,Crane Operation,"The crew completed Crane Operation after confirming permits, barriers, and Line of Fire requirements. No significant safety precursor was reported.",English,NO,No credible SIF precursor,Required controls verified,Line of Fire,Normal,Not required
SIF-0542,Near-Miss,Site B,Electrical Maintenance,The team was preparing for Electrical Maintenance while the Energy Isolation control was bypassed or incomplete. The unsafe condition could have resulted in severe harm.,English,YES,Energy exposure,Personnel exposed to high-energy hazard,Energy Isolation,Critical,Required
SIF-0543,Unsafe Act,Site B,Grinding,"During Grinding, the supervisor verified the relevant Hot Work control and the work proceeded within the approved safe limits. No SIF precursor was identified.",English,NO,No credible SIF precursor,No high-consequence exposure identified,Hot Work,Low,Not required
SIF-0544,Incident,Site D,Vehicle Movement,The report describes a near-miss in Vehicle Movement involving inadequate Line of Fire controls and uncontrolled exposure. HSE attention was recommended.,English,YES,Energy exposure,Required control was missing or not verified,Line of Fire,High,Required
SIF-0545,Incident,Site B,Electrical Maintenance,"During Electrical Maintenance, the team followed the approved procedure and confirmed Energy Isolation controls before starting work. No serious-injury precursor was observed.",English,NO,No credible SIF precursor,Routine observation with effective controls,Energy Isolation,Low,Not required
SIF-0546,Incident,Site A,Vessel Cleaning,An unsafe act occurred during Vessel Cleaning; the crew proceeded before confirming Confined Space controls. The event had serious-injury potential despite no major consequence.,English,YES,Energy exposure,Unsafe positioning or uncontrolled exposure,Confined Space,Critical,Required
SIF-0547,Near-Miss,Site E,Crane Operation,"The crew completed Crane Operation after confirming permits, barriers, and Line of Fire requirements. No significant safety precursor was reported.",English,NO,No credible SIF precursor,Personnel maintained safe position,Line of Fire,Low,Not required
SIF-0548,Unsafe Condition,Site C,Compressor Maintenance,Worker started Compressor Maintenance without confirming effective Energy Isolation controls. The hazard remained exposed and the condition had potential for serious injury or fatality.,English,YES,Unsafe positioning,Barrier failure identified,Energy Isolation,High,Required
SIF-0549,Unsafe Condition,Site C,Vessel Cleaning,"During Vessel Cleaning, the team followed the approved procedure and confirmed Confined Space controls before starting work. No serious-injury precursor was observed.",English,NO,No credible SIF precursor,Required controls verified,Confined Space,Low,Not required
SIF-0550,Unsafe Act,Site C,Tank Entry,The team was preparing for Tank Entry while the Confined Space control was bypassed or incomplete. The unsafe condition could have resulted in severe harm.,English,YES,Energy exposure,Permit/control verification incomplete,Confined Space,Critical,Required
SIF-0551,Unsafe Condition,Site B,Welding Near Hydrocarbon Equipment,"During Welding Near Hydrocarbon Equipment, the supervisor verified the relevant Hot Work control and the work proceeded within the approved safe limits. No SIF precursor was identified.",English,NO,No credible SIF precursor,Personnel maintained safe position,Hot Work,Normal,Not required
SIF-0552,Near-Miss,Site A,Crane Operation,A near-miss was observed during Crane Operation when Line of Fire precautions were incomplete. The report indicates a clear SIF precursor requiring HSE review.,English,YES,Unsafe positioning,Permit/control verification incomplete,Line of Fire,High,Required
SIF-0553,Unsafe Condition,Site C,Vessel Cleaning,"The crew completed Vessel Cleaning after confirming permits, barriers, and Confined Space requirements. No significant safety precursor was reported.",English,NO,No credible SIF precursor,Required controls verified,Confined Space,Low,Not required
SIF-0554,Unsafe Condition,Site B,Compressor Maintenance,Worker started Compressor Maintenance without confirming effective Energy Isolation controls. The hazard remained exposed and the condition had potential for serious injury or fatality.,English,YES,Control failure,Permit/control verification incomplete,Energy Isolation,Critical,Required
SIF-0555,Unsafe Condition,Site E,Lifting Operation,A planned Lifting Operation task was completed with appropriate supervision and documented Line of Fire controls. No credible SIF potential was found.,English,NO,No credible SIF precursor,Approved procedure followed,Line of Fire,Normal,Not required
SIF-0556,Unsafe Act,Site C,Welding Near Hydrocarbon Equipment,Worker started Welding Near Hydrocarbon Equipment without confirming effective Hot Work controls. The hazard remained exposed and the condition had potential for serious injury or fatality.,English,YES,Control failure,Personnel exposed to high-energy hazard,Hot Work,High,Required
SIF-0557,Unsafe Act,Site C,Vessel Cleaning,A routine inspection of Vessel Cleaning found controls in place and personnel outside the hazard zone. The report does not indicate SIF potential.,English,NO,No credible SIF precursor,Routine observation with effective controls,Confined Space,Normal,Not required
SIF-0558,Near-Miss,Site A,Crane Operation,"During inspection of Crane Operation, personnel were found within a hazardous exposure zone without adequate Line of Fire protection. Immediate correction was required.",English,YES,Barrier failure,Barrier failure identified,Line of Fire,High,Required
SIF-0559,Incident,Site F,Electrical Maintenance,The report records a normal safety observation during Electrical Maintenance. Required controls were effective and no high-consequence exposure was identified.,English,NO,No credible SIF precursor,Personnel maintained safe position,Energy Isolation,Low,Not required
SIF-0560,Near-Miss,Site F,Vessel Cleaning,The team was preparing for Vessel Cleaning while the Confined Space control was bypassed or incomplete. The unsafe condition could have resulted in severe harm.,English,YES,Unsafe positioning,Near-miss with serious consequence potential,Confined Space,High,Required
SIF-0561,Near-Miss,Site F,Vehicle Movement,"During Vehicle Movement, the team followed the approved procedure and confirmed Line of Fire controls before starting work. No serious-injury precursor was observed.",English,NO,No credible SIF precursor,Approved procedure followed,Line of Fire,Low,Not required
SIF-0562,Unsafe Act,Site D,Crane Operation,A near-miss was observed during Crane Operation when Line of Fire precautions were incomplete. The report indicates a clear SIF precursor requiring HSE review.,English,YES,Incomplete permit/control,Permit/control verification incomplete,Line of Fire,Critical,Required
SIF-0563,Unsafe Act,Site F,Tank Entry,"The crew completed Tank Entry after confirming permits, barriers, and Confined Space requirements. No significant safety precursor was reported.",English,NO,No credible SIF precursor,Approved procedure followed,Confined Space,Normal,Not required
SIF-0564,Near-Miss,Site B,Pipeline Repair,An unsafe act occurred during Pipeline Repair; the crew proceeded before confirming Energy Isolation controls. The event had serious-injury potential despite no major consequence.,English,YES,Uncontrolled hazard,Personnel exposed to high-energy hazard,Energy Isolation,High,Required
SIF-0565,Unsafe Act,Site D,Lifting Operation,A routine inspection of Lifting Operation found controls in place and personnel outside the hazard zone. The report does not indicate SIF potential.,English,NO,No credible SIF precursor,Approved procedure followed,Line of Fire,Low,Not required
SIF-0566,Near-Miss,Site C,Pipeline Repair,"During Pipeline Repair, the required Energy Isolation control was not verified. Personnel were exposed to a credible high-energy hazard, although no serious injury occurred.",English,YES,Control failure,Near-miss with serious consequence potential,Energy Isolation,High,Required
SIF-0567,Incident,Site D,Electrical Maintenance,"During Electrical Maintenance, the team followed the approved procedure and confirmed Energy Isolation controls before starting work. No serious-injury precursor was observed.",English,NO,No credible SIF precursor,Permit and barriers confirmed,Energy Isolation,Normal,Not required
SIF-0568,Incident,Site C,Electrical Maintenance,"During Electrical Maintenance, the required Energy Isolation control was not verified. Personnel were exposed to a credible high-energy hazard, although no serious injury occurred.",English,YES,Barrier failure,Unsafe positioning or uncontrolled exposure,Energy Isolation,High,Required
SIF-0569,Unsafe Act,Site A,Grinding,A routine inspection of Grinding found controls in place and personnel outside the hazard zone. The report does not indicate SIF potential.,English,NO,No credible SIF precursor,Required controls verified,Hot Work,Normal,Not required
SIF-0570,Unsafe Act,Site A,Vehicle Movement,An unsafe act occurred during Vehicle Movement; the crew proceeded before confirming Line of Fire controls. The event had serious-injury potential despite no major consequence.,English,YES,Barrier failure,Personnel exposed to high-energy hazard,Line of Fire,Critical,Required
SIF-0571,Unsafe Act,Site E,Pipeline Repair,A routine inspection of Pipeline Repair found controls in place and personnel outside the hazard zone. The report does not indicate SIF potential.,English,NO,No credible SIF precursor,No high-consequence exposure identified,Energy Isolation,Normal,Not required
SIF-0572,Unsafe Condition,Site D,Compressor Maintenance,A barrier failure was identified during Compressor Maintenance. The missing or ineffective Energy Isolation control left workers exposed to a high-consequence hazard.,English,YES,Control failure,Personnel exposed to high-energy hazard,Energy Isolation,High,Required
SIF-0573,Unsafe Condition,Site B,Lifting Operation,"The crew completed Lifting Operation after confirming permits, barriers, and Line of Fire requirements. No significant safety precursor was reported.",English,NO,No credible SIF precursor,Routine observation with effective controls,Line of Fire,Normal,Not required
SIF-0574,Unsafe Condition,Site C,Vehicle Movement,"During Vehicle Movement, the required Line of Fire control was not verified. Personnel were exposed to a credible high-energy hazard, although no serious injury occurred.",English,YES,Incomplete permit/control,Required control was missing or not verified,Line of Fire,Critical,Required
SIF-0575,Unsafe Condition,Site D,Vessel Cleaning,Routine Vessel Cleaning was completed with the required Confined Space controls verified and documented. No credible SIF precursor was identified.,English,NO,No credible SIF precursor,Personnel maintained safe position,Confined Space,Low,Not required
SIF-0576,Near-Miss,Site A,Electrical Maintenance,The report describes a near-miss in Electrical Maintenance involving inadequate Energy Isolation controls and uncontrolled exposure. HSE attention was recommended.,English,YES,Control failure,Personnel exposed to high-energy hazard,Energy Isolation,High,Required
SIF-0577,Near-Miss,Site B,Tank Entry,Routine Tank Entry was completed with the required Confined Space controls verified and documented. No credible SIF precursor was identified.,English,NO,No credible SIF precursor,Permit and barriers confirmed,Confined Space,Low,Not required
SIF-0578,Incident,Site D,Vehicle Movement,The report describes a near-miss in Vehicle Movement involving inadequate Line of Fire controls and uncontrolled exposure. HSE attention was recommended.,English,YES,Control failure,Near-miss with serious consequence potential,Line of Fire,Critical,Required
SIF-0579,Unsafe Condition,Site D,Vessel Cleaning,A routine inspection of Vessel Cleaning found controls in place and personnel outside the hazard zone. The report does not indicate SIF potential.,English,NO,No credible SIF precursor,Permit and barriers confirmed,Confined Space,Normal,Not required
SIF-0580,Unsafe Act,Site D,Welding Near Hydrocarbon Equipment,"During inspection of Welding Near Hydrocarbon Equipment, personnel were found within a hazardous exposure zone without adequate Hot Work protection. Immediate correction was required.",English,YES,Energy exposure,Unsafe positioning or uncontrolled exposure,Hot Work,Critical,Required
SIF-0581,Unsafe Act,Site C,Tank Entry,"During Tank Entry, the team followed the approved procedure and confirmed Confined Space controls before starting work. No serious-injury precursor was observed.",English,NO,No credible SIF precursor,Routine observation with effective controls,Confined Space,Low,Not required
SIF-0582,Near-Miss,Site F,Pipeline Repair,A barrier failure was identified during Pipeline Repair. The missing or ineffective Energy Isolation control left workers exposed to a high-consequence hazard.,English,YES,Incomplete permit/control,Permit/control verification incomplete,Energy Isolation,High,Required
SIF-0583,Incident,Site D,Compressor Maintenance,"During Compressor Maintenance, the supervisor verified the relevant Energy Isolation control and the work proceeded within the approved safe limits. No SIF precursor was identified.",English,NO,No credible SIF precursor,Routine observation with effective controls,Energy Isolation,Normal,Not required
SIF-0584,Incident,Site B,Crane Operation,"During inspection of Crane Operation, personnel were found within a hazardous exposure zone without adequate Line of Fire protection. Immediate correction was required.",English,YES,Uncontrolled hazard,Required control was missing or not verified,Line of Fire,Critical,Required
SIF-0585,Unsafe Condition,Site E,Compressor Maintenance,Routine Compressor Maintenance was completed with the required Energy Isolation controls verified and documented. No credible SIF precursor was identified.,English,NO,No credible SIF precursor,Permit and barriers confirmed,Energy Isolation,Low,Not required
SIF-0586,Unsafe Condition,Site B,Welding Near Hydrocarbon Equipment,A near-miss was observed during Welding Near Hydrocarbon Equipment when Hot Work precautions were incomplete. The report indicates a clear SIF precursor requiring HSE review.,English,YES,Control failure,Required control was missing or not verified,Hot Work,Critical,Required
SIF-0587,Unsafe Condition,Site B,Electrical Maintenance,A planned Electrical Maintenance task was completed with appropriate supervision and documented Energy Isolation controls. No credible SIF potential was found.,English,NO,No credible SIF precursor,No high-consequence exposure identified,Energy Isolation,Normal,Not required
SIF-0588,Unsafe Act,Site F,Lifting Operation,"During Lifting Operation, the required Line of Fire control was not verified. Personnel were exposed to a credible high-energy hazard, although no serious injury occurred.",English,YES,Incomplete permit/control,Unsafe positioning or uncontrolled exposure,Line of Fire,Critical,Required
SIF-0589,Incident,Site C,Lifting Operation,A planned Lifting Operation task was completed with appropriate supervision and documented Line of Fire controls. No credible SIF potential was found.,English,NO,No credible SIF precursor,Required controls verified,Line of Fire,Normal,Not required
SIF-0590,Unsafe Condition,Site D,Pipeline Repair,A near-miss was observed during Pipeline Repair when Energy Isolation precautions were incomplete. The report indicates a clear SIF precursor requiring HSE review.,English,YES,Control failure,Permit/control verification incomplete,Energy Isolation,High,Required
SIF-0591,Near-Miss,Site A,Crane Operation,A planned Crane Operation task was completed with appropriate supervision and documented Line of Fire controls. No credible SIF potential was found.,English,NO,No credible SIF precursor,No high-consequence exposure identified,Line of Fire,Normal,Not required
SIF-0592,Incident,Site C,Electrical Maintenance,The report describes a near-miss in Electrical Maintenance involving inadequate Energy Isolation controls and uncontrolled exposure. HSE attention was recommended.,English,YES,Control failure,Permit/control verification incomplete,Energy Isolation,Critical,Required
SIF-0593,Incident,Site C,Welding Near Hydrocarbon Equipment,"During Welding Near Hydrocarbon Equipment, the team followed the approved procedure and confirmed Hot Work controls before starting work. No serious-injury precursor was observed.",English,NO,No credible SIF precursor,No high-consequence exposure identified,Hot Work,Normal,Not required
SIF-0594,Near-Miss,Site D,Compressor Maintenance,The team was preparing for Compressor Maintenance while the Energy Isolation control was bypassed or incomplete. The unsafe condition could have resulted in severe harm.,English,YES,Energy exposure,Required control was missing or not verified,Energy Isolation,Critical,Required
SIF-0595,Near-Miss,Site A,Lifting Operation,A planned Lifting Operation task was completed with appropriate supervision and documented Line of Fire controls. No credible SIF potential was found.,English,NO,No credible SIF precursor,Personnel maintained safe position,Line of Fire,Normal,Not required
SIF-0596,Unsafe Act,Site D,Vehicle Movement,The team was preparing for Vehicle Movement while the Line of Fire control was bypassed or incomplete. The unsafe condition could have resulted in severe harm.,English,YES,Uncontrolled hazard,Personnel exposed to high-energy hazard,Line of Fire,Critical,Required
SIF-0597,Near-Miss,Site C,Grinding,The report records a normal safety observation during Grinding. Required controls were effective and no high-consequence exposure was identified.,English,NO,No credible SIF precursor,Permit and barriers confirmed,Hot Work,Low,Not required
SIF-0598,Unsafe Condition,Site D,Tank Entry,A barrier failure was identified during Tank Entry. The missing or ineffective Confined Space control left workers exposed to a high-consequence hazard.,English,YES,Incomplete permit/control,Near-miss with serious consequence potential,Confined Space,Critical,Required
SIF-0599,Unsafe Condition,Site A,Lifting Operation,Routine Lifting Operation was completed with the required Line of Fire controls verified and documented. No credible SIF precursor was identified.,English,NO,No credible SIF precursor,Personnel maintained safe position,Line of Fire,Normal,Not required
SIF-0600,Unsafe Act,Site E,Welding Near Hydrocarbon Equipment,A near-miss was observed during Welding Near Hydrocarbon Equipment when Hot Work precautions were incomplete. The report indicates a clear SIF precursor requiring HSE review.,English,YES,Control failure,Personnel exposed to high-energy hazard,Hot Work,High,Required
SIF-0601,Incident,Site A,Tank Entry,Routine Tank Entry was completed with the required Confined Space controls verified and documented. No credible SIF precursor was identified.,English,NO,No credible SIF precursor,Personnel maintained safe position,Confined Space,Low,Not required
SIF-0602,Incident,Site C,Vehicle Movement,A barrier failure was identified during Vehicle Movement. The missing or ineffective Line of Fire control left workers exposed to a high-consequence hazard.,English,YES,Uncontrolled hazard,Near-miss with serious consequence potential,Line of Fire,High,Required
SIF-0603,Near-Miss,Site B,Compressor Maintenance,"The crew completed Compressor Maintenance after confirming permits, barriers, and Energy Isolation requirements. No significant safety precursor was reported.",English,NO,No credible SIF precursor,No high-consequence exposure identified,Energy Isolation,Normal,Not required
SIF-0604,Near-Miss,Site D,Welding Near Hydrocarbon Equipment,An unsafe act occurred during Welding Near Hydrocarbon Equipment; the crew proceeded before confirming Hot Work controls. The event had serious-injury potential despite no major consequence.,English,YES,Uncontrolled hazard,Personnel exposed to high-energy hazard,Hot Work,Critical,Required
SIF-0605,Unsafe Act,Site C,Pipeline Repair,"The crew completed Pipeline Repair after confirming permits, barriers, and Energy Isolation requirements. No significant safety precursor was reported.",English,NO,No credible SIF precursor,Required controls verified,Energy Isolation,Low,Not required
SIF-0606,Unsafe Condition,Site B,Crane Operation,The team was preparing for Crane Operation while the Line of Fire control was bypassed or incomplete. The unsafe condition could have resulted in severe harm.,English,YES,Energy exposure,Near-miss with serious consequence potential,Line of Fire,High,Required
SIF-0607,Unsafe Act,Site E,Electrical Maintenance,A planned Electrical Maintenance task was completed with appropriate supervision and documented Energy Isolation controls. No credible SIF potential was found.,English,NO,No credible SIF precursor,Routine observation with effective controls,Energy Isolation,Low,Not required
SIF-0608,Unsafe Condition,Site B,Grinding,Worker started Grinding without confirming effective Hot Work controls. The hazard remained exposed and the condition had potential for serious injury or fatality.,English,YES,Incomplete permit/control,Personnel exposed to high-energy hazard,Hot Work,Critical,Required
SIF-0609,Near-Miss,Site F,Vehicle Movement,"The crew completed Vehicle Movement after confirming permits, barriers, and Line of Fire requirements. No significant safety precursor was reported.",English,NO,No credible SIF precursor,Permit and barriers confirmed,Line of Fire,Normal,Not required
SIF-0610,Unsafe Condition,Site C,Grinding,The report describes a near-miss in Grinding involving inadequate Hot Work controls and uncontrolled exposure. HSE attention was recommended.,English,YES,Incomplete permit/control,Barrier failure identified,Hot Work,Critical,Required
SIF-0611,Near-Miss,Site A,Pipeline Repair,"During Pipeline Repair, the supervisor verified the relevant Energy Isolation control and the work proceeded within the approved safe limits. No SIF precursor was identified.",English,NO,No credible SIF precursor,Routine observation with effective controls,Energy Isolation,Normal,Not required
SIF-0612,Unsafe Act,Site F,Vehicle Movement,The report describes a near-miss in Vehicle Movement involving inadequate Line of Fire controls and uncontrolled exposure. HSE attention was recommended.,English,YES,Energy exposure,Required control was missing or not verified,Line of Fire,Critical,Required
SIF-0613,Near-Miss,Site C,Lifting Operation,The report records a normal safety observation during Lifting Operation. Required controls were effective and no high-consequence exposure was identified.,English,NO,No credible SIF precursor,Routine observation with effective controls,Line of Fire,Normal,Not required
SIF-0614,Unsafe Condition,Site B,Tank Entry,Worker started Tank Entry without confirming effective Confined Space controls. The hazard remained exposed and the condition had potential for serious injury or fatality.,English,YES,Uncontrolled hazard,Permit/control verification incomplete,Confined Space,Critical,Required
SIF-0615,Unsafe Condition,Site F,Lifting Operation,The report records a normal safety observation during Lifting Operation. Required controls were effective and no high-consequence exposure was identified.,English,NO,No credible SIF precursor,Required controls verified,Line of Fire,Normal,Not required
SIF-0616,Incident,Site C,Vehicle Movement,A barrier failure was identified during Vehicle Movement. The missing or ineffective Line of Fire control left workers exposed to a high-consequence hazard.,English,YES,Incomplete permit/control,Unsafe positioning or uncontrolled exposure,Line of Fire,High,Required
SIF-0617,Near-Miss,Site B,Crane Operation,The report records a normal safety observation during Crane Operation. Required controls were effective and no high-consequence exposure was identified.,English,NO,No credible SIF precursor,Routine observation with effective controls,Line of Fire,Low,Not required
SIF-0618,Incident,Site F,Vessel Cleaning,An unsafe act occurred during Vessel Cleaning; the crew proceeded before confirming Confined Space controls. The event had serious-injury potential despite no major consequence.,English,YES,Barrier failure,Permit/control verification incomplete,Confined Space,Critical,Required
SIF-0619,Near-Miss,Site B,Vessel Cleaning,Routine Vessel Cleaning was completed with the required Confined Space controls verified and documented. No credible SIF precursor was identified.,English,NO,No credible SIF precursor,Permit and barriers confirmed,Confined Space,Low,Not required
SIF-0620,Unsafe Condition,Site F,Vehicle Movement,An unsafe act occurred during Vehicle Movement; the crew proceeded before confirming Line of Fire controls. The event had serious-injury potential despite no major consequence.,English,YES,Barrier failure,Near-miss with serious consequence potential,Line of Fire,High,Required
SIF-0621,Near-Miss,Site B,Lifting Operation,"The crew completed Lifting Operation after confirming permits, barriers, and Line of Fire requirements. No significant safety precursor was reported.",English,NO,No credible SIF precursor,Personnel maintained safe position,Line of Fire,Normal,Not required
SIF-0622,Near-Miss,Site E,Vehicle Movement,The report describes a near-miss in Vehicle Movement involving inadequate Line of Fire controls and uncontrolled exposure. HSE attention was recommended.,English,YES,Control failure,Required control was missing or not verified,Line of Fire,Critical,Required
SIF-0623,Unsafe Act,Site E,Crane Operation,"The crew completed Crane Operation after confirming permits, barriers, and Line of Fire requirements. No significant safety precursor was reported.",English,NO,No credible SIF precursor,Approved procedure followed,Line of Fire,Low,Not required
SIF-0624,Near-Miss,Site E,Electrical Maintenance,A barrier failure was identified during Electrical Maintenance. The missing or ineffective Energy Isolation control left workers exposed to a high-consequence hazard.,English,YES,Barrier failure,Required control was missing or not verified,Energy Isolation,High,Required
SIF-0625,Incident,Site C,Tank Entry,"During Tank Entry, the supervisor verified the relevant Confined Space control and the work proceeded within the approved safe limits. No SIF precursor was identified.",English,NO,No credible SIF precursor,Permit and barriers confirmed,Confined Space,Low,Not required
SIF-0626,Unsafe Condition,Site F,Lifting Operation,"During Lifting Operation, the required Line of Fire control was not verified. Personnel were exposed to a credible high-energy hazard, although no serious injury occurred.",English,YES,Uncontrolled hazard,Unsafe positioning or uncontrolled exposure,Line of Fire,Critical,Required
SIF-0627,Unsafe Act,Site C,Welding Near Hydrocarbon Equipment,Routine Welding Near Hydrocarbon Equipment was completed with the required Hot Work controls verified and documented. No credible SIF precursor was identified.,English,NO,No credible SIF precursor,Permit and barriers confirmed,Hot Work,Normal,Not required
SIF-0628,Unsafe Condition,Site B,Tank Entry,The report describes a near-miss in Tank Entry involving inadequate Confined Space controls and uncontrolled exposure. HSE attention was recommended.,English,YES,Incomplete permit/control,Required control was missing or not verified,Confined Space,High,Required
SIF-0629,Incident,Site F,Electrical Maintenance,"The crew completed Electrical Maintenance after confirming permits, barriers, and Energy Isolation requirements. No significant safety precursor was reported.",English,NO,No credible SIF precursor,Permit and barriers confirmed,Energy Isolation,Normal,Not required
SIF-0630,Unsafe Act,Site A,Electrical Maintenance,The team was preparing for Electrical Maintenance while the Energy Isolation control was bypassed or incomplete. The unsafe condition could have resulted in severe harm.,English,YES,Control failure,Near-miss with serious consequence potential,Energy Isolation,Critical,Required
SIF-0631,Unsafe Condition,Site E,Lifting Operation,Routine Lifting Operation was completed with the required Line of Fire controls verified and documented. No credible SIF precursor was identified.,English,NO,No credible SIF precursor,Routine observation with effective controls,Line of Fire,Low,Not required
SIF-0632,Near-Miss,Site B,Tank Entry,"During inspection of Tank Entry, personnel were found within a hazardous exposure zone without adequate Confined Space protection. Immediate correction was required.",English,YES,Unsafe positioning,Personnel exposed to high-energy hazard,Confined Space,High,Required
SIF-0633,Near-Miss,Site E,Vessel Cleaning,"During Vessel Cleaning, the team followed the approved procedure and confirmed Confined Space controls before starting work. No serious-injury precursor was observed.",English,NO,No credible SIF precursor,Required controls verified,Confined Space,Low,Not required
SIF-0634,Incident,Site C,Vehicle Movement,An unsafe act occurred during Vehicle Movement; the crew proceeded before confirming Line of Fire controls. The event had serious-injury potential despite no major consequence.,English,YES,Energy exposure,Unsafe positioning or uncontrolled exposure,Line of Fire,High,Required
SIF-0635,Unsafe Condition,Site C,Grinding,"During Grinding, the team followed the approved procedure and confirmed Hot Work controls before starting work. No serious-injury precursor was observed.",English,NO,No credible SIF precursor,Permit and barriers confirmed,Hot Work,Low,Not required
SIF-0636,Unsafe Condition,Site B,Tank Entry,The team was preparing for Tank Entry while the Confined Space control was bypassed or incomplete. The unsafe condition could have resulted in severe harm.,English,YES,Incomplete permit/control,Near-miss with serious consequence potential,Confined Space,High,Required
SIF-0637,Unsafe Act,Site B,Vessel Cleaning,A routine inspection of Vessel Cleaning found controls in place and personnel outside the hazard zone. The report does not indicate SIF potential.,English,NO,No credible SIF precursor,Routine observation with effective controls,Confined Space,Low,Not required
SIF-0638,Near-Miss,Site F,Electrical Maintenance,Worker started Electrical Maintenance without confirming effective Energy Isolation controls. The hazard remained exposed and the condition had potential for serious injury or fatality.,English,YES,Uncontrolled hazard,Permit/control verification incomplete,Energy Isolation,High,Required
SIF-0639,Unsafe Act,Site F,Pipeline Repair,Routine Pipeline Repair was completed with the required Energy Isolation controls verified and documented. No credible SIF precursor was identified.,English,NO,No credible SIF precursor,Routine observation with effective controls,Energy Isolation,Low,Not required
SIF-0640,Incident,Site D,Electrical Maintenance,"During Electrical Maintenance, the required Energy Isolation control was not verified. Personnel were exposed to a credible high-energy hazard, although no serious injury occurred.",English,YES,Unsafe positioning,Permit/control verification incomplete,Energy Isolation,Critical,Required
SIF-0641,Unsafe Act,Site B,Welding Near Hydrocarbon Equipment,A routine inspection of Welding Near Hydrocarbon Equipment found controls in place and personnel outside the hazard zone. The report does not indicate SIF potential.,English,NO,No credible SIF precursor,Permit and barriers confirmed,Hot Work,Low,Not required
SIF-0642,Unsafe Condition,Site C,Vessel Cleaning,A barrier failure was identified during Vessel Cleaning. The missing or ineffective Confined Space control left workers exposed to a high-consequence hazard.,English,YES,Energy exposure,Required control was missing or not verified,Confined Space,High,Required
SIF-0643,Incident,Site A,Pipeline Repair,"During Pipeline Repair, the team followed the approved procedure and confirmed Energy Isolation controls before starting work. No serious-injury precursor was observed.",English,NO,No credible SIF precursor,No high-consequence exposure identified,Energy Isolation,Low,Not required
SIF-0644,Unsafe Condition,Site E,Vehicle Movement,An unsafe act occurred during Vehicle Movement; the crew proceeded before confirming Line of Fire controls. The event had serious-injury potential despite no major consequence.,English,YES,Energy exposure,Near-miss with serious consequence potential,Line of Fire,Critical,Required
SIF-0645,Incident,Site A,Welding Near Hydrocarbon Equipment,"During Welding Near Hydrocarbon Equipment, the team followed the approved procedure and confirmed Hot Work controls before starting work. No serious-injury precursor was observed.",English,NO,No credible SIF precursor,Routine observation with effective controls,Hot Work,Normal,Not required
SIF-0646,Unsafe Act,Site B,Lifting Operation,Worker started Lifting Operation without confirming effective Line of Fire controls. The hazard remained exposed and the condition had potential for serious injury or fatality.,English,YES,Control failure,Near-miss with serious consequence potential,Line of Fire,High,Required
SIF-0647,Incident,Site F,Crane Operation,"During Crane Operation, the team followed the approved procedure and confirmed Line of Fire controls before starting work. No serious-injury precursor was observed.",English,NO,No credible SIF precursor,Required controls verified,Line of Fire,Low,Not required
SIF-0648,Unsafe Condition,Site C,Pipeline Repair,The report describes a near-miss in Pipeline Repair involving inadequate Energy Isolation controls and uncontrolled exposure. HSE attention was recommended.,English,YES,Unsafe positioning,Barrier failure identified,Energy Isolation,Critical,Required
SIF-0649,Unsafe Condition,Site A,Compressor Maintenance,A planned Compressor Maintenance task was completed with appropriate supervision and documented Energy Isolation controls. No credible SIF potential was found.,English,NO,No credible SIF precursor,Required controls verified,Energy Isolation,Normal,Not required
SIF-0650,Near-Miss,Site F,Lifting Operation,A barrier failure was identified during Lifting Operation. The missing or ineffective Line of Fire control left workers exposed to a high-consequence hazard.,English,YES,Control failure,Near-miss with serious consequence potential,Line of Fire,High,Required
SIF-0651,Unsafe Condition,Site A,Compressor Maintenance,The report records a normal safety observation during Compressor Maintenance. Required controls were effective and no high-consequence exposure was identified.,English,NO,No credible SIF precursor,Routine observation with effective controls,Energy Isolation,Low,Not required
SIF-0652,Incident,Site C,Lifting Operation,"During inspection of Lifting Operation, personnel were found within a hazardous exposure zone without adequate Line of Fire protection. Immediate correction was required.",English,YES,Energy exposure,Near-miss with serious consequence potential,Line of Fire,High,Required
SIF-0653,Unsafe Act,Site B,Lifting Operation,"The crew completed Lifting Operation after confirming permits, barriers, and Line of Fire requirements. No significant safety precursor was reported.",English,NO,No credible SIF precursor,Permit and barriers confirmed,Line of Fire,Normal,Not required
SIF-0654,Incident,Site D,Vehicle Movement,A barrier failure was identified during Vehicle Movement. The missing or ineffective Line of Fire control left workers exposed to a high-consequence hazard.,English,YES,Control failure,Near-miss with serious consequence potential,Line of Fire,High,Required
SIF-0655,Unsafe Act,Site F,Welding Near Hydrocarbon Equipment,A planned Welding Near Hydrocarbon Equipment task was completed with appropriate supervision and documented Hot Work controls. No credible SIF potential was found.,English,NO,No credible SIF precursor,Approved procedure followed,Hot Work,Low,Not required
SIF-0656,Incident,Site E,Electrical Maintenance,The report describes a near-miss in Electrical Maintenance involving inadequate Energy Isolation controls and uncontrolled exposure. HSE attention was recommended.,English,YES,Energy exposure,Personnel exposed to high-energy hazard,Energy Isolation,Critical,Required
SIF-0657,Unsafe Condition,Site A,Crane Operation,"The crew completed Crane Operation after confirming permits, barriers, and Line of Fire requirements. No significant safety precursor was reported.",English,NO,No credible SIF precursor,Permit and barriers confirmed,Line of Fire,Low,Not required
SIF-0658,Unsafe Act,Site D,Electrical Maintenance,"During Electrical Maintenance, the required Energy Isolation control was not verified. Personnel were exposed to a credible high-energy hazard, although no serious injury occurred.",English,YES,Control failure,Barrier failure identified,Energy Isolation,Critical,Required
SIF-0659,Unsafe Condition,Site F,Vessel Cleaning,The report records a normal safety observation during Vessel Cleaning. Required controls were effective and no high-consequence exposure was identified.,English,NO,No credible SIF precursor,Personnel maintained safe position,Confined Space,Low,Not required
SIF-0660,Unsafe Condition,Site F,Electrical Maintenance,The report describes a near-miss in Electrical Maintenance involving inadequate Energy Isolation controls and uncontrolled exposure. HSE attention was recommended.,English,YES,Barrier failure,Barrier failure identified,Energy Isolation,Critical,Required
SIF-0661,Unsafe Act,Site E,Vessel Cleaning,Routine Vessel Cleaning was completed with the required Confined Space controls verified and documented. No credible SIF precursor was identified.,English,NO,No credible SIF precursor,Routine observation with effective controls,Confined Space,Low,Not required
SIF-0662,Incident,Site D,Vessel Cleaning,A near-miss was observed during Vessel Cleaning when Confined Space precautions were incomplete. The report indicates a clear SIF precursor requiring HSE review.,English,YES,Energy exposure,Required control was missing or not verified,Confined Space,Critical,Required
SIF-0663,Near-Miss,Site C,Tank Entry,Routine Tank Entry was completed with the required Confined Space controls verified and documented. No credible SIF precursor was identified.,English,NO,No credible SIF precursor,No high-consequence exposure identified,Confined Space,Low,Not required
SIF-0664,Incident,Site F,Vessel Cleaning,A barrier failure was identified during Vessel Cleaning. The missing or ineffective Confined Space control left workers exposed to a high-consequence hazard.,English,YES,Unsafe positioning,Personnel exposed to high-energy hazard,Confined Space,High,Required
SIF-0665,Incident,Site E,Grinding,Routine Grinding was completed with the required Hot Work controls verified and documented. No credible SIF precursor was identified.,English,NO,No credible SIF precursor,Permit and barriers confirmed,Hot Work,Normal,Not required
SIF-0666,Incident,Site A,Lifting Operation,Worker started Lifting Operation without confirming effective Line of Fire controls. The hazard remained exposed and the condition had potential for serious injury or fatality.,English,YES,Unsafe positioning,Required control was missing or not verified,Line of Fire,Critical,Required
SIF-0667,Unsafe Act,Site E,Compressor Maintenance,A planned Compressor Maintenance task was completed with appropriate supervision and documented Energy Isolation controls. No credible SIF potential was found.,English,NO,No credible SIF precursor,Required controls verified,Energy Isolation,Normal,Not required
SIF-0668,Unsafe Condition,Site E,Vessel Cleaning,The report describes a near-miss in Vessel Cleaning involving inadequate Confined Space controls and uncontrolled exposure. HSE attention was recommended.,English,YES,Control failure,Barrier failure identified,Confined Space,Critical,Required
SIF-0669,Near-Miss,Site D,Tank Entry,"During Tank Entry, the supervisor verified the relevant Confined Space control and the work proceeded within the approved safe limits. No SIF precursor was identified.",English,NO,No credible SIF precursor,No high-consequence exposure identified,Confined Space,Normal,Not required
SIF-0670,Incident,Site F,Lifting Operation,"During Lifting Operation, the required Line of Fire control was not verified. Personnel were exposed to a credible high-energy hazard, although no serious injury occurred.",English,YES,Control failure,Required control was missing or not verified,Line of Fire,High,Required
SIF-0671,Near-Miss,Site C,Lifting Operation,"During Lifting Operation, the supervisor verified the relevant Line of Fire control and the work proceeded within the approved safe limits. No SIF precursor was identified.",English,NO,No credible SIF precursor,No high-consequence exposure identified,Line of Fire,Normal,Not required
SIF-0672,Unsafe Condition,Site A,Pipeline Repair,The report describes a near-miss in Pipeline Repair involving inadequate Energy Isolation controls and uncontrolled exposure. HSE attention was recommended.,English,YES,Control failure,Personnel exposed to high-energy hazard,Energy Isolation,Critical,Required
SIF-0673,Unsafe Condition,Site E,Vehicle Movement,"During Vehicle Movement, the team followed the approved procedure and confirmed Line of Fire controls before starting work. No serious-injury precursor was observed.",English,NO,No credible SIF precursor,Required controls verified,Line of Fire,Normal,Not required
SIF-0674,Unsafe Condition,Site D,Tank Entry,An unsafe act occurred during Tank Entry; the crew proceeded before confirming Confined Space controls. The event had serious-injury potential despite no major consequence.,English,YES,Control failure,Required control was missing or not verified,Confined Space,Critical,Required
SIF-0675,Incident,Site A,Crane Operation,"The crew completed Crane Operation after confirming permits, barriers, and Line of Fire requirements. No significant safety precursor was reported.",English,NO,No credible SIF precursor,Routine observation with effective controls,Line of Fire,Low,Not required
SIF-0676,Unsafe Act,Site A,Grinding,A barrier failure was identified during Grinding. The missing or ineffective Hot Work control left workers exposed to a high-consequence hazard.,English,YES,Incomplete permit/control,Permit/control verification incomplete,Hot Work,Critical,Required
SIF-0677,Unsafe Condition,Site F,Welding Near Hydrocarbon Equipment,The report records a normal safety observation during Welding Near Hydrocarbon Equipment. Required controls were effective and no high-consequence exposure was identified.,English,NO,No credible SIF precursor,Approved procedure followed,Hot Work,Low,Not required
SIF-0678,Near-Miss,Site F,Electrical Maintenance,A barrier failure was identified during Electrical Maintenance. The missing or ineffective Energy Isolation control left workers exposed to a high-consequence hazard.,English,YES,Energy exposure,Unsafe positioning or uncontrolled exposure,Energy Isolation,High,Required
SIF-0679,Near-Miss,Site C,Electrical Maintenance,"The crew completed Electrical Maintenance after confirming permits, barriers, and Energy Isolation requirements. No significant safety precursor was reported.",English,NO,No credible SIF precursor,Approved procedure followed,Energy Isolation,Low,Not required
SIF-0680,Near-Miss,Site E,Electrical Maintenance,An unsafe act occurred during Electrical Maintenance; the crew proceeded before confirming Energy Isolation controls. The event had serious-injury potential despite no major consequence.,English,YES,Barrier failure,Near-miss with serious consequence potential,Energy Isolation,High,Required
SIF-0681,Near-Miss,Site E,Tank Entry,The report records a normal safety observation during Tank Entry. Required controls were effective and no high-consequence exposure was identified.,English,NO,No credible SIF precursor,Personnel maintained safe position,Confined Space,Low,Not required
SIF-0682,Near-Miss,Site E,Welding Near Hydrocarbon Equipment,"During Welding Near Hydrocarbon Equipment, the required Hot Work control was not verified. Personnel were exposed to a credible high-energy hazard, although no serious injury occurred.",English,YES,Incomplete permit/control,Barrier failure identified,Hot Work,Critical,Required
SIF-0683,Incident,Site F,Crane Operation,The report records a normal safety observation during Crane Operation. Required controls were effective and no high-consequence exposure was identified.,English,NO,No credible SIF precursor,Routine observation with effective controls,Line of Fire,Normal,Not required
SIF-0684,Unsafe Act,Site A,Electrical Maintenance,Worker started Electrical Maintenance without confirming effective Energy Isolation controls. The hazard remained exposed and the condition had potential for serious injury or fatality.,English,YES,Control failure,Unsafe positioning or uncontrolled exposure,Energy Isolation,High,Required
SIF-0685,Near-Miss,Site B,Compressor Maintenance,A planned Compressor Maintenance task was completed with appropriate supervision and documented Energy Isolation controls. No credible SIF potential was found.,English,NO,No credible SIF precursor,Approved procedure followed,Energy Isolation,Normal,Not required
SIF-0686,Unsafe Act,Site B,Vehicle Movement,"During inspection of Vehicle Movement, personnel were found within a hazardous exposure zone without adequate Line of Fire protection. Immediate correction was required.",English,YES,Energy exposure,Personnel exposed to high-energy hazard,Line of Fire,High,Required
SIF-0687,Unsafe Condition,Site A,Grinding,The report records a normal safety observation during Grinding. Required controls were effective and no high-consequence exposure was identified.,English,NO,No credible SIF precursor,Routine observation with effective controls,Hot Work,Normal,Not required
SIF-0688,Near-Miss,Site E,Tank Entry,Worker started Tank Entry without confirming effective Confined Space controls. The hazard remained exposed and the condition had potential for serious injury or fatality.,English,YES,Unsafe positioning,Unsafe positioning or uncontrolled exposure,Confined Space,Critical,Required
SIF-0689,Unsafe Act,Site E,Lifting Operation,Routine Lifting Operation was completed with the required Line of Fire controls verified and documented. No credible SIF precursor was identified.,English,NO,No credible SIF precursor,Routine observation with effective controls,Line of Fire,Normal,Not required
SIF-0690,Incident,Site E,Tank Entry,The team was preparing for Tank Entry while the Confined Space control was bypassed or incomplete. The unsafe condition could have resulted in severe harm.,English,YES,Incomplete permit/control,Near-miss with serious consequence potential,Confined Space,Critical,Required
SIF-0691,Unsafe Condition,Site F,Vessel Cleaning,A planned Vessel Cleaning task was completed with appropriate supervision and documented Confined Space controls. No credible SIF potential was found.,English,NO,No credible SIF precursor,Routine observation with effective controls,Confined Space,Low,Not required
SIF-0692,Unsafe Condition,Site D,Vehicle Movement,"During Vehicle Movement, the required Line of Fire control was not verified. Personnel were exposed to a credible high-energy hazard, although no serious injury occurred.",English,YES,Uncontrolled hazard,Personnel exposed to high-energy hazard,Line of Fire,High,Required
SIF-0693,Incident,Site A,Vessel Cleaning,Routine Vessel Cleaning was completed with the required Confined Space controls verified and documented. No credible SIF precursor was identified.,English,NO,No credible SIF precursor,Permit and barriers confirmed,Confined Space,Normal,Not required
SIF-0694,Unsafe Condition,Site C,Vessel Cleaning,A near-miss was observed during Vessel Cleaning when Confined Space precautions were incomplete. The report indicates a clear SIF precursor requiring HSE review.,English,YES,Control failure,Permit/control verification incomplete,Confined Space,Critical,Required
SIF-0695,Unsafe Condition,Site D,Lifting Operation,Routine Lifting Operation was completed with the required Line of Fire controls verified and documented. No credible SIF precursor was identified.,English,NO,No credible SIF precursor,Approved procedure followed,Line of Fire,Normal,Not required
SIF-0696,Near-Miss,Site A,Crane Operation,The report describes a near-miss in Crane Operation involving inadequate Line of Fire controls and uncontrolled exposure. HSE attention was recommended.,English,YES,Control failure,Permit/control verification incomplete,Line of Fire,Critical,Required
SIF-0697,Unsafe Condition,Site E,Lifting Operation,"During Lifting Operation, the team followed the approved procedure and confirmed Line of Fire controls before starting work. No serious-injury precursor was observed.",English,NO,No credible SIF precursor,No high-consequence exposure identified,Line of Fire,Low,Not required
SIF-0698,Incident,Site B,Vessel Cleaning,A barrier failure was identified during Vessel Cleaning. The missing or ineffective Confined Space control left workers exposed to a high-consequence hazard.,English,YES,Barrier failure,Required control was missing or not verified,Confined Space,Critical,Required
SIF-0699,Near-Miss,Site F,Tank Entry,A routine inspection of Tank Entry found controls in place and personnel outside the hazard zone. The report does not indicate SIF potential.,English,NO,No credible SIF precursor,Personnel maintained safe position,Confined Space,Normal,Not required
SIF-0700,Incident,Site E,Tank Entry,Worker started Tank Entry without confirming effective Confined Space controls. The hazard remained exposed and the condition had potential for serious injury or fatality.,English,YES,Unsafe positioning,Required control was missing or not verified,Confined Space,Critical,Required
SIF-0701,Unsafe Condition,Site F,Tank Entry,Routine Tank Entry was completed with the required Confined Space controls verified and documented. No credible SIF precursor was identified.,English,NO,No credible SIF precursor,Routine observation with effective controls,Confined Space,Normal,Not required
SIF-0702,Incident,Site A,Electrical Maintenance,"During inspection of Electrical Maintenance, personnel were found within a hazardous exposure zone without adequate Energy Isolation protection. Immediate correction was required.",English,YES,Control failure,Permit/control verification incomplete,Energy Isolation,Critical,Required
SIF-0703,Incident,Site C,Vessel Cleaning,"The crew completed Vessel Cleaning after confirming permits, barriers, and Confined Space requirements. No significant safety precursor was reported.",English,NO,No credible SIF precursor,Required controls verified,Confined Space,Normal,Not required
SIF-0704,Unsafe Act,Site C,Tank Entry,"During Tank Entry, the required Confined Space control was not verified. Personnel were exposed to a credible high-energy hazard, although no serious injury occurred.",English,YES,Uncontrolled hazard,Personnel exposed to high-energy hazard,Confined Space,High,Required
SIF-0705,Unsafe Condition,Site B,Pipeline Repair,A planned Pipeline Repair task was completed with appropriate supervision and documented Energy Isolation controls. No credible SIF potential was found.,English,NO,No credible SIF precursor,Routine observation with effective controls,Energy Isolation,Normal,Not required
SIF-0706,Incident,Site B,Pipeline Repair,"During Pipeline Repair, the required Energy Isolation control was not verified. Personnel were exposed to a credible high-energy hazard, although no serious injury occurred.",English,YES,Control failure,Near-miss with serious consequence potential,Energy Isolation,High,Required
SIF-0707,Near-Miss,Site F,Grinding,Routine Grinding was completed with the required Hot Work controls verified and documented. No credible SIF precursor was identified.,English,NO,No credible SIF precursor,Required controls verified,Hot Work,Low,Not required
SIF-0708,Near-Miss,Site B,Compressor Maintenance,"During Compressor Maintenance, the required Energy Isolation control was not verified. Personnel were exposed to a credible high-energy hazard, although no serious injury occurred.",English,YES,Energy exposure,Permit/control verification incomplete,Energy Isolation,High,Required
SIF-0709,Incident,Site D,Electrical Maintenance,The report records a normal safety observation during Electrical Maintenance. Required controls were effective and no high-consequence exposure was identified.,English,NO,No credible SIF precursor,Permit and barriers confirmed,Energy Isolation,Normal,Not required
SIF-0710,Incident,Site A,Lifting Operation,"During Lifting Operation, the required Line of Fire control was not verified. Personnel were exposed to a credible high-energy hazard, although no serious injury occurred.",English,YES,Uncontrolled hazard,Permit/control verification incomplete,Line of Fire,High,Required
SIF-0711,Unsafe Act,Site A,Crane Operation,The report records a normal safety observation during Crane Operation. Required controls were effective and no high-consequence exposure was identified.,English,NO,No credible SIF precursor,Required controls verified,Line of Fire,Normal,Not required
SIF-0712,Near-Miss,Site A,Vessel Cleaning,"During inspection of Vessel Cleaning, personnel were found within a hazardous exposure zone without adequate Confined Space protection. Immediate correction was required.",English,YES,Energy exposure,Permit/control verification incomplete,Confined Space,High,Required
SIF-0713,Incident,Site D,Grinding,A planned Grinding task was completed with appropriate supervision and documented Hot Work controls. No credible SIF potential was found.,English,NO,No credible SIF precursor,Routine observation with effective controls,Hot Work,Low,Not required
SIF-0714,Unsafe Condition,Site B,Grinding,A near-miss was observed during Grinding when Hot Work precautions were incomplete. The report indicates a clear SIF precursor requiring HSE review.,English,YES,Incomplete permit/control,Near-miss with serious consequence potential,Hot Work,Critical,Required
SIF-0715,Unsafe Condition,Site F,Vehicle Movement,A routine inspection of Vehicle Movement found controls in place and personnel outside the hazard zone. The report does not indicate SIF potential.,English,NO,No credible SIF precursor,Routine observation with effective controls,Line of Fire,Normal,Not required
SIF-0716,Unsafe Condition,Site E,Compressor Maintenance,"During Compressor Maintenance, the required Energy Isolation control was not verified. Personnel were exposed to a credible high-energy hazard, although no serious injury occurred.",English,YES,Incomplete permit/control,Required control was missing or not verified,Energy Isolation,High,Required
SIF-0717,Unsafe Act,Site D,Crane Operation,A routine inspection of Crane Operation found controls in place and personnel outside the hazard zone. The report does not indicate SIF potential.,English,NO,No credible SIF precursor,Approved procedure followed,Line of Fire,Normal,Not required
SIF-0718,Unsafe Condition,Site D,Tank Entry,A near-miss was observed during Tank Entry when Confined Space precautions were incomplete. The report indicates a clear SIF precursor requiring HSE review.,English,YES,Incomplete permit/control,Personnel exposed to high-energy hazard,Confined Space,High,Required
SIF-0719,Unsafe Act,Site B,Vehicle Movement,"During Vehicle Movement, the team followed the approved procedure and confirmed Line of Fire controls before starting work. No serious-injury precursor was observed.",English,NO,No credible SIF precursor,Routine observation with effective controls,Line of Fire,Low,Not required
SIF-0720,Unsafe Act,Site D,Vessel Cleaning,"During inspection of Vessel Cleaning, personnel were found within a hazardous exposure zone without adequate Confined Space protection. Immediate correction was required.",English,YES,Energy exposure,Near-miss with serious consequence potential,Confined Space,High,Required
SIF-0721,Incident,Site B,Pipeline Repair,A routine inspection of Pipeline Repair found controls in place and personnel outside the hazard zone. The report does not indicate SIF potential.,English,NO,No credible SIF precursor,Personnel maintained safe position,Energy Isolation,Low,Not required
SIF-0722,Near-Miss,Site A,Tank Entry,"During Tank Entry, the required Confined Space control was not verified. Personnel were exposed to a credible high-energy hazard, although no serious injury occurred.",English,YES,Unsafe positioning,Personnel exposed to high-energy hazard,Confined Space,Critical,Required
SIF-0723,Near-Miss,Site C,Grinding,The report records a normal safety observation during Grinding. Required controls were effective and no high-consequence exposure was identified.,English,NO,No credible SIF precursor,No high-consequence exposure identified,Hot Work,Low,Not required
SIF-0724,Near-Miss,Site E,Crane Operation,An unsafe act occurred during Crane Operation; the crew proceeded before confirming Line of Fire controls. The event had serious-injury potential despite no major consequence.,English,YES,Control failure,Unsafe positioning or uncontrolled exposure,Line of Fire,High,Required
SIF-0725,Unsafe Condition,Site B,Lifting Operation,The report records a normal safety observation during Lifting Operation. Required controls were effective and no high-consequence exposure was identified.,English,NO,No credible SIF precursor,Routine observation with effective controls,Line of Fire,Normal,Not required
SIF-0726,Unsafe Condition,Site C,Vehicle Movement,An unsafe act occurred during Vehicle Movement; the crew proceeded before confirming Line of Fire controls. The event had serious-injury potential despite no major consequence.,English,YES,Unsafe positioning,Unsafe positioning or uncontrolled exposure,Line of Fire,Critical,Required
SIF-0727,Incident,Site C,Lifting Operation,"During Lifting Operation, the supervisor verified the relevant Line of Fire control and the work proceeded within the approved safe limits. No SIF precursor was identified.",English,NO,No credible SIF precursor,Required controls verified,Line of Fire,Low,Not required
SIF-0728,Near-Miss,Site A,Crane Operation,A near-miss was observed during Crane Operation when Line of Fire precautions were incomplete. The report indicates a clear SIF precursor requiring HSE review.,English,YES,Energy exposure,Permit/control verification incomplete,Line of Fire,High,Required
SIF-0729,Unsafe Act,Site F,Pipeline Repair,Routine Pipeline Repair was completed with the required Energy Isolation controls verified and documented. No credible SIF precursor was identified.,English,NO,No credible SIF precursor,No high-consequence exposure identified,Energy Isolation,Low,Not required
SIF-0730,Incident,Site E,Crane Operation,The team was preparing for Crane Operation while the Line of Fire control was bypassed or incomplete. The unsafe condition could have resulted in severe harm.,English,YES,Incomplete permit/control,Required control was missing or not verified,Line of Fire,Critical,Required
SIF-0731,Unsafe Condition,Site D,Vessel Cleaning,A routine inspection of Vessel Cleaning found controls in place and personnel outside the hazard zone. The report does not indicate SIF potential.,English,NO,No credible SIF precursor,Permit and barriers confirmed,Confined Space,Low,Not required
SIF-0732,Near-Miss,Site F,Crane Operation,A near-miss was observed during Crane Operation when Line of Fire precautions were incomplete. The report indicates a clear SIF precursor requiring HSE review.,English,YES,Unsafe positioning,Unsafe positioning or uncontrolled exposure,Line of Fire,High,Required
SIF-0733,Unsafe Act,Site E,Lifting Operation,The report records a normal safety observation during Lifting Operation. Required controls were effective and no high-consequence exposure was identified.,English,NO,No credible SIF precursor,Approved procedure followed,Line of Fire,Low,Not required
SIF-0734,Incident,Site B,Vessel Cleaning,A near-miss was observed during Vessel Cleaning when Confined Space precautions were incomplete. The report indicates a clear SIF precursor requiring HSE review.,English,YES,Uncontrolled hazard,Personnel exposed to high-energy hazard,Confined Space,High,Required
SIF-0735,Unsafe Act,Site C,Grinding,"During Grinding, the team followed the approved procedure and confirmed Hot Work controls before starting work. No serious-injury precursor was observed.",English,NO,No credible SIF precursor,Permit and barriers confirmed,Hot Work,Low,Not required
SIF-0736,Near-Miss,Site C,Pipeline Repair,The team was preparing for Pipeline Repair while the Energy Isolation control was bypassed or incomplete. The unsafe condition could have resulted in severe harm.,English,YES,Incomplete permit/control,Required control was missing or not verified,Energy Isolation,High,Required
SIF-0737,Incident,Site D,Lifting Operation,"The crew completed Lifting Operation after confirming permits, barriers, and Line of Fire requirements. No significant safety precursor was reported.",English,NO,No credible SIF precursor,Required controls verified,Line of Fire,Low,Not required
SIF-0738,Near-Miss,Site A,Lifting Operation,"During inspection of Lifting Operation, personnel were found within a hazardous exposure zone without adequate Line of Fire protection. Immediate correction was required.",English,YES,Unsafe positioning,Permit/control verification incomplete,Line of Fire,High,Required
SIF-0739,Unsafe Act,Site C,Electrical Maintenance,"During Electrical Maintenance, the supervisor verified the relevant Energy Isolation control and the work proceeded within the approved safe limits. No SIF precursor was identified.",English,NO,No credible SIF precursor,Personnel maintained safe position,Energy Isolation,Normal,Not required
SIF-0740,Incident,Site E,Tank Entry,An unsafe act occurred during Tank Entry; the crew proceeded before confirming Confined Space controls. The event had serious-injury potential despite no major consequence.,English,YES,Unsafe positioning,Barrier failure identified,Confined Space,Critical,Required
SIF-0741,Unsafe Condition,Site A,Crane Operation,"The crew completed Crane Operation after confirming permits, barriers, and Line of Fire requirements. No significant safety precursor was reported.",English,NO,No credible SIF precursor,Approved procedure followed,Line of Fire,Low,Not required
SIF-0742,Near-Miss,Site E,Pipeline Repair,The team was preparing for Pipeline Repair while the Energy Isolation control was bypassed or incomplete. The unsafe condition could have resulted in severe harm.,English,YES,Barrier failure,Personnel exposed to high-energy hazard,Energy Isolation,High,Required
SIF-0743,Unsafe Act,Site E,Lifting Operation,The report records a normal safety observation during Lifting Operation. Required controls were effective and no high-consequence exposure was identified.,English,NO,No credible SIF precursor,Approved procedure followed,Line of Fire,Normal,Not required
SIF-0744,Unsafe Act,Site F,Lifting Operation,The report describes a near-miss in Lifting Operation involving inadequate Line of Fire controls and uncontrolled exposure. HSE attention was recommended.,English,YES,Unsafe positioning,Near-miss with serious consequence potential,Line of Fire,Critical,Required
SIF-0745,Unsafe Condition,Site E,Tank Entry,The report records a normal safety observation during Tank Entry. Required controls were effective and no high-consequence exposure was identified.,English,NO,No credible SIF precursor,Permit and barriers confirmed,Confined Space,Low,Not required
SIF-0746,Unsafe Condition,Site A,Tank Entry,A near-miss was observed during Tank Entry when Confined Space precautions were incomplete. The report indicates a clear SIF precursor requiring HSE review.,English,YES,Incomplete permit/control,Personnel exposed to high-energy hazard,Confined Space,High,Required
SIF-0747,Unsafe Condition,Site A,Welding Near Hydrocarbon Equipment,A routine inspection of Welding Near Hydrocarbon Equipment found controls in place and personnel outside the hazard zone. The report does not indicate SIF potential.,English,NO,No credible SIF precursor,Approved procedure followed,Hot Work,Normal,Not required
SIF-0748,Unsafe Act,Site E,Crane Operation,"During inspection of Crane Operation, personnel were found within a hazardous exposure zone without adequate Line of Fire protection. Immediate correction was required.",English,YES,Unsafe positioning,Required control was missing or not verified,Line of Fire,High,Required
SIF-0749,Incident,Site D,Crane Operation,"During Crane Operation, the team followed the approved procedure and confirmed Line of Fire controls before starting work. No serious-injury precursor was observed.",English,NO,No credible SIF precursor,Approved procedure followed,Line of Fire,Normal,Not required
SIF-0750,Unsafe Condition,Site B,Crane Operation,"During inspection of Crane Operation, personnel were found within a hazardous exposure zone without adequate Line of Fire protection. Immediate correction was required.",English,YES,Unsafe positioning,Personnel exposed to high-energy hazard,Line of Fire,Critical,Required
SIF-0751,Unsafe Act,Site E,Crane Operation,"During Crane Operation, the team followed the approved procedure and confirmed Line of Fire controls before starting work. No serious-injury precursor was observed.",English,NO,No credible SIF precursor,Permit and barriers confirmed,Line of Fire,Normal,Not required
SIF-0752,Unsafe Act,Site A,Welding Near Hydrocarbon Equipment,The team was preparing for Welding Near Hydrocarbon Equipment while the Hot Work control was bypassed or incomplete. The unsafe condition could have resulted in severe harm.,English,YES,Barrier failure,Permit/control verification incomplete,Hot Work,Critical,Required
SIF-0753,Unsafe Condition,Site A,Crane Operation,"The crew completed Crane Operation after confirming permits, barriers, and Line of Fire requirements. No significant safety precursor was reported.",English,NO,No credible SIF precursor,No high-consequence exposure identified,Line of Fire,Low,Not required
SIF-0754,Unsafe Act,Site E,Vessel Cleaning,"During Vessel Cleaning, the required Confined Space control was not verified. Personnel were exposed to a credible high-energy hazard, although no serious injury occurred.",English,YES,Incomplete permit/control,Unsafe positioning or uncontrolled exposure,Confined Space,High,Required
SIF-0755,Incident,Site A,Vessel Cleaning,"During Vessel Cleaning, the supervisor verified the relevant Confined Space control and the work proceeded within the approved safe limits. No SIF precursor was identified.",English,NO,No credible SIF precursor,Permit and barriers confirmed,Confined Space,Normal,Not required
SIF-0756,Incident,Site F,Compressor Maintenance,The team was preparing for Compressor Maintenance while the Energy Isolation control was bypassed or incomplete. The unsafe condition could have resulted in severe harm.,English,YES,Energy exposure,Unsafe positioning or uncontrolled exposure,Energy Isolation,Critical,Required
SIF-0757,Unsafe Act,Site F,Crane Operation,"The crew completed Crane Operation after confirming permits, barriers, and Line of Fire requirements. No significant safety precursor was reported.",English,NO,No credible SIF precursor,Approved procedure followed,Line of Fire,Normal,Not required
SIF-0758,Unsafe Act,Site B,Grinding,"During inspection of Grinding, personnel were found within a hazardous exposure zone without adequate Hot Work protection. Immediate correction was required.",English,YES,Energy exposure,Permit/control verification incomplete,Hot Work,Critical,Required
SIF-0759,Unsafe Act,Site A,Tank Entry,"During Tank Entry, the supervisor verified the relevant Confined Space control and the work proceeded within the approved safe limits. No SIF precursor was identified.",English,NO,No credible SIF precursor,No high-consequence exposure identified,Confined Space,Low,Not required
SIF-0760,Incident,Site A,Vessel Cleaning,The team was preparing for Vessel Cleaning while the Confined Space control was bypassed or incomplete. The unsafe condition could have resulted in severe harm.,English,YES,Unsafe positioning,Near-miss with serious consequence potential,Confined Space,Critical,Required
SIF-0761,Unsafe Condition,Site A,Lifting Operation,"The crew completed Lifting Operation after confirming permits, barriers, and Line of Fire requirements. No significant safety precursor was reported.",English,NO,No credible SIF precursor,Routine observation with effective controls,Line of Fire,Normal,Not required
SIF-0762,Incident,Site E,Vehicle Movement,An unsafe act occurred during Vehicle Movement; the crew proceeded before confirming Line of Fire controls. The event had serious-injury potential despite no major consequence.,English,YES,Uncontrolled hazard,Permit/control verification incomplete,Line of Fire,Critical,Required
SIF-0763,Incident,Site B,Electrical Maintenance,"During Electrical Maintenance, the supervisor verified the relevant Energy Isolation control and the work proceeded within the approved safe limits. No SIF precursor was identified.",English,NO,No credible SIF precursor,No high-consequence exposure identified,Energy Isolation,Normal,Not required
SIF-0764,Incident,Site C,Welding Near Hydrocarbon Equipment,"During inspection of Welding Near Hydrocarbon Equipment, personnel were found within a hazardous exposure zone without adequate Hot Work protection. Immediate correction was required.",English,YES,Uncontrolled hazard,Barrier failure identified,Hot Work,Critical,Required
SIF-0765,Unsafe Condition,Site F,Electrical Maintenance,A planned Electrical Maintenance task was completed with appropriate supervision and documented Energy Isolation controls. No credible SIF potential was found.,English,NO,No credible SIF precursor,Routine observation with effective controls,Energy Isolation,Low,Not required
SIF-0766,Unsafe Condition,Site D,Tank Entry,"During Tank Entry, the required Confined Space control was not verified. Personnel were exposed to a credible high-energy hazard, although no serious injury occurred.",English,YES,Energy exposure,Personnel exposed to high-energy hazard,Confined Space,Critical,Required
SIF-0767,Unsafe Act,Site E,Vessel Cleaning,"During Vessel Cleaning, the team followed the approved procedure and confirmed Confined Space controls before starting work. No serious-injury precursor was observed.",English,NO,No credible SIF precursor,Permit and barriers confirmed,Confined Space,Low,Not required
SIF-0768,Incident,Site B,Pipeline Repair,A barrier failure was identified during Pipeline Repair. The missing or ineffective Energy Isolation control left workers exposed to a high-consequence hazard.,English,YES,Energy exposure,Required control was missing or not verified,Energy Isolation,High,Required
SIF-0769,Unsafe Act,Site C,Tank Entry,"During Tank Entry, the supervisor verified the relevant Confined Space control and the work proceeded within the approved safe limits. No SIF precursor was identified.",English,NO,No credible SIF precursor,Required controls verified,Confined Space,Normal,Not required
SIF-0770,Near-Miss,Site E,Electrical Maintenance,Worker started Electrical Maintenance without confirming effective Energy Isolation controls. The hazard remained exposed and the condition had potential for serious injury or fatality.,English,YES,Unsafe positioning,Personnel exposed to high-energy hazard,Energy Isolation,Critical,Required
SIF-0771,Near-Miss,Site B,Compressor Maintenance,"During Compressor Maintenance, the team followed the approved procedure and confirmed Energy Isolation controls before starting work. No serious-injury precursor was observed.",English,NO,No credible SIF precursor,Required controls verified,Energy Isolation,Low,Not required
SIF-0772,Unsafe Act,Site B,Crane Operation,An unsafe act occurred during Crane Operation; the crew proceeded before confirming Line of Fire controls. The event had serious-injury potential despite no major consequence.,English,YES,Barrier failure,Personnel exposed to high-energy hazard,Line of Fire,High,Required
SIF-0773,Incident,Site C,Pipeline Repair,A routine inspection of Pipeline Repair found controls in place and personnel outside the hazard zone. The report does not indicate SIF potential.,English,NO,No credible SIF precursor,Routine observation with effective controls,Energy Isolation,Normal,Not required
SIF-0774,Unsafe Condition,Site E,Electrical Maintenance,Worker started Electrical Maintenance without confirming effective Energy Isolation controls. The hazard remained exposed and the condition had potential for serious injury or fatality.,English,YES,Control failure,Near-miss with serious consequence potential,Energy Isolation,High,Required
SIF-0775,Near-Miss,Site C,Vessel Cleaning,A routine inspection of Vessel Cleaning found controls in place and personnel outside the hazard zone. The report does not indicate SIF potential.,English,NO,No credible SIF precursor,Personnel maintained safe position,Confined Space,Low,Not required
SIF-0776,Incident,Site B,Crane Operation,A barrier failure was identified during Crane Operation. The missing or ineffective Line of Fire control left workers exposed to a high-consequence hazard.,English,YES,Energy exposure,Permit/control verification incomplete,Line of Fire,High,Required
SIF-0777,Unsafe Act,Site D,Welding Near Hydrocarbon Equipment,"During Welding Near Hydrocarbon Equipment, the supervisor verified the relevant Hot Work control and the work proceeded within the approved safe limits. No SIF precursor was identified.",English,NO,No credible SIF precursor,Required controls verified,Hot Work,Normal,Not required
SIF-0778,Near-Miss,Site A,Lifting Operation,"During inspection of Lifting Operation, personnel were found within a hazardous exposure zone without adequate Line of Fire protection. Immediate correction was required.",English,YES,Unsafe positioning,Near-miss with serious consequence potential,Line of Fire,Critical,Required
SIF-0779,Unsafe Condition,Site D,Crane Operation,A planned Crane Operation task was completed with appropriate supervision and documented Line of Fire controls. No credible SIF potential was found.,English,NO,No credible SIF precursor,Personnel maintained safe position,Line of Fire,Normal,Not required
SIF-0780,Unsafe Act,Site E,Grinding,The report describes a near-miss in Grinding involving inadequate Hot Work controls and uncontrolled exposure. HSE attention was recommended.,English,YES,Control failure,Required control was missing or not verified,Hot Work,Critical,Required
SIF-0781,Unsafe Condition,Site F,Electrical Maintenance,The report records a normal safety observation during Electrical Maintenance. Required controls were effective and no high-consequence exposure was identified.,English,NO,No credible SIF precursor,Routine observation with effective controls,Energy Isolation,Low,Not required
SIF-0782,Near-Miss,Site D,Lifting Operation,Worker started Lifting Operation without confirming effective Line of Fire controls. The hazard remained exposed and the condition had potential for serious injury or fatality.,English,YES,Barrier failure,Near-miss with serious consequence potential,Line of Fire,Critical,Required
SIF-0783,Incident,Site A,Vehicle Movement,The report records a normal safety observation during Vehicle Movement. Required controls were effective and no high-consequence exposure was identified.,English,NO,No credible SIF precursor,Routine observation with effective controls,Line of Fire,Normal,Not required
SIF-0784,Unsafe Condition,Site E,Pipeline Repair,The report describes a near-miss in Pipeline Repair involving inadequate Energy Isolation controls and uncontrolled exposure. HSE attention was recommended.,English,YES,Barrier failure,Barrier failure identified,Energy Isolation,Critical,Required
SIF-0785,Unsafe Condition,Site C,Crane Operation,The report records a normal safety observation during Crane Operation. Required controls were effective and no high-consequence exposure was identified.,English,NO,No credible SIF precursor,Routine observation with effective controls,Line of Fire,Low,Not required
SIF-0786,Unsafe Condition,Site F,Grinding,The team was preparing for Grinding while the Hot Work control was bypassed or incomplete. The unsafe condition could have resulted in severe harm.,English,YES,Energy exposure,Near-miss with serious consequence potential,Hot Work,High,Required
SIF-0787,Unsafe Condition,Site B,Tank Entry,A planned Tank Entry task was completed with appropriate supervision and documented Confined Space controls. No credible SIF potential was found.,English,NO,No credible SIF precursor,Approved procedure followed,Confined Space,Normal,Not required
SIF-0788,Unsafe Act,Site A,Welding Near Hydrocarbon Equipment,"During Welding Near Hydrocarbon Equipment, the required Hot Work control was not verified. Personnel were exposed to a credible high-energy hazard, although no serious injury occurred.",English,YES,Incomplete permit/control,Near-miss with serious consequence potential,Hot Work,Critical,Required
SIF-0789,Unsafe Act,Site E,Compressor Maintenance,A planned Compressor Maintenance task was completed with appropriate supervision and documented Energy Isolation controls. No credible SIF potential was found.,English,NO,No credible SIF precursor,Permit and barriers confirmed,Energy Isolation,Normal,Not required
SIF-0790,Incident,Site C,Crane Operation,"During inspection of Crane Operation, personnel were found within a hazardous exposure zone without adequate Line of Fire protection. Immediate correction was required.",English,YES,Incomplete permit/control,Unsafe positioning or uncontrolled exposure,Line of Fire,High,Required
SIF-0791,Unsafe Condition,Site D,Vehicle Movement,A planned Vehicle Movement task was completed with appropriate supervision and documented Line of Fire controls. No credible SIF potential was found.,English,NO,No credible SIF precursor,No high-consequence exposure identified,Line of Fire,Low,Not required
SIF-0792,Incident,Site E,Compressor Maintenance,The report describes a near-miss in Compressor Maintenance involving inadequate Energy Isolation controls and uncontrolled exposure. HSE attention was recommended.,English,YES,Incomplete permit/control,Permit/control verification incomplete,Energy Isolation,High,Required
SIF-0793,Unsafe Condition,Site D,Lifting Operation,"The crew completed Lifting Operation after confirming permits, barriers, and Line of Fire requirements. No significant safety precursor was reported.",English,NO,No credible SIF precursor,Required controls verified,Line of Fire,Normal,Not required
SIF-0794,Unsafe Act,Site F,Lifting Operation,Worker started Lifting Operation without confirming effective Line of Fire controls. The hazard remained exposed and the condition had potential for serious injury or fatality.,English,YES,Unsafe positioning,Near-miss with serious consequence potential,Line of Fire,High,Required
SIF-0795,Near-Miss,Site A,Crane Operation,A routine inspection of Crane Operation found controls in place and personnel outside the hazard zone. The report does not indicate SIF potential.,English,NO,No credible SIF precursor,No high-consequence exposure identified,Line of Fire,Normal,Not required
SIF-0796,Near-Miss,Site E,Welding Near Hydrocarbon Equipment,The team was preparing for Welding Near Hydrocarbon Equipment while the Hot Work control was bypassed or incomplete. The unsafe condition could have resulted in severe harm.,English,YES,Incomplete permit/control,Barrier failure identified,Hot Work,Critical,Required
SIF-0797,Unsafe Condition,Site C,Lifting Operation,"The crew completed Lifting Operation after confirming permits, barriers, and Line of Fire requirements. No significant safety precursor was reported.",English,NO,No credible SIF precursor,Permit and barriers confirmed,Line of Fire,Low,Not required
SIF-0798,Near-Miss,Site F,Electrical Maintenance,An unsafe act occurred during Electrical Maintenance; the crew proceeded before confirming Energy Isolation controls. The event had serious-injury potential despite no major consequence.,English,YES,Unsafe positioning,Unsafe positioning or uncontrolled exposure,Energy Isolation,Critical,Required
SIF-0799,Unsafe Condition,Site E,Welding Near Hydrocarbon Equipment,"During Welding Near Hydrocarbon Equipment, the supervisor verified the relevant Hot Work control and the work proceeded within the approved safe limits. No SIF precursor was identified.",English,NO,No credible SIF precursor,Routine observation with effective controls,Hot Work,Low,Not required
SIF-0800,Near-Miss,Site F,Pipeline Repair,The team was preparing for Pipeline Repair while the Energy Isolation control was bypassed or incomplete. The unsafe condition could have resulted in severe harm.,English,YES,Unsafe positioning,Permit/control verification incomplete,Energy Isolation,Critical,Required
SIF-0801,Unsafe Condition,Site B,Tank Entry,"The crew completed Tank Entry after confirming permits, barriers, and Confined Space requirements. No significant safety precursor was reported.",English,NO,No credible SIF precursor,Required controls verified,Confined Space,Low,Not required
SIF-0802,Unsafe Condition,Site D,Electrical Maintenance,An unsafe act occurred during Electrical Maintenance; the crew proceeded before confirming Energy Isolation controls. The event had serious-injury potential despite no major consequence.,English,YES,Energy exposure,Unsafe positioning or uncontrolled exposure,Energy Isolation,Critical,Required
SIF-0803,Unsafe Act,Site E,Vessel Cleaning,"The crew completed Vessel Cleaning after confirming permits, barriers, and Confined Space requirements. No significant safety precursor was reported.",English,NO,No credible SIF precursor,Required controls verified,Confined Space,Low,Not required
SIF-0804,Near-Miss,Site B,Compressor Maintenance,The report describes a near-miss in Compressor Maintenance involving inadequate Energy Isolation controls and uncontrolled exposure. HSE attention was recommended.,English,YES,Unsafe positioning,Near-miss with serious consequence potential,Energy Isolation,High,Required
SIF-0805,Near-Miss,Site C,Lifting Operation,A routine inspection of Lifting Operation found controls in place and personnel outside the hazard zone. The report does not indicate SIF potential.,English,NO,No credible SIF precursor,No high-consequence exposure identified,Line of Fire,Normal,Not required
SIF-0806,Incident,Site A,Lifting Operation,"During Lifting Operation, the required Line of Fire control was not verified. Personnel were exposed to a credible high-energy hazard, although no serious injury occurred.",English,YES,Incomplete permit/control,Barrier failure identified,Line of Fire,High,Required
SIF-0807,Unsafe Condition,Site F,Crane Operation,A planned Crane Operation task was completed with appropriate supervision and documented Line of Fire controls. No credible SIF potential was found.,English,NO,No credible SIF precursor,Personnel maintained safe position,Line of Fire,Normal,Not required
SIF-0808,Incident,Site F,Lifting Operation,The report describes a near-miss in Lifting Operation involving inadequate Line of Fire controls and uncontrolled exposure. HSE attention was recommended.,English,YES,Incomplete permit/control,Required control was missing or not verified,Line of Fire,Critical,Required
SIF-0809,Unsafe Condition,Site D,Vehicle Movement,A planned Vehicle Movement task was completed with appropriate supervision and documented Line of Fire controls. No credible SIF potential was found.,English,NO,No credible SIF precursor,Approved procedure followed,Line of Fire,Normal,Not required
SIF-0810,Incident,Site F,Electrical Maintenance,"During Electrical Maintenance, the required Energy Isolation control was not verified. Personnel were exposed to a credible high-energy hazard, although no serious injury occurred.",English,YES,Energy exposure,Required control was missing or not verified,Energy Isolation,High,Required
SIF-0811,Near-Miss,Site C,Tank Entry,The report records a normal safety observation during Tank Entry. Required controls were effective and no high-consequence exposure was identified.,English,NO,No credible SIF precursor,Personnel maintained safe position,Confined Space,Normal,Not required
SIF-0812,Incident,Site F,Crane Operation,"During inspection of Crane Operation, personnel were found within a hazardous exposure zone without adequate Line of Fire protection. Immediate correction was required.",English,YES,Uncontrolled hazard,Unsafe positioning or uncontrolled exposure,Line of Fire,Critical,Required
SIF-0813,Incident,Site E,Crane Operation,"The crew completed Crane Operation after confirming permits, barriers, and Line of Fire requirements. No significant safety precursor was reported.",English,NO,No credible SIF precursor,Approved procedure followed,Line of Fire,Low,Not required
SIF-0814,Unsafe Condition,Site B,Compressor Maintenance,"During inspection of Compressor Maintenance, personnel were found within a hazardous exposure zone without adequate Energy Isolation protection. Immediate correction was required.",English,YES,Barrier failure,Near-miss with serious consequence potential,Energy Isolation,High,Required
SIF-0815,Unsafe Act,Site D,Welding Near Hydrocarbon Equipment,Routine Welding Near Hydrocarbon Equipment was completed with the required Hot Work controls verified and documented. No credible SIF precursor was identified.,English,NO,No credible SIF precursor,Required controls verified,Hot Work,Normal,Not required
SIF-0816,Unsafe Act,Site A,Vessel Cleaning,A barrier failure was identified during Vessel Cleaning. The missing or ineffective Confined Space control left workers exposed to a high-consequence hazard.,English,YES,Control failure,Permit/control verification incomplete,Confined Space,High,Required
SIF-0817,Unsafe Condition,Site E,Vehicle Movement,Routine Vehicle Movement was completed with the required Line of Fire controls verified and documented. No credible SIF precursor was identified.,English,NO,No credible SIF precursor,Routine observation with effective controls,Line of Fire,Normal,Not required
SIF-0818,Unsafe Condition,Site B,Vehicle Movement,"During inspection of Vehicle Movement, personnel were found within a hazardous exposure zone without adequate Line of Fire protection. Immediate correction was required.",English,YES,Barrier failure,Unsafe positioning or uncontrolled exposure,Line of Fire,High,Required
SIF-0819,Unsafe Act,Site B,Vessel Cleaning,Routine Vessel Cleaning was completed with the required Confined Space controls verified and documented. No credible SIF precursor was identified.,English,NO,No credible SIF precursor,Routine observation with effective controls,Confined Space,Normal,Not required
SIF-0820,Incident,Site D,Lifting Operation,"During inspection of Lifting Operation, personnel were found within a hazardous exposure zone without adequate Line of Fire protection. Immediate correction was required.",English,YES,Barrier failure,Permit/control verification incomplete,Line of Fire,Critical,Required
SIF-0821,Incident,Site B,Vessel Cleaning,The report records a normal safety observation during Vessel Cleaning. Required controls were effective and no high-consequence exposure was identified.,English,NO,No credible SIF precursor,Routine observation with effective controls,Confined Space,Normal,Not required
SIF-0822,Near-Miss,Site F,Vessel Cleaning,An unsafe act occurred during Vessel Cleaning; the crew proceeded before confirming Confined Space controls. The event had serious-injury potential despite no major consequence.,English,YES,Control failure,Unsafe positioning or uncontrolled exposure,Confined Space,High,Required
SIF-0823,Near-Miss,Site C,Grinding,"The crew completed Grinding after confirming permits, barriers, and Hot Work requirements. No significant safety precursor was reported.",English,NO,No credible SIF precursor,Personnel maintained safe position,Hot Work,Low,Not required
SIF-0824,Unsafe Act,Site A,Vehicle Movement,A near-miss was observed during Vehicle Movement when Line of Fire precautions were incomplete. The report indicates a clear SIF precursor requiring HSE review.,English,YES,Unsafe positioning,Barrier failure identified,Line of Fire,Critical,Required
SIF-0825,Incident,Site A,Vessel Cleaning,A planned Vessel Cleaning task was completed with appropriate supervision and documented Confined Space controls. No credible SIF potential was found.,English,NO,No credible SIF precursor,Permit and barriers confirmed,Confined Space,Normal,Not required
SIF-0826,Near-Miss,Site D,Compressor Maintenance,The team was preparing for Compressor Maintenance while the Energy Isolation control was bypassed or incomplete. The unsafe condition could have resulted in severe harm.,English,YES,Barrier failure,Required control was missing or not verified,Energy Isolation,Critical,Required
SIF-0827,Incident,Site E,Electrical Maintenance,"The crew completed Electrical Maintenance after confirming permits, barriers, and Energy Isolation requirements. No significant safety precursor was reported.",English,NO,No credible SIF precursor,Approved procedure followed,Energy Isolation,Low,Not required
SIF-0828,Unsafe Condition,Site D,Electrical Maintenance,"During inspection of Electrical Maintenance, personnel were found within a hazardous exposure zone without adequate Energy Isolation protection. Immediate correction was required.",English,YES,Uncontrolled hazard,Required control was missing or not verified,Energy Isolation,Critical,Required
SIF-0829,Near-Miss,Site E,Tank Entry,A routine inspection of Tank Entry found controls in place and personnel outside the hazard zone. The report does not indicate SIF potential.,English,NO,No credible SIF precursor,Routine observation with effective controls,Confined Space,Normal,Not required
SIF-0830,Unsafe Act,Site B,Electrical Maintenance,A near-miss was observed during Electrical Maintenance when Energy Isolation precautions were incomplete. The report indicates a clear SIF precursor requiring HSE review.,English,YES,Control failure,Personnel exposed to high-energy hazard,Energy Isolation,Critical,Required
SIF-0831,Incident,Site E,Grinding,A routine inspection of Grinding found controls in place and personnel outside the hazard zone. The report does not indicate SIF potential.,English,NO,No credible SIF precursor,Routine observation with effective controls,Hot Work,Normal,Not required
SIF-0832,Unsafe Act,Site C,Tank Entry,A near-miss was observed during Tank Entry when Confined Space precautions were incomplete. The report indicates a clear SIF precursor requiring HSE review.,English,YES,Barrier failure,Required control was missing or not verified,Confined Space,High,Required
SIF-0833,Near-Miss,Site C,Pipeline Repair,"During Pipeline Repair, the team followed the approved procedure and confirmed Energy Isolation controls before starting work. No serious-injury precursor was observed.",English,NO,No credible SIF precursor,Routine observation with effective controls,Energy Isolation,Normal,Not required
SIF-0834,Unsafe Act,Site B,Compressor Maintenance,A near-miss was observed during Compressor Maintenance when Energy Isolation precautions were incomplete. The report indicates a clear SIF precursor requiring HSE review.,English,YES,Barrier failure,Required control was missing or not verified,Energy Isolation,Critical,Required
SIF-0835,Near-Miss,Site D,Lifting Operation,A planned Lifting Operation task was completed with appropriate supervision and documented Line of Fire controls. No credible SIF potential was found.,English,NO,No credible SIF precursor,Permit and barriers confirmed,Line of Fire,Normal,Not required
SIF-0836,Unsafe Act,Site F,Grinding,An unsafe act occurred during Grinding; the crew proceeded before confirming Hot Work controls. The event had serious-injury potential despite no major consequence.,English,YES,Control failure,Required control was missing or not verified,Hot Work,High,Required
SIF-0837,Unsafe Act,Site D,Vehicle Movement,"During Vehicle Movement, the supervisor verified the relevant Line of Fire control and the work proceeded within the approved safe limits. No SIF precursor was identified.",English,NO,No credible SIF precursor,Permit and barriers confirmed,Line of Fire,Low,Not required
SIF-0838,Incident,Site C,Tank Entry,Worker started Tank Entry without confirming effective Confined Space controls. The hazard remained exposed and the condition had potential for serious injury or fatality.,English,YES,Unsafe positioning,Required control was missing or not verified,Confined Space,High,Required
SIF-0839,Unsafe Act,Site B,Grinding,"During Grinding, the team followed the approved procedure and confirmed Hot Work controls before starting work. No serious-injury precursor was observed.",English,NO,No credible SIF precursor,Permit and barriers confirmed,Hot Work,Low,Not required
SIF-0840,Unsafe Condition,Site F,Vessel Cleaning,The report describes a near-miss in Vessel Cleaning involving inadequate Confined Space controls and uncontrolled exposure. HSE attention was recommended.,English,YES,Energy exposure,Unsafe positioning or uncontrolled exposure,Confined Space,Critical,Required
SIF-0841,Unsafe Act,Site F,Welding Near Hydrocarbon Equipment,The report records a normal safety observation during Welding Near Hydrocarbon Equipment. Required controls were effective and no high-consequence exposure was identified.,English,NO,No credible SIF precursor,No high-consequence exposure identified,Hot Work,Low,Not required
SIF-0842,Near-Miss,Site D,Vehicle Movement,The team was preparing for Vehicle Movement while the Line of Fire control was bypassed or incomplete. The unsafe condition could have resulted in severe harm.,English,YES,Uncontrolled hazard,Barrier failure identified,Line of Fire,High,Required
SIF-0843,Unsafe Condition,Site A,Tank Entry,The report records a normal safety observation during Tank Entry. Required controls were effective and no high-consequence exposure was identified.,English,NO,No credible SIF precursor,Permit and barriers confirmed,Confined Space,Normal,Not required
SIF-0844,Near-Miss,Site B,Compressor Maintenance,"During Compressor Maintenance, the required Energy Isolation control was not verified. Personnel were exposed to a credible high-energy hazard, although no serious injury occurred.",English,YES,Control failure,Unsafe positioning or uncontrolled exposure,Energy Isolation,High,Required
SIF-0845,Incident,Site E,Compressor Maintenance,The report records a normal safety observation during Compressor Maintenance. Required controls were effective and no high-consequence exposure was identified.,English,NO,No credible SIF precursor,No high-consequence exposure identified,Energy Isolation,Low,Not required
SIF-0846,Unsafe Condition,Site A,Lifting Operation,A near-miss was observed during Lifting Operation when Line of Fire precautions were incomplete. The report indicates a clear SIF precursor requiring HSE review.,English,YES,Uncontrolled hazard,Unsafe positioning or uncontrolled exposure,Line of Fire,High,Required
SIF-0847,Unsafe Act,Site C,Crane Operation,Routine Crane Operation was completed with the required Line of Fire controls verified and documented. No credible SIF precursor was identified.,English,NO,No credible SIF precursor,Personnel maintained safe position,Line of Fire,Low,Not required
SIF-0848,Unsafe Condition,Site A,Vessel Cleaning,The report describes a near-miss in Vessel Cleaning involving inadequate Confined Space controls and uncontrolled exposure. HSE attention was recommended.,English,YES,Incomplete permit/control,Personnel exposed to high-energy hazard,Confined Space,Critical,Required
SIF-0849,Unsafe Condition,Site D,Lifting Operation,Routine Lifting Operation was completed with the required Line of Fire controls verified and documented. No credible SIF precursor was identified.,English,NO,No credible SIF precursor,Routine observation with effective controls,Line of Fire,Normal,Not required
SIF-0850,Unsafe Condition,Site F,Lifting Operation,"During inspection of Lifting Operation, personnel were found within a hazardous exposure zone without adequate Line of Fire protection. Immediate correction was required.",English,YES,Uncontrolled hazard,Required control was missing or not verified,Line of Fire,Critical,Required
SIF-0851,Near-Miss,Site E,Grinding,"During Grinding, the supervisor verified the relevant Hot Work control and the work proceeded within the approved safe limits. No SIF precursor was identified.",English,NO,No credible SIF precursor,Routine observation with effective controls,Hot Work,Normal,Not required
SIF-0852,Unsafe Condition,Site E,Tank Entry,An unsafe act occurred during Tank Entry; the crew proceeded before confirming Confined Space controls. The event had serious-injury potential despite no major consequence.,English,YES,Energy exposure,Barrier failure identified,Confined Space,Critical,Required
SIF-0853,Unsafe Condition,Site E,Crane Operation,Routine Crane Operation was completed with the required Line of Fire controls verified and documented. No credible SIF precursor was identified.,English,NO,No credible SIF precursor,No high-consequence exposure identified,Line of Fire,Low,Not required
SIF-0854,Near-Miss,Site C,Grinding,An unsafe act occurred during Grinding; the crew proceeded before confirming Hot Work controls. The event had serious-injury potential despite no major consequence.,English,YES,Uncontrolled hazard,Unsafe positioning or uncontrolled exposure,Hot Work,High,Required
SIF-0855,Unsafe Condition,Site D,Vessel Cleaning,Routine Vessel Cleaning was completed with the required Confined Space controls verified and documented. No credible SIF precursor was identified.,English,NO,No credible SIF precursor,No high-consequence exposure identified,Confined Space,Normal,Not required
SIF-0856,Near-Miss,Site B,Crane Operation,"During Crane Operation, the required Line of Fire control was not verified. Personnel were exposed to a credible high-energy hazard, although no serious injury occurred.",English,YES,Barrier failure,Near-miss with serious consequence potential,Line of Fire,Critical,Required
SIF-0857,Incident,Site F,Vessel Cleaning,A planned Vessel Cleaning task was completed with appropriate supervision and documented Confined Space controls. No credible SIF potential was found.,English,NO,No credible SIF precursor,No high-consequence exposure identified,Confined Space,Low,Not required
SIF-0858,Near-Miss,Site C,Crane Operation,A barrier failure was identified during Crane Operation. The missing or ineffective Line of Fire control left workers exposed to a high-consequence hazard.,English,YES,Control failure,Near-miss with serious consequence potential,Line of Fire,Critical,Required
SIF-0859,Unsafe Act,Site E,Pipeline Repair,Routine Pipeline Repair was completed with the required Energy Isolation controls verified and documented. No credible SIF precursor was identified.,English,NO,No credible SIF precursor,Approved procedure followed,Energy Isolation,Low,Not required
SIF-0860,Unsafe Act,Site B,Compressor Maintenance,The report describes a near-miss in Compressor Maintenance involving inadequate Energy Isolation controls and uncontrolled exposure. HSE attention was recommended.,English,YES,Control failure,Personnel exposed to high-energy hazard,Energy Isolation,High,Required
SIF-0861,Incident,Site F,Crane Operation,The report records a normal safety observation during Crane Operation. Required controls were effective and no high-consequence exposure was identified.,English,NO,No credible SIF precursor,Permit and barriers confirmed,Line of Fire,Normal,Not required
SIF-0862,Unsafe Condition,Site C,Compressor Maintenance,"During Compressor Maintenance, the required Energy Isolation control was not verified. Personnel were exposed to a credible high-energy hazard, although no serious injury occurred.",English,YES,Uncontrolled hazard,Required control was missing or not verified,Energy Isolation,High,Required
SIF-0863,Incident,Site A,Grinding,A planned Grinding task was completed with appropriate supervision and documented Hot Work controls. No credible SIF potential was found.,English,NO,No credible SIF precursor,Routine observation with effective controls,Hot Work,Low,Not required
SIF-0864,Incident,Site E,Lifting Operation,An unsafe act occurred during Lifting Operation; the crew proceeded before confirming Line of Fire controls. The event had serious-injury potential despite no major consequence.,English,YES,Incomplete permit/control,Near-miss with serious consequence potential,Line of Fire,High,Required
SIF-0865,Unsafe Act,Site E,Vehicle Movement,The report records a normal safety observation during Vehicle Movement. Required controls were effective and no high-consequence exposure was identified.,English,NO,No credible SIF precursor,Required controls verified,Line of Fire,Normal,Not required
SIF-0866,Unsafe Act,Site B,Pipeline Repair,"During Pipeline Repair, the required Energy Isolation control was not verified. Personnel were exposed to a credible high-energy hazard, although no serious injury occurred.",English,YES,Incomplete permit/control,Near-miss with serious consequence potential,Energy Isolation,High,Required
SIF-0867,Unsafe Condition,Site B,Electrical Maintenance,"During Electrical Maintenance, the supervisor verified the relevant Energy Isolation control and the work proceeded within the approved safe limits. No SIF precursor was identified.",English,NO,No credible SIF precursor,Routine observation with effective controls,Energy Isolation,Low,Not required
SIF-0868,Unsafe Condition,Site F,Crane Operation,A barrier failure was identified during Crane Operation. The missing or ineffective Line of Fire control left workers exposed to a high-consequence hazard.,English,YES,Uncontrolled hazard,Near-miss with serious consequence potential,Line of Fire,High,Required
SIF-0869,Incident,Site C,Crane Operation,The report records a normal safety observation during Crane Operation. Required controls were effective and no high-consequence exposure was identified.,English,NO,No credible SIF precursor,Routine observation with effective controls,Line of Fire,Normal,Not required
SIF-0870,Unsafe Condition,Site B,Pipeline Repair,A barrier failure was identified during Pipeline Repair. The missing or ineffective Energy Isolation control left workers exposed to a high-consequence hazard.,English,YES,Uncontrolled hazard,Permit/control verification incomplete,Energy Isolation,Critical,Required
SIF-0871,Incident,Site E,Welding Near Hydrocarbon Equipment,A routine inspection of Welding Near Hydrocarbon Equipment found controls in place and personnel outside the hazard zone. The report does not indicate SIF potential.,English,NO,No credible SIF precursor,Personnel maintained safe position,Hot Work,Normal,Not required
SIF-0872,Incident,Site D,Lifting Operation,An unsafe act occurred during Lifting Operation; the crew proceeded before confirming Line of Fire controls. The event had serious-injury potential despite no major consequence.,English,YES,Incomplete permit/control,Permit/control verification incomplete,Line of Fire,High,Required
SIF-0873,Incident,Site B,Vessel Cleaning,A planned Vessel Cleaning task was completed with appropriate supervision and documented Confined Space controls. No credible SIF potential was found.,English,NO,No credible SIF precursor,No high-consequence exposure identified,Confined Space,Normal,Not required
SIF-0874,Incident,Site D,Lifting Operation,A barrier failure was identified during Lifting Operation. The missing or ineffective Line of Fire control left workers exposed to a high-consequence hazard.,English,YES,Energy exposure,Required control was missing or not verified,Line of Fire,High,Required
SIF-0875,Unsafe Condition,Site A,Crane Operation,A routine inspection of Crane Operation found controls in place and personnel outside the hazard zone. The report does not indicate SIF potential.,English,NO,No credible SIF precursor,Required controls verified,Line of Fire,Normal,Not required
SIF-0876,Near-Miss,Site B,Tank Entry,Worker started Tank Entry without confirming effective Confined Space controls. The hazard remained exposed and the condition had potential for serious injury or fatality.,English,YES,Incomplete permit/control,Near-miss with serious consequence potential,Confined Space,Critical,Required
SIF-0877,Unsafe Condition,Site E,Vessel Cleaning,Routine Vessel Cleaning was completed with the required Confined Space controls verified and documented. No credible SIF precursor was identified.,English,NO,No credible SIF precursor,Required controls verified,Confined Space,Normal,Not required
SIF-0878,Unsafe Condition,Site B,Lifting Operation,"During inspection of Lifting Operation, personnel were found within a hazardous exposure zone without adequate Line of Fire protection. Immediate correction was required.",English,YES,Barrier failure,Barrier failure identified,Line of Fire,High,Required
SIF-0879,Unsafe Act,Site C,Vehicle Movement,"During Vehicle Movement, the supervisor verified the relevant Line of Fire control and the work proceeded within the approved safe limits. No SIF precursor was identified.",English,NO,No credible SIF precursor,Permit and barriers confirmed,Line of Fire,Low,Not required
SIF-0880,Near-Miss,Site F,Pipeline Repair,The report describes a near-miss in Pipeline Repair involving inadequate Energy Isolation controls and uncontrolled exposure. HSE attention was recommended.,English,YES,Uncontrolled hazard,Personnel exposed to high-energy hazard,Energy Isolation,Critical,Required
SIF-0881,Near-Miss,Site A,Crane Operation,Routine Crane Operation was completed with the required Line of Fire controls verified and documented. No credible SIF precursor was identified.,English,NO,No credible SIF precursor,Routine observation with effective controls,Line of Fire,Normal,Not required
SIF-0882,Near-Miss,Site A,Pipeline Repair,An unsafe act occurred during Pipeline Repair; the crew proceeded before confirming Energy Isolation controls. The event had serious-injury potential despite no major consequence.,English,YES,Control failure,Unsafe positioning or uncontrolled exposure,Energy Isolation,Critical,Required
SIF-0883,Unsafe Act,Site F,Tank Entry,The report records a normal safety observation during Tank Entry. Required controls were effective and no high-consequence exposure was identified.,English,NO,No credible SIF precursor,Routine observation with effective controls,Confined Space,Normal,Not required
SIF-0884,Unsafe Act,Site C,Compressor Maintenance,An unsafe act occurred during Compressor Maintenance; the crew proceeded before confirming Energy Isolation controls. The event had serious-injury potential despite no major consequence.,English,YES,Energy exposure,Permit/control verification incomplete,Energy Isolation,High,Required
SIF-0885,Unsafe Condition,Site F,Vessel Cleaning,"During Vessel Cleaning, the team followed the approved procedure and confirmed Confined Space controls before starting work. No serious-injury precursor was observed.",English,NO,No credible SIF precursor,Required controls verified,Confined Space,Normal,Not required
SIF-0886,Unsafe Act,Site E,Grinding,The team was preparing for Grinding while the Hot Work control was bypassed or incomplete. The unsafe condition could have resulted in severe harm.,English,YES,Unsafe positioning,Unsafe positioning or uncontrolled exposure,Hot Work,Critical,Required
SIF-0887,Near-Miss,Site B,Welding Near Hydrocarbon Equipment,Routine Welding Near Hydrocarbon Equipment was completed with the required Hot Work controls verified and documented. No credible SIF precursor was identified.,English,NO,No credible SIF precursor,Permit and barriers confirmed,Hot Work,Low,Not required
SIF-0888,Near-Miss,Site D,Vessel Cleaning,"During Vessel Cleaning, the required Confined Space control was not verified. Personnel were exposed to a credible high-energy hazard, although no serious injury occurred.",English,YES,Uncontrolled hazard,Unsafe positioning or uncontrolled exposure,Confined Space,Critical,Required
SIF-0889,Incident,Site B,Welding Near Hydrocarbon Equipment,"During Welding Near Hydrocarbon Equipment, the supervisor verified the relevant Hot Work control and the work proceeded within the approved safe limits. No SIF precursor was identified.",English,NO,No credible SIF precursor,Approved procedure followed,Hot Work,Normal,Not required
SIF-0890,Unsafe Condition,Site F,Electrical Maintenance,The team was preparing for Electrical Maintenance while the Energy Isolation control was bypassed or incomplete. The unsafe condition could have resulted in severe harm.,English,YES,Energy exposure,Personnel exposed to high-energy hazard,Energy Isolation,High,Required
SIF-0891,Unsafe Act,Site C,Electrical Maintenance,Routine Electrical Maintenance was completed with the required Energy Isolation controls verified and documented. No credible SIF precursor was identified.,English,NO,No credible SIF precursor,Routine observation with effective controls,Energy Isolation,Normal,Not required
SIF-0892,Near-Miss,Site C,Electrical Maintenance,The team was preparing for Electrical Maintenance while the Energy Isolation control was bypassed or incomplete. The unsafe condition could have resulted in severe harm.,English,YES,Incomplete permit/control,Barrier failure identified,Energy Isolation,Critical,Required
SIF-0893,Unsafe Condition,Site C,Compressor Maintenance,A routine inspection of Compressor Maintenance found controls in place and personnel outside the hazard zone. The report does not indicate SIF potential.,English,NO,No credible SIF precursor,No high-consequence exposure identified,Energy Isolation,Normal,Not required
SIF-0894,Incident,Site B,Crane Operation,Worker started Crane Operation without confirming effective Line of Fire controls. The hazard remained exposed and the condition had potential for serious injury or fatality.,English,YES,Uncontrolled hazard,Personnel exposed to high-energy hazard,Line of Fire,High,Required
SIF-0895,Unsafe Act,Site B,Lifting Operation,Routine Lifting Operation was completed with the required Line of Fire controls verified and documented. No credible SIF precursor was identified.,English,NO,No credible SIF precursor,Routine observation with effective controls,Line of Fire,Low,Not required
SIF-0896,Unsafe Condition,Site E,Tank Entry,"During inspection of Tank Entry, personnel were found within a hazardous exposure zone without adequate Confined Space protection. Immediate correction was required.",English,YES,Uncontrolled hazard,Required control was missing or not verified,Confined Space,Critical,Required
SIF-0897,Incident,Site C,Pipeline Repair,"The crew completed Pipeline Repair after confirming permits, barriers, and Energy Isolation requirements. No significant safety precursor was reported.",English,NO,No credible SIF precursor,Required controls verified,Energy Isolation,Normal,Not required
SIF-0898,Unsafe Condition,Site F,Tank Entry,The team was preparing for Tank Entry while the Confined Space control was bypassed or incomplete. The unsafe condition could have resulted in severe harm.,English,YES,Incomplete permit/control,Permit/control verification incomplete,Confined Space,Critical,Required
SIF-0899,Unsafe Condition,Site E,Grinding,The report records a normal safety observation during Grinding. Required controls were effective and no high-consequence exposure was identified.,English,NO,No credible SIF precursor,Routine observation with effective controls,Hot Work,Low,Not required
SIF-0900,Unsafe Act,Site E,Electrical Maintenance,"During inspection of Electrical Maintenance, personnel were found within a hazardous exposure zone without adequate Energy Isolation protection. Immediate correction was required.",English,YES,Energy exposure,Personnel exposed to high-energy hazard,Energy Isolation,High,Required
SIF-0901,Near-Miss,Site F,Tank Entry,Routine Tank Entry was completed with the required Confined Space controls verified and documented. No credible SIF precursor was identified.,English,NO,No credible SIF precursor,Permit and barriers confirmed,Confined Space,Low,Not required
SIF-0902,Near-Miss,Site D,Pipeline Repair,An unsafe act occurred during Pipeline Repair; the crew proceeded before confirming Energy Isolation controls. The event had serious-injury potential despite no major consequence.,English,YES,Energy exposure,Required control was missing or not verified,Energy Isolation,High,Required
SIF-0903,Incident,Site B,Electrical Maintenance,"During Electrical Maintenance, the supervisor verified the relevant Energy Isolation control and the work proceeded within the approved safe limits. No SIF precursor was identified.",English,NO,No credible SIF precursor,Routine observation with effective controls,Energy Isolation,Low,Not required
SIF-0904,Unsafe Act,Site D,Lifting Operation,A near-miss was observed during Lifting Operation when Line of Fire precautions were incomplete. The report indicates a clear SIF precursor requiring HSE review.,English,YES,Incomplete permit/control,Personnel exposed to high-energy hazard,Line of Fire,Critical,Required
SIF-0905,Unsafe Condition,Site A,Compressor Maintenance,"During Compressor Maintenance, the supervisor verified the relevant Energy Isolation control and the work proceeded within the approved safe limits. No SIF precursor was identified.",English,NO,No credible SIF precursor,Personnel maintained safe position,Energy Isolation,Normal,Not required
SIF-0906,Unsafe Condition,Site D,Grinding,Worker started Grinding without confirming effective Hot Work controls. The hazard remained exposed and the condition had potential for serious injury or fatality.,English,YES,Energy exposure,Barrier failure identified,Hot Work,Critical,Required
SIF-0907,Near-Miss,Site B,Vehicle Movement,A planned Vehicle Movement task was completed with appropriate supervision and documented Line of Fire controls. No credible SIF potential was found.,English,NO,No credible SIF precursor,Required controls verified,Line of Fire,Normal,Not required
SIF-0908,Near-Miss,Site A,Electrical Maintenance,The team was preparing for Electrical Maintenance while the Energy Isolation control was bypassed or incomplete. The unsafe condition could have resulted in severe harm.,English,YES,Unsafe positioning,Personnel exposed to high-energy hazard,Energy Isolation,Critical,Required
SIF-0909,Incident,Site A,Welding Near Hydrocarbon Equipment,"During Welding Near Hydrocarbon Equipment, the supervisor verified the relevant Hot Work control and the work proceeded within the approved safe limits. No SIF precursor was identified.",English,NO,No credible SIF precursor,Routine observation with effective controls,Hot Work,Low,Not required
SIF-0910,Unsafe Condition,Site B,Electrical Maintenance,A barrier failure was identified during Electrical Maintenance. The missing or ineffective Energy Isolation control left workers exposed to a high-consequence hazard.,English,YES,Unsafe positioning,Barrier failure identified,Energy Isolation,Critical,Required
SIF-0911,Unsafe Condition,Site B,Vessel Cleaning,The report records a normal safety observation during Vessel Cleaning. Required controls were effective and no high-consequence exposure was identified.,English,NO,No credible SIF precursor,Approved procedure followed,Confined Space,Low,Not required
SIF-0912,Unsafe Condition,Site C,Welding Near Hydrocarbon Equipment,A barrier failure was identified during Welding Near Hydrocarbon Equipment. The missing or ineffective Hot Work control left workers exposed to a high-consequence hazard.,English,YES,Energy exposure,Personnel exposed to high-energy hazard,Hot Work,High,Required
SIF-0913,Unsafe Act,Site E,Pipeline Repair,"During Pipeline Repair, the team followed the approved procedure and confirmed Energy Isolation controls before starting work. No serious-injury precursor was observed.",English,NO,No credible SIF precursor,Personnel maintained safe position,Energy Isolation,Low,Not required
SIF-0914,Incident,Site C,Compressor Maintenance,A barrier failure was identified during Compressor Maintenance. The missing or ineffective Energy Isolation control left workers exposed to a high-consequence hazard.,English,YES,Uncontrolled hazard,Barrier failure identified,Energy Isolation,Critical,Required
SIF-0915,Unsafe Condition,Site B,Vehicle Movement,Routine Vehicle Movement was completed with the required Line of Fire controls verified and documented. No credible SIF precursor was identified.,English,NO,No credible SIF precursor,Approved procedure followed,Line of Fire,Low,Not required
SIF-0916,Near-Miss,Site E,Compressor Maintenance,The team was preparing for Compressor Maintenance while the Energy Isolation control was bypassed or incomplete. The unsafe condition could have resulted in severe harm.,English,YES,Barrier failure,Permit/control verification incomplete,Energy Isolation,High,Required
SIF-0917,Unsafe Act,Site C,Compressor Maintenance,The report records a normal safety observation during Compressor Maintenance. Required controls were effective and no high-consequence exposure was identified.,English,NO,No credible SIF precursor,Permit and barriers confirmed,Energy Isolation,Low,Not required
SIF-0918,Incident,Site E,Vessel Cleaning,An unsafe act occurred during Vessel Cleaning; the crew proceeded before confirming Confined Space controls. The event had serious-injury potential despite no major consequence.,English,YES,Unsafe positioning,Personnel exposed to high-energy hazard,Confined Space,Critical,Required
SIF-0919,Unsafe Condition,Site B,Grinding,"During Grinding, the team followed the approved procedure and confirmed Hot Work controls before starting work. No serious-injury precursor was observed.",English,NO,No credible SIF precursor,Approved procedure followed,Hot Work,Low,Not required
SIF-0920,Near-Miss,Site A,Electrical Maintenance,A barrier failure was identified during Electrical Maintenance. The missing or ineffective Energy Isolation control left workers exposed to a high-consequence hazard.,English,YES,Barrier failure,Personnel exposed to high-energy hazard,Energy Isolation,High,Required
SIF-0921,Incident,Site B,Pipeline Repair,A planned Pipeline Repair task was completed with appropriate supervision and documented Energy Isolation controls. No credible SIF potential was found.,English,NO,No credible SIF precursor,No high-consequence exposure identified,Energy Isolation,Normal,Not required
SIF-0922,Unsafe Condition,Site D,Lifting Operation,A barrier failure was identified during Lifting Operation. The missing or ineffective Line of Fire control left workers exposed to a high-consequence hazard.,English,YES,Incomplete permit/control,Unsafe positioning or uncontrolled exposure,Line of Fire,High,Required
SIF-0923,Near-Miss,Site F,Electrical Maintenance,"The crew completed Electrical Maintenance after confirming permits, barriers, and Energy Isolation requirements. No significant safety precursor was reported.",English,NO,No credible SIF precursor,No high-consequence exposure identified,Energy Isolation,Low,Not required
SIF-0924,Incident,Site A,Vessel Cleaning,The report describes a near-miss in Vessel Cleaning involving inadequate Confined Space controls and uncontrolled exposure. HSE attention was recommended.,English,YES,Incomplete permit/control,Required control was missing or not verified,Confined Space,High,Required
SIF-0925,Unsafe Act,Site D,Vessel Cleaning,"During Vessel Cleaning, the supervisor verified the relevant Confined Space control and the work proceeded within the approved safe limits. No SIF precursor was identified.",English,NO,No credible SIF precursor,Permit and barriers confirmed,Confined Space,Low,Not required
SIF-0926,Incident,Site C,Tank Entry,A barrier failure was identified during Tank Entry. The missing or ineffective Confined Space control left workers exposed to a high-consequence hazard.,English,YES,Unsafe positioning,Barrier failure identified,Confined Space,Critical,Required
SIF-0927,Near-Miss,Site D,Welding Near Hydrocarbon Equipment,"During Welding Near Hydrocarbon Equipment, the supervisor verified the relevant Hot Work control and the work proceeded within the approved safe limits. No SIF precursor was identified.",English,NO,No credible SIF precursor,Required controls verified,Hot Work,Low,Not required
SIF-0928,Incident,Site F,Grinding,"During Grinding, the required Hot Work control was not verified. Personnel were exposed to a credible high-energy hazard, although no serious injury occurred.",English,YES,Barrier failure,Near-miss with serious consequence potential,Hot Work,High,Required
SIF-0929,Unsafe Condition,Site F,Crane Operation,"The crew completed Crane Operation after confirming permits, barriers, and Line of Fire requirements. No significant safety precursor was reported.",English,NO,No credible SIF precursor,Permit and barriers confirmed,Line of Fire,Normal,Not required
SIF-0930,Unsafe Condition,Site A,Grinding,The report describes a near-miss in Grinding involving inadequate Hot Work controls and uncontrolled exposure. HSE attention was recommended.,English,YES,Unsafe positioning,Permit/control verification incomplete,Hot Work,High,Required
SIF-0931,Near-Miss,Site C,Pipeline Repair,The report records a normal safety observation during Pipeline Repair. Required controls were effective and no high-consequence exposure was identified.,English,NO,No credible SIF precursor,Routine observation with effective controls,Energy Isolation,Low,Not required
SIF-0932,Unsafe Act,Site A,Pipeline Repair,The report describes a near-miss in Pipeline Repair involving inadequate Energy Isolation controls and uncontrolled exposure. HSE attention was recommended.,English,YES,Control failure,Near-miss with serious consequence potential,Energy Isolation,Critical,Required
SIF-0933,Incident,Site F,Vessel Cleaning,The report records a normal safety observation during Vessel Cleaning. Required controls were effective and no high-consequence exposure was identified.,English,NO,No credible SIF precursor,No high-consequence exposure identified,Confined Space,Low,Not required
SIF-0934,Incident,Site E,Electrical Maintenance,Worker started Electrical Maintenance without confirming effective Energy Isolation controls. The hazard remained exposed and the condition had potential for serious injury or fatality.,English,YES,Incomplete permit/control,Personnel exposed to high-energy hazard,Energy Isolation,Critical,Required
SIF-0935,Unsafe Condition,Site B,Welding Near Hydrocarbon Equipment,"During Welding Near Hydrocarbon Equipment, the team followed the approved procedure and confirmed Hot Work controls before starting work. No serious-injury precursor was observed.",English,NO,No credible SIF precursor,Routine observation with effective controls,Hot Work,Low,Not required
SIF-0936,Near-Miss,Site C,Electrical Maintenance,The report describes a near-miss in Electrical Maintenance involving inadequate Energy Isolation controls and uncontrolled exposure. HSE attention was recommended.,English,YES,Control failure,Barrier failure identified,Energy Isolation,High,Required
SIF-0937,Unsafe Act,Site B,Welding Near Hydrocarbon Equipment,"During Welding Near Hydrocarbon Equipment, the supervisor verified the relevant Hot Work control and the work proceeded within the approved safe limits. No SIF precursor was identified.",English,NO,No credible SIF precursor,Personnel maintained safe position,Hot Work,Low,Not required
SIF-0938,Incident,Site D,Grinding,Worker started Grinding without confirming effective Hot Work controls. The hazard remained exposed and the condition had potential for serious injury or fatality.,English,YES,Barrier failure,Permit/control verification incomplete,Hot Work,Critical,Required
SIF-0939,Incident,Site E,Tank Entry,"The crew completed Tank Entry after confirming permits, barriers, and Confined Space requirements. No significant safety precursor was reported.",English,NO,No credible SIF precursor,Permit and barriers confirmed,Confined Space,Normal,Not required
SIF-0940,Unsafe Act,Site E,Pipeline Repair,The team was preparing for Pipeline Repair while the Energy Isolation control was bypassed or incomplete. The unsafe condition could have resulted in severe harm.,English,YES,Incomplete permit/control,Permit/control verification incomplete,Energy Isolation,Critical,Required
SIF-0941,Unsafe Act,Site B,Vessel Cleaning,"During Vessel Cleaning, the team followed the approved procedure and confirmed Confined Space controls before starting work. No serious-injury precursor was observed.",English,NO,No credible SIF precursor,Approved procedure followed,Confined Space,Low,Not required
SIF-0942,Unsafe Condition,Site A,Lifting Operation,Worker started Lifting Operation without confirming effective Line of Fire controls. The hazard remained exposed and the condition had potential for serious injury or fatality.,English,YES,Energy exposure,Near-miss with serious consequence potential,Line of Fire,Critical,Required
SIF-0943,Unsafe Act,Site A,Pipeline Repair,"The crew completed Pipeline Repair after confirming permits, barriers, and Energy Isolation requirements. No significant safety precursor was reported.",English,NO,No credible SIF precursor,Approved procedure followed,Energy Isolation,Low,Not required
SIF-0944,Unsafe Condition,Site E,Vehicle Movement,The report describes a near-miss in Vehicle Movement involving inadequate Line of Fire controls and uncontrolled exposure. HSE attention was recommended.,English,YES,Control failure,Near-miss with serious consequence potential,Line of Fire,Critical,Required
SIF-0945,Near-Miss,Site C,Pipeline Repair,A routine inspection of Pipeline Repair found controls in place and personnel outside the hazard zone. The report does not indicate SIF potential.,English,NO,No credible SIF precursor,Permit and barriers confirmed,Energy Isolation,Low,Not required
SIF-0946,Unsafe Act,Site E,Electrical Maintenance,"During inspection of Electrical Maintenance, personnel were found within a hazardous exposure zone without adequate Energy Isolation protection. Immediate correction was required.",English,YES,Control failure,Unsafe positioning or uncontrolled exposure,Energy Isolation,High,Required
SIF-0947,Incident,Site C,Vehicle Movement,"During Vehicle Movement, the supervisor verified the relevant Line of Fire control and the work proceeded within the approved safe limits. No SIF precursor was identified.",English,NO,No credible SIF precursor,Approved procedure followed,Line of Fire,Low,Not required
SIF-0948,Unsafe Act,Site A,Crane Operation,"During Crane Operation, the required Line of Fire control was not verified. Personnel were exposed to a credible high-energy hazard, although no serious injury occurred.",English,YES,Unsafe positioning,Unsafe positioning or uncontrolled exposure,Line of Fire,Critical,Required
SIF-0949,Near-Miss,Site C,Crane Operation,"During Crane Operation, the supervisor verified the relevant Line of Fire control and the work proceeded within the approved safe limits. No SIF precursor was identified.",English,NO,No credible SIF precursor,No high-consequence exposure identified,Line of Fire,Normal,Not required
SIF-0950,Incident,Site E,Welding Near Hydrocarbon Equipment,The report describes a near-miss in Welding Near Hydrocarbon Equipment involving inadequate Hot Work controls and uncontrolled exposure. HSE attention was recommended.,English,YES,Incomplete permit/control,Unsafe positioning or uncontrolled exposure,Hot Work,High,Required
SIF-0951,Near-Miss,Site F,Tank Entry,"During Tank Entry, the team followed the approved procedure and confirmed Confined Space controls before starting work. No serious-injury precursor was observed.",English,NO,No credible SIF precursor,Required controls verified,Confined Space,Low,Not required
SIF-0952,Unsafe Act,Site D,Compressor Maintenance,The team was preparing for Compressor Maintenance while the Energy Isolation control was bypassed or incomplete. The unsafe condition could have resulted in severe harm.,English,YES,Unsafe positioning,Permit/control verification incomplete,Energy Isolation,Critical,Required
SIF-0953,Near-Miss,Site C,Compressor Maintenance,"During Compressor Maintenance, the supervisor verified the relevant Energy Isolation control and the work proceeded within the approved safe limits. No SIF precursor was identified.",English,NO,No credible SIF precursor,Routine observation with effective controls,Energy Isolation,Low,Not required
SIF-0954,Unsafe Condition,Site F,Compressor Maintenance,"During inspection of Compressor Maintenance, personnel were found within a hazardous exposure zone without adequate Energy Isolation protection. Immediate correction was required.",English,YES,Energy exposure,Barrier failure identified,Energy Isolation,High,Required
SIF-0955,Near-Miss,Site E,Vehicle Movement,A planned Vehicle Movement task was completed with appropriate supervision and documented Line of Fire controls. No credible SIF potential was found.,English,NO,No credible SIF precursor,Required controls verified,Line of Fire,Low,Not required
SIF-0956,Incident,Site C,Lifting Operation,Worker started Lifting Operation without confirming effective Line of Fire controls. The hazard remained exposed and the condition had potential for serious injury or fatality.,English,YES,Energy exposure,Personnel exposed to high-energy hazard,Line of Fire,High,Required
SIF-0957,Incident,Site F,Lifting Operation,"The crew completed Lifting Operation after confirming permits, barriers, and Line of Fire requirements. No significant safety precursor was reported.",English,NO,No credible SIF precursor,Required controls verified,Line of Fire,Low,Not required
SIF-0958,Incident,Site B,Grinding,An unsafe act occurred during Grinding; the crew proceeded before confirming Hot Work controls. The event had serious-injury potential despite no major consequence.,English,YES,Uncontrolled hazard,Unsafe positioning or uncontrolled exposure,Hot Work,Critical,Required
SIF-0959,Near-Miss,Site E,Compressor Maintenance,"During Compressor Maintenance, the supervisor verified the relevant Energy Isolation control and the work proceeded within the approved safe limits. No SIF precursor was identified.",English,NO,No credible SIF precursor,Routine observation with effective controls,Energy Isolation,Normal,Not required
SIF-0960,Unsafe Act,Site E,Vessel Cleaning,The team was preparing for Vessel Cleaning while the Confined Space control was bypassed or incomplete. The unsafe condition could have resulted in severe harm.,English,YES,Energy exposure,Permit/control verification incomplete,Confined Space,Critical,Required
SIF-0961,Near-Miss,Site B,Pipeline Repair,A planned Pipeline Repair task was completed with appropriate supervision and documented Energy Isolation controls. No credible SIF potential was found.,English,NO,No credible SIF precursor,Required controls verified,Energy Isolation,Normal,Not required
SIF-0962,Unsafe Condition,Site F,Electrical Maintenance,A barrier failure was identified during Electrical Maintenance. The missing or ineffective Energy Isolation control left workers exposed to a high-consequence hazard.,English,YES,Energy exposure,Personnel exposed to high-energy hazard,Energy Isolation,High,Required
SIF-0963,Unsafe Act,Site F,Lifting Operation,A routine inspection of Lifting Operation found controls in place and personnel outside the hazard zone. The report does not indicate SIF potential.,English,NO,No credible SIF precursor,Permit and barriers confirmed,Line of Fire,Low,Not required
SIF-0964,Near-Miss,Site B,Grinding,The report describes a near-miss in Grinding involving inadequate Hot Work controls and uncontrolled exposure. HSE attention was recommended.,English,YES,Incomplete permit/control,Barrier failure identified,Hot Work,High,Required
SIF-0965,Unsafe Act,Site B,Vehicle Movement,A routine inspection of Vehicle Movement found controls in place and personnel outside the hazard zone. The report does not indicate SIF potential.,English,NO,No credible SIF precursor,Required controls verified,Line of Fire,Low,Not required
SIF-0966,Unsafe Act,Site D,Pipeline Repair,The report describes a near-miss in Pipeline Repair involving inadequate Energy Isolation controls and uncontrolled exposure. HSE attention was recommended.,English,YES,Barrier failure,Permit/control verification incomplete,Energy Isolation,High,Required
SIF-0967,Near-Miss,Site D,Lifting Operation,A planned Lifting Operation task was completed with appropriate supervision and documented Line of Fire controls. No credible SIF potential was found.,English,NO,No credible SIF precursor,Personnel maintained safe position,Line of Fire,Low,Not required
SIF-0968,Unsafe Condition,Site E,Pipeline Repair,The team was preparing for Pipeline Repair while the Energy Isolation control was bypassed or incomplete. The unsafe condition could have resulted in severe harm.,English,YES,Unsafe positioning,Near-miss with serious consequence potential,Energy Isolation,High,Required
SIF-0969,Unsafe Act,Site F,Electrical Maintenance,Routine Electrical Maintenance was completed with the required Energy Isolation controls verified and documented. No credible SIF precursor was identified.,English,NO,No credible SIF precursor,Personnel maintained safe position,Energy Isolation,Low,Not required
SIF-0970,Near-Miss,Site A,Crane Operation,The report describes a near-miss in Crane Operation involving inadequate Line of Fire controls and uncontrolled exposure. HSE attention was recommended.,English,YES,Incomplete permit/control,Required control was missing or not verified,Line of Fire,High,Required
SIF-0971,Near-Miss,Site A,Vehicle Movement,The report records a normal safety observation during Vehicle Movement. Required controls were effective and no high-consequence exposure was identified.,English,NO,No credible SIF precursor,Approved procedure followed,Line of Fire,Normal,Not required
SIF-0972,Near-Miss,Site B,Tank Entry,"During inspection of Tank Entry, personnel were found within a hazardous exposure zone without adequate Confined Space protection. Immediate correction was required.",English,YES,Unsafe positioning,Permit/control verification incomplete,Confined Space,Critical,Required
SIF-0973,Unsafe Condition,Site C,Pipeline Repair,"During Pipeline Repair, the team followed the approved procedure and confirmed Energy Isolation controls before starting work. No serious-injury precursor was observed.",English,NO,No credible SIF precursor,Personnel maintained safe position,Energy Isolation,Low,Not required
SIF-0974,Unsafe Act,Site E,Compressor Maintenance,The team was preparing for Compressor Maintenance while the Energy Isolation control was bypassed or incomplete. The unsafe condition could have resulted in severe harm.,English,YES,Incomplete permit/control,Permit/control verification incomplete,Energy Isolation,Critical,Required
SIF-0975,Unsafe Condition,Site C,Lifting Operation,The report records a normal safety observation during Lifting Operation. Required controls were effective and no high-consequence exposure was identified.,English,NO,No credible SIF precursor,Personnel maintained safe position,Line of Fire,Low,Not required
SIF-0976,Near-Miss,Site A,Welding Near Hydrocarbon Equipment,An unsafe act occurred during Welding Near Hydrocarbon Equipment; the crew proceeded before confirming Hot Work controls. The event had serious-injury potential despite no major consequence.,English,YES,Control failure,Permit/control verification incomplete,Hot Work,Critical,Required
SIF-0977,Incident,Site A,Welding Near Hydrocarbon Equipment,The report records a normal safety observation during Welding Near Hydrocarbon Equipment. Required controls were effective and no high-consequence exposure was identified.,English,NO,No credible SIF precursor,Required controls verified,Hot Work,Low,Not required
SIF-0978,Unsafe Act,Site A,Electrical Maintenance,A barrier failure was identified during Electrical Maintenance. The missing or ineffective Energy Isolation control left workers exposed to a high-consequence hazard.,English,YES,Uncontrolled hazard,Unsafe positioning or uncontrolled exposure,Energy Isolation,High,Required
SIF-0979,Incident,Site E,Crane Operation,"During Crane Operation, the supervisor verified the relevant Line of Fire control and the work proceeded within the approved safe limits. No SIF precursor was identified.",English,NO,No credible SIF precursor,Personnel maintained safe position,Line of Fire,Normal,Not required
SIF-0980,Unsafe Act,Site B,Lifting Operation,The report describes a near-miss in Lifting Operation involving inadequate Line of Fire controls and uncontrolled exposure. HSE attention was recommended.,English,YES,Control failure,Permit/control verification incomplete,Line of Fire,High,Required
SIF-0981,Incident,Site A,Grinding,A routine inspection of Grinding found controls in place and personnel outside the hazard zone. The report does not indicate SIF potential.,English,NO,No credible SIF precursor,Routine observation with effective controls,Hot Work,Normal,Not required
SIF-0982,Unsafe Condition,Site B,Grinding,A near-miss was observed during Grinding when Hot Work precautions were incomplete. The report indicates a clear SIF precursor requiring HSE review.,English,YES,Energy exposure,Permit/control verification incomplete,Hot Work,Critical,Required
SIF-0983,Near-Miss,Site B,Electrical Maintenance,A planned Electrical Maintenance task was completed with appropriate supervision and documented Energy Isolation controls. No credible SIF potential was found.,English,NO,No credible SIF precursor,Personnel maintained safe position,Energy Isolation,Normal,Not required
SIF-0984,Unsafe Act,Site A,Grinding,The report describes a near-miss in Grinding involving inadequate Hot Work controls and uncontrolled exposure. HSE attention was recommended.,English,YES,Unsafe positioning,Required control was missing or not verified,Hot Work,Critical,Required
SIF-0985,Near-Miss,Site B,Grinding,A planned Grinding task was completed with appropriate supervision and documented Hot Work controls. No credible SIF potential was found.,English,NO,No credible SIF precursor,Personnel maintained safe position,Hot Work,Low,Not required
SIF-0986,Incident,Site A,Vessel Cleaning,"During Vessel Cleaning, the required Confined Space control was not verified. Personnel were exposed to a credible high-energy hazard, although no serious injury occurred.",English,YES,Energy exposure,Barrier failure identified,Confined Space,High,Required
SIF-0987,Incident,Site D,Vessel Cleaning,"During Vessel Cleaning, the supervisor verified the relevant Confined Space control and the work proceeded within the approved safe limits. No SIF precursor was identified.",English,NO,No credible SIF precursor,Permit and barriers confirmed,Confined Space,Low,Not required
SIF-0988,Unsafe Condition,Site B,Crane Operation,The report describes a near-miss in Crane Operation involving inadequate Line of Fire controls and uncontrolled exposure. HSE attention was recommended.,English,YES,Energy exposure,Unsafe positioning or uncontrolled exposure,Line of Fire,High,Required
SIF-0989,Incident,Site F,Tank Entry,A planned Tank Entry task was completed with appropriate supervision and documented Confined Space controls. No credible SIF potential was found.,English,NO,No credible SIF precursor,Permit and barriers confirmed,Confined Space,Normal,Not required
SIF-0990,Unsafe Condition,Site F,Vessel Cleaning,A near-miss was observed during Vessel Cleaning when Confined Space precautions were incomplete. The report indicates a clear SIF precursor requiring HSE review.,English,YES,Uncontrolled hazard,Near-miss with serious consequence potential,Confined Space,High,Required
SIF-0991,Unsafe Act,Site D,Crane Operation,"During Crane Operation, the supervisor verified the relevant Line of Fire control and the work proceeded within the approved safe limits. No SIF precursor was identified.",English,NO,No credible SIF precursor,No high-consequence exposure identified,Line of Fire,Normal,Not required
SIF-0992,Unsafe Act,Site E,Lifting Operation,The report describes a near-miss in Lifting Operation involving inadequate Line of Fire controls and uncontrolled exposure. HSE attention was recommended.,English,YES,Unsafe positioning,Personnel exposed to high-energy hazard,Line of Fire,Critical,Required
SIF-0993,Unsafe Act,Site E,Pipeline Repair,The report records a normal safety observation during Pipeline Repair. Required controls were effective and no high-consequence exposure was identified.,English,NO,No credible SIF precursor,No high-consequence exposure identified,Energy Isolation,Normal,Not required
SIF-0994,Unsafe Act,Site D,Lifting Operation,"During Lifting Operation, the required Line of Fire control was not verified. Personnel were exposed to a credible high-energy hazard, although no serious injury occurred.",English,YES,Incomplete permit/control,Personnel exposed to high-energy hazard,Line of Fire,High,Required
SIF-0995,Unsafe Condition,Site B,Compressor Maintenance,"The crew completed Compressor Maintenance after confirming permits, barriers, and Energy Isolation requirements. No significant safety precursor was reported.",English,NO,No credible SIF precursor,No high-consequence exposure identified,Energy Isolation,Normal,Not required
SIF-0996,Incident,Site E,Electrical Maintenance,The team was preparing for Electrical Maintenance while the Energy Isolation control was bypassed or incomplete. The unsafe condition could have resulted in severe harm.,English,YES,Energy exposure,Personnel exposed to high-energy hazard,Energy Isolation,Critical,Required
SIF-0997,Near-Miss,Site F,Crane Operation,"The crew completed Crane Operation after confirming permits, barriers, and Line of Fire requirements. No significant safety precursor was reported.",English,NO,No credible SIF precursor,Routine observation with effective controls,Line of Fire,Normal,Not required
SIF-0998,Unsafe Act,Site E,Pipeline Repair,A barrier failure was identified during Pipeline Repair. The missing or ineffective Energy Isolation control left workers exposed to a high-consequence hazard.,English,YES,Control failure,Personnel exposed to high-energy hazard,Energy Isolation,Critical,Required
SIF-0999,Unsafe Act,Site E,Lifting Operation,Routine Lifting Operation was completed with the required Line of Fire controls verified and documented. No credible SIF precursor was identified.,English,NO,No credible SIF precursor,Routine observation with effective controls,Line of Fire,Normal,Not required
SIF-1000,Unsafe Act,Site C,Pipeline Repair,The team was preparing for Pipeline Repair while the Energy Isolation control was bypassed or incomplete. The unsafe condition could have resulted in severe harm.,English,YES,Uncontrolled hazard,Unsafe positioning or uncontrolled exposure,Energy Isolation,Critical,Required
