report_id,report_type,site,activity,report_text,language,sif_potential,precursor,evidence,life_saving_rule,priority,human_review
V3-1069,Unsafe Condition,Tank Farm,crane operation,"during routine field activity, at the Tank Farm, a field operator was involved in crane operation near the equipment bay. The worker or crew started the operation while another crew was still working inside the affected area. This created a situation involving unexpected pressure in the process line. The team withdrew from the area and reassessed the work conditions.",English,YES,Uncontrolled hazard,Unexpected hazard identified,Energy Isolation,High,Yes
V3-0462,Near Miss,Pipeline Station 3,vessel cleaning,"during a planned maintenance window, at the Pipeline Station 3, A warning sign had shifted from its original position and was restored before work started. The observation was associated with vessel cleaning near the maintenance area. The observation involved housekeeping rather than an active energy source. The team corrected the issue before normal work continued.",English,NO,No credible precursor identified,Precaution confirmed,Confined Space,Low,No
V3-0237,Safety Observation,Tank Farm,pipeline repair,"during the afternoon shift, at the Tank Farm, A routine inspection identified a small housekeeping deviation with no personnel exposure. The observation was associated with pipeline repair near the process line. The task had not started when the issue was identified. The team corrected the issue before normal work continued.",English,NO,No credible precursor identified,Procedure followed,Line of Fire,Low,No
V3-0728,Unsafe Act,Refinery Area A,vessel cleaning,"shortly after the crew arrived, at the Refinery Area A, A worker reported a minor equipment defect that did not affect the active task and the item was tagged for follow-up. The observation was associated with vessel cleaning near the production unit. The task had not started when the issue was identified. The team corrected the issue before normal work continued.",English,NO,No credible precursor identified,Work area controlled,Line of Fire,Low,No
V3-0376,Safety Observation,Refinery Area A,compressor maintenance,"shortly after the crew arrived, at the Refinery Area A, A worker noticed a loose hand tool on the work platform and secured it before the task began. The observation was associated with compressor maintenance near the storage area. The task had not started when the issue was identified. The team corrected the issue before normal work continued.",English,NO,No credible precursor identified,No personnel exposure,Confined Space,Low,No
V3-0719,Near Miss,Maintenance Workshop,compressor maintenance,"while preparing the work area, at the Maintenance Workshop, the maintenance group was involved in compressor maintenance near the pipeline corridor. Before the task progressed, the team checked the condition of the lifting equipment. The equipment was within the approved operating condition. The work proceeded without an uncontrolled change in conditions.",English,NO,No credible precursor identified,Procedure followed,Hot Work,Low,No
V3-0697,Unsafe Condition,Tank Farm,tank entry,"during routine field activity, at the Tank Farm, The team noticed a damaged label on equipment and replaced it before continuing. The observation was associated with tank entry near the pipeline corridor. The observation involved housekeeping rather than an active energy source. The team corrected the issue before normal work continued.",English,NO,No credible precursor identified,Control verified,Line of Fire,Routine,No
V3-1442,Unsafe Condition,Tank Farm,welding,"during the afternoon shift, at the Tank Farm, the electrical crew was involved in welding near the valve station. The worker or crew moved into the work area while an important safeguard was still being checked. This created a situation involving temporary loss of a protective barrier. The activity was paused and the affected equipment was secured.",English,YES,Uncontrolled hazard,Personnel exposed to hazard,Confined Space,High,Yes
V3-1308,Unsafe Condition,Gas Processing Unit,grinding,"during the afternoon shift, at the Gas Processing Unit, the maintenance group was involved in grinding near the process line. The worker or crew moved into the work area while an important safeguard was still being checked. This created a situation involving unexpected pressure in the process line. Work was suspended until the missing control was restored.",English,YES,Unsafe positioning,Personnel exposed to hazard,Confined Space,High,Yes
V3-0089,Unsafe Act,Gas Processing Unit,grinding,"during the afternoon shift, at the Gas Processing Unit, a welding crew was involved in grinding near the compressor bay. Before the task progressed, the team reviewed the work instructions before starting. The approved sequence was followed. The planned barriers remained effective during the observation.",English,NO,No credible precursor identified,Control verified,Energy Isolation,Low,No
V3-0971,Near Miss,Pipeline Station 3,pipeline repair,"during the afternoon shift, at the Pipeline Station 3, a welding crew was involved in pipeline repair near the utility yard. The worker or crew moved into the work area while an important safeguard was still being checked. This created a situation involving loss of separation from operating machinery. The area was isolated while the condition was investigated.",English,YES,Barrier failure,Barrier ineffective,Hot Work,Critical,Yes
V3-1316,Unsafe Condition,Utility Section,tank entry,"during routine field activity, at the Utility Section, the lifting team was involved in tank entry near the tank farm. The worker or crew started the operation while another crew was still working inside the affected area. This created a situation involving unexpected movement of equipment. The supervisor stopped the activity and moved the crew to a safe location.",English,YES,Energy exposure,Personnel exposed to hazard,Confined Space,High,Yes
V3-1500,Near Miss,Maintenance Workshop,crane operation,"shortly after the crew arrived, at the Maintenance Workshop, a contractor was involved in crane operation near the equipment bay. The worker or crew approached the operating equipment without maintaining the expected separation. This created a situation involving possible release of stored energy. The area was isolated while the condition was investigated.",English,YES,Barrier failure,Unexpected hazard identified,Confined Space,Critical,Yes
V3-0469,Near Miss,Utility Section,crane operation,"during a planned maintenance window, at the Utility Section, a vehicle operator was involved in crane operation near the equipment bay. Before the task progressed, the team checked the condition of the equipment before use. The access controls remained in place. No significant control breakdown was identified.",English,NO,No credible precursor identified,Procedure followed,Line of Fire,Low,No
V3-0993,Unsafe Act,Production Area B,vessel cleaning,"while preparing the work area, at the Production Area B, the lifting team was involved in vessel cleaning near the tank farm. The worker or crew started the operation while another crew was still working inside the affected area. This created a situation involving possible release of stored energy. The area was isolated while the condition was investigated.",English,YES,Uncontrolled hazard,Personnel exposed to hazard,Line of Fire,Critical,Yes
V3-1365,Unsafe Condition,Gas Processing Unit,lifting operation,"during the afternoon shift, at the Gas Processing Unit, a welding crew was involved in lifting operation near the compressor bay. The worker or crew positioned personnel closer to the active equipment than permitted. This created a situation involving unexpected movement of equipment. The crew stopped work and the control measures were reviewed.",English,YES,Energy exposure,Personnel exposed to hazard,Line of Fire,High,Yes
V3-0902,Unsafe Condition,Tank Farm,vehicle movement,"during the morning shift, at the Tank Farm, a welding crew was involved in vehicle movement near the compressor bay. The worker or crew continued preparation while a critical control remained incomplete. This created a situation involving temporary loss of a protective barrier. The supervisor intervened before the task could continue.",English,YES,Unsafe positioning,Unsafe position observed,Hot Work,Critical,Yes
V3-1087,Unsafe Act,Gas Processing Unit,crane operation,"at the start of the work period, at the Gas Processing Unit, the lifting team was involved in crane operation near the production unit. The worker or crew began work before the isolation status was fully verified. This created a situation involving uncontrolled movement of a suspended load. The supervisor intervened before the task could continue.",English,YES,Energy exposure,Barrier ineffective,Line of Fire,High,Yes
V3-1260,Unsafe Condition,Drilling Site,vehicle movement,"while preparing the work area, at the Drilling Site, the lifting team was involved in vehicle movement near the pipeline corridor. The worker or crew began work before the isolation status was fully verified. This created a situation involving temporary loss of a protective barrier. The supervisor intervened before the task could continue.",English,YES,Energy exposure,Unexpected hazard identified,Confined Space,Critical,Yes
V3-1247,Near Miss,Compressor Station 2,vehicle movement,"during a planned maintenance window, at the Compressor Station 2, the lifting team was involved in vehicle movement near the compressor bay. The worker or crew started the task before the required control had been confirmed. This created a situation involving temporary loss of a protective barrier. The crew stopped work and the control measures were reviewed.",English,YES,Control failure,Control not verified,Confined Space,High,Yes
V3-0693,Near Miss,Tank Farm,lifting operation,"during routine field activity, at the Tank Farm, the inspection team was involved in lifting operation near the valve station. Before the task progressed, the team confirmed the work boundary with the supervisor. The team stayed within the designated work area. The activity continued under the planned controls.",English,NO,No credible precursor identified,Control verified,Line of Fire,Low,No
V3-0579,Unsafe Condition,Compressor Station 2,electrical maintenance,"at the start of the work period, at the Compressor Station 2, A routine inspection identified a small housekeeping deviation with no personnel exposure. The observation was associated with electrical maintenance near the maintenance area. The condition was corrected before it could affect the work. The team corrected the issue before normal work continued.",English,NO,No credible precursor identified,No personnel exposure,Confined Space,Low,No
V3-0848,Unsafe Act,Refinery Area A,crane operation,"while preparing the work area, at the Refinery Area A, a welding crew was involved in crane operation near the workshop. The worker or crew continued the activity after a required barrier was found to be ineffective. This created a situation involving an unplanned change in the work environment. The supervisor intervened before the task could continue.",English,YES,Uncontrolled hazard,Unsafe position observed,Line of Fire,High,Yes
V3-0136,Near Miss,Production Area B,grinding,"during the morning shift, at the Production Area B, A temporary access obstruction was identified and removed before personnel entered the area. The observation was associated with grinding near the compressor bay. The issue had no impact on the work boundary. The team corrected the issue before normal work continued.",English,NO,No credible precursor identified,No personnel exposure,Hot Work,Routine,No
V3-0563,Unsafe Condition,Utility Section,tank entry,"while preparing the work area, at the Utility Section, A small housekeeping issue was observed beside the work area and was corrected immediately. The observation was associated with tank entry near the pipeline corridor. The condition was corrected before it could affect the work. The team corrected the issue before normal work continued.",English,NO,No credible precursor identified,No personnel exposure,Hot Work,Routine,No
V3-0151,Unsafe Condition,Gas Processing Unit,lifting operation,"during the morning shift, at the Gas Processing Unit, a vehicle operator was involved in lifting operation near the production unit. Before the task progressed, the team confirmed that the access route was clear. The planned precautions were maintained. No hazardous deviation was observed.",English,NO,No credible precursor identified,No personnel exposure,Confined Space,Routine,No
V3-0571,Safety Observation,Gas Processing Unit,compressor maintenance,"during the afternoon shift, at the Gas Processing Unit, the inspection team was involved in compressor maintenance near the loading point. Before the task progressed, the team inspected the surrounding area before beginning. The access controls remained in place. The activity continued under the planned controls.",English,NO,No credible precursor identified,Work area controlled,Line of Fire,Routine,No
V3-1171,Unsafe Act,Maintenance Workshop,vessel cleaning,"shortly after the crew arrived, at the Maintenance Workshop, the site team was involved in vessel cleaning near the valve station. The worker or crew proceeded with the task after an unexpected change in conditions. This created a situation involving temporary loss of a protective barrier. The area was isolated while the condition was investigated.",English,YES,Control failure,Personnel exposed to hazard,Energy Isolation,Critical,Yes
V3-0773,Unsafe Act,Loading Terminal,grinding,"before the evening shutdown, at the Loading Terminal, a maintenance technician was involved in grinding near the valve station. The worker or crew proceeded with the task after an unexpected change in conditions. This created a situation involving uncontrolled movement of a suspended load. Work was suspended until the missing control was restored.",English,YES,Uncontrolled hazard,Unsafe position observed,Line of Fire,High,Yes
V3-1451,Unsafe Act,Maintenance Workshop,pipeline repair,"during a planned maintenance window, at the Maintenance Workshop, a vehicle operator was involved in pipeline repair near the pipeline corridor. The worker or crew moved into the work area while an important safeguard was still being checked. This created a situation involving an unplanned change in the work environment. The supervisor stopped the activity and moved the crew to a safe location.",English,YES,Uncontrolled hazard,Personnel exposed to hazard,Hot Work,Critical,Yes
V3-0378,Safety Observation,Loading Terminal,welding,"during the morning shift, at the Loading Terminal, a field operator was involved in welding near the equipment bay. Before the task progressed, the team reviewed the isolation status before starting. The required separation was maintained. The observation did not identify a credible high-consequence exposure.",English,NO,No credible precursor identified,Work area controlled,Energy Isolation,Low,No
V3-0520,Near Miss,Maintenance Workshop,pipeline repair,"at the start of the work period, at the Maintenance Workshop, the electrical crew was involved in pipeline repair near the elevated work platform. Before the task progressed, the team confirmed the work boundary with the supervisor. The equipment was within the approved operating condition. The crew completed the activity without a serious exposure.",English,NO,No credible precursor identified,No personnel exposure,Energy Isolation,Low,No
V3-0715,Unsafe Act,Drilling Site,electrical maintenance,"during a planned maintenance window, at the Drilling Site, a contractor was involved in electrical maintenance near the loading point. Before the task progressed, the team verified the required authorization. The work authorization was valid. The crew completed the activity without a serious exposure.",English,NO,No credible precursor identified,Control verified,Energy Isolation,Low,No
V3-0041,Unsafe Act,Drilling Site,lifting operation,"shortly after the crew arrived, at the Drilling Site, the lifting team was involved in lifting operation near the pump area. Before the task progressed, the team confirmed that the access route was clear. The work area remained controlled. No significant control breakdown was identified.",English,NO,No credible precursor identified,No personnel exposure,Confined Space,Low,No
V3-0940,Near Miss,Tank Farm,pipeline repair,"during the afternoon shift, at the Tank Farm, the electrical crew was involved in pipeline repair near the maintenance area. The worker or crew began work before the isolation status was fully verified. This created a situation involving unexpected pressure in the process line. The supervisor stopped the activity and moved the crew to a safe location.",English,YES,Uncontrolled hazard,Unsafe position observed,Hot Work,Critical,Yes
V3-0484,Safety Observation,Drilling Site,crane operation,"during a planned maintenance window, at the Drilling Site, the inspection team was involved in crane operation near the valve station. Before the task progressed, the team confirmed the work boundary with the supervisor. The access controls remained in place. No hazardous deviation was observed.",English,NO,No credible precursor identified,Work area controlled,Confined Space,Low,No
V3-1298,Unsafe Act,Utility Section,lifting operation,"at the start of the work period, at the Utility Section, the maintenance group was involved in lifting operation near the pipeline corridor. The worker or crew entered the restricted area before the required authorization was confirmed. This created a situation involving temporary loss of a protective barrier. The crew stopped work and the control measures were reviewed.",English,YES,Barrier failure,Barrier ineffective,Hot Work,High,Yes
V3-0072,Unsafe Condition,Production Area B,welding,"while preparing the work area, at the Production Area B, the electrical crew was involved in welding near the production unit. Before the task progressed, the team confirmed the work boundary with the supervisor. The planned precautions were maintained. The work proceeded without an uncontrolled change in conditions.",English,NO,No credible precursor identified,No personnel exposure,Line of Fire,Low,No
V3-1388,Unsafe Condition,Tank Farm,lifting operation,"during the morning shift, at the Tank Farm, a field operator was involved in lifting operation near the tank farm. The worker or crew proceeded with the task after an unexpected change in conditions. This created a situation involving unexpected movement of equipment. The team withdrew from the area and reassessed the work conditions.",English,YES,Barrier failure,Control not verified,Hot Work,Critical,Yes
V3-1356,Unsafe Act,Compressor Station 2,pipeline repair,"during the afternoon shift, at the Compressor Station 2, the site team was involved in pipeline repair near the maintenance area. The worker or crew proceeded with the task after an unexpected change in conditions. This created a situation involving possible release of stored energy. The supervisor stopped the activity and moved the crew to a safe location.",English,YES,Barrier failure,Barrier ineffective,Line of Fire,Critical,Yes
V3-1448,Unsafe Act,Pipeline Station 3,vessel cleaning,"during the afternoon shift, at the Pipeline Station 3, a welding crew was involved in vessel cleaning near the tank farm. The worker or crew proceeded with the task after an unexpected change in conditions. This created a situation involving an active energy source that had not been fully controlled. The supervisor stopped the activity and moved the crew to a safe location.",English,YES,Control failure,Unexpected hazard identified,Hot Work,High,Yes
V3-0100,Safety Observation,Refinery Area A,lifting operation,"at the start of the work period, at the Refinery Area A, a contractor was involved in lifting operation near the production unit. Before the task progressed, the team confirmed that the access route was clear. The planned precautions were maintained. The surrounding conditions remained stable throughout the task.",English,NO,No credible precursor identified,Control verified,Confined Space,Low,No
V3-0357,Unsafe Condition,Maintenance Workshop,grinding,"before the evening shutdown, at the Maintenance Workshop, a contractor was involved in grinding near the loading point. Before the task progressed, the team confirmed communication with the control room. The team stayed within the designated work area. The planned barriers remained effective during the observation.",English,NO,No credible precursor identified,Control verified,Confined Space,Low,No
V3-0467,Near Miss,Utility Section,electrical maintenance,"shortly after the crew arrived, at the Utility Section, The team noticed a damaged label on equipment and replaced it before continuing. The observation was associated with electrical maintenance near the pump area. The crew maintained the required separation throughout. The team corrected the issue before normal work continued.",English,NO,No credible precursor identified,No personnel exposure,Line of Fire,Routine,No
V3-0941,Near Miss,Loading Terminal,welding,"during the morning shift, at the Loading Terminal, the site team was involved in welding near the storage area. The worker or crew positioned personnel closer to the active equipment than permitted. This created a situation involving uncontrolled movement of a suspended load. The crew stopped work and the control measures were reviewed.",English,YES,Control failure,Control not verified,Hot Work,High,Yes
V3-0596,Safety Observation,Refinery Area A,crane operation,"shortly after the crew arrived, at the Refinery Area A, the lifting team was involved in crane operation near the pump area. Before the task progressed, the team confirmed the work boundary with the supervisor. The approved sequence was followed. The planned barriers remained effective during the observation.",English,NO,No credible precursor identified,Procedure followed,Energy Isolation,Low,No
V3-1107,Unsafe Act,Maintenance Workshop,welding,"while preparing the work area, at the Maintenance Workshop, a field operator was involved in welding near the production unit. The worker or crew continued preparation while a critical control remained incomplete. This created a situation involving movement of a vehicle through the work area. The crew stopped work and the control measures were reviewed.",English,YES,Control failure,Unsafe position observed,Hot Work,Critical,Yes
V3-0308,Safety Observation,Production Area B,crane operation,"at the start of the work period, at the Production Area B, a welding crew was involved in crane operation near the workshop. Before the task progressed, the team inspected the surrounding area before beginning. The supervisor remained available. The surrounding conditions remained stable throughout the task.",English,NO,No credible precursor identified,Work area controlled,Hot Work,Routine,No
V3-1225,Unsafe Act,Gas Processing Unit,vehicle movement,"at the start of the work period, at the Gas Processing Unit, a contractor was involved in vehicle movement near the workshop. The worker or crew began work before the isolation status was fully verified. This created a situation involving unexpected movement of equipment. The supervisor intervened before the task could continue.",English,YES,Barrier failure,Unexpected hazard identified,Confined Space,High,Yes
V3-1284,Unsafe Act,Pipeline Station 3,lifting operation,"during routine field activity, at the Pipeline Station 3, a contractor was involved in lifting operation near the pipeline corridor. The worker or crew proceeded with the task after an unexpected change in conditions. This created a situation involving unexpected movement of equipment. The area was isolated while the condition was investigated.",English,YES,Barrier failure,Unexpected hazard identified,Hot Work,Critical,Yes
V3-0306,Unsafe Condition,Maintenance Workshop,lifting operation,"during the morning shift, at the Maintenance Workshop, the maintenance group was involved in lifting operation near the pump area. Before the task progressed, the team inspected the surrounding area before beginning. The access controls remained in place. No significant control breakdown was identified.",English,NO,No credible precursor identified,Procedure followed,Line of Fire,Routine,No
V3-0027,Unsafe Act,Production Area B,crane operation,"before the evening shutdown, at the Production Area B, a contractor was involved in crane operation near the pump area. Before the task progressed, the team confirmed that the access route was clear. The supervisor remained available. The surrounding conditions remained stable throughout the task.",English,NO,No credible precursor identified,Procedure followed,Line of Fire,Routine,No
V3-0898,Unsafe Act,Production Area B,welding,"while preparing the work area, at the Production Area B, the inspection team was involved in welding near the tank farm. The worker or crew entered the restricted area before the required authorization was confirmed. This created a situation involving uncontrolled movement of a suspended load. The supervisor stopped the activity and moved the crew to a safe location.",English,YES,Barrier failure,Control not verified,Line of Fire,Critical,Yes
V3-0521,Safety Observation,Maintenance Workshop,electrical maintenance,"before the evening shutdown, at the Maintenance Workshop, the electrical crew was involved in electrical maintenance near the maintenance area. Before the task progressed, the team completed the pre-job safety discussion. The equipment was within the approved operating condition. The surrounding conditions remained stable throughout the task.",English,NO,No credible precursor identified,Work area controlled,Confined Space,Routine,No
V3-1309,Unsafe Act,Utility Section,grinding,"during a planned maintenance window, at the Utility Section, a contractor was involved in grinding near the compressor bay. The worker or crew began work before the isolation status was fully verified. This created a situation involving uncontrolled movement of a suspended load. The supervisor intervened before the task could continue.",English,YES,Uncontrolled hazard,Barrier ineffective,Hot Work,Critical,Yes
V3-0796,Near Miss,Compressor Station 2,tank entry,"during a planned maintenance window, at the Compressor Station 2, a welding crew was involved in tank entry near the pump area. The worker or crew began work before the isolation status was fully verified. This created a situation involving loss of separation from operating machinery. The area was isolated while the condition was investigated.",English,YES,Control failure,Control not verified,Energy Isolation,Critical,Yes
V3-0851,Unsafe Condition,Loading Terminal,pipeline repair,"while preparing the work area, at the Loading Terminal, the lifting team was involved in pipeline repair near the production unit. The worker or crew began work before the isolation status was fully verified. This created a situation involving movement of a vehicle through the work area. The area was isolated while the condition was investigated.",English,YES,Control failure,Control not verified,Confined Space,High,Yes
V3-0060,Unsafe Act,Drilling Site,tank entry,"during routine field activity, at the Drilling Site, the maintenance group was involved in tank entry near the tank farm. Before the task progressed, the team completed the pre-job safety discussion. The required safeguards were available. The crew completed the activity without a serious exposure.",English,NO,No credible precursor identified,Control verified,Confined Space,Low,No
V3-0147,Unsafe Act,Tank Farm,vessel cleaning,"while preparing the work area, at the Tank Farm, A routine inspection identified a small housekeeping deviation with no personnel exposure. The observation was associated with vessel cleaning near the process line. No person was exposed to the condition. The team corrected the issue before normal work continued.",English,NO,No credible precursor identified,Work area controlled,Hot Work,Routine,No
V3-1404,Unsafe Act,Gas Processing Unit,welding,"before the evening shutdown, at the Gas Processing Unit, a welding crew was involved in welding near the compressor bay. The worker or crew approached the operating equipment without maintaining the expected separation. This created a situation involving an active energy source that had not been fully controlled. Work was suspended until the missing control was restored.",English,YES,Control failure,Personnel exposed to hazard,Hot Work,Critical,Yes
V3-0497,Safety Observation,Compressor Station 2,vehicle movement,"during a planned maintenance window, at the Compressor Station 2, the lifting team was involved in vehicle movement near the utility yard. Before the task progressed, the team confirmed the work boundary with the supervisor. The planned precautions were maintained. The observation did not identify a credible high-consequence exposure.",English,NO,No credible precursor identified,Procedure followed,Energy Isolation,Low,No
V3-0314,Safety Observation,Utility Section,tank entry,"during the morning shift, at the Utility Section, a maintenance technician was involved in tank entry near the compressor bay. Before the task progressed, the team checked the condition of the lifting equipment. The planned precautions were maintained. No hazardous deviation was observed.",English,NO,No credible precursor identified,Procedure followed,Energy Isolation,Low,No
V3-1115,Unsafe Act,Gas Processing Unit,lifting operation,"while preparing the work area, at the Gas Processing Unit, a field operator was involved in lifting operation near the pipeline corridor. The worker or crew positioned personnel closer to the active equipment than permitted. This created a situation involving unexpected movement of equipment. The operation was halted until the required protection was established.",English,YES,Energy exposure,Barrier ineffective,Hot Work,Critical,Yes
V3-1029,Near Miss,Compressor Station 2,crane operation,"during routine field activity, at the Compressor Station 2, the electrical crew was involved in crane operation near the equipment bay. The worker or crew moved into the work area while an important safeguard was still being checked. This created a situation involving possible release of stored energy. The supervisor stopped the activity and moved the crew to a safe location.",English,YES,Uncontrolled hazard,Control not verified,Line of Fire,High,Yes
V3-0897,Unsafe Act,Tank Farm,crane operation,"during routine field activity, at the Tank Farm, the maintenance group was involved in crane operation near the tank farm. The worker or crew continued preparation while a critical control remained incomplete. This created a situation involving loss of separation from operating machinery. The operation was halted until the required protection was established.",English,YES,Energy exposure,Barrier ineffective,Line of Fire,High,Yes
V3-1420,Near Miss,Drilling Site,compressor maintenance,"during the afternoon shift, at the Drilling Site, a vehicle operator was involved in compressor maintenance near the process line. The worker or crew continued preparation while a critical control remained incomplete. This created a situation involving exposure to an energized component. The activity was paused and the affected equipment was secured.",English,YES,Uncontrolled hazard,Unexpected hazard identified,Line of Fire,High,Yes
V3-1346,Unsafe Act,Gas Processing Unit,electrical maintenance,"before the evening shutdown, at the Gas Processing Unit, the maintenance group was involved in electrical maintenance near the equipment bay. The worker or crew began work before the isolation status was fully verified. This created a situation involving unexpected pressure in the process line. The supervisor stopped the activity and moved the crew to a safe location.",English,YES,Energy exposure,Unsafe position observed,Energy Isolation,High,Yes
V3-0430,Unsafe Condition,Pipeline Station 3,vessel cleaning,"at the start of the work period, at the Pipeline Station 3, A warning sign had shifted from its original position and was restored before work started. The observation was associated with vessel cleaning near the pipeline corridor. The affected item was outside the active work path. The team corrected the issue before normal work continued.",English,NO,No credible precursor identified,No personnel exposure,Line of Fire,Low,No
V3-0172,Safety Observation,Drilling Site,vessel cleaning,"at the start of the work period, at the Drilling Site, A worker reported a minor equipment defect that did not affect the active task and the item was tagged for follow-up. The observation was associated with vessel cleaning near the valve station. The issue had no impact on the work boundary. The team corrected the issue before normal work continued.",English,NO,No credible precursor identified,Procedure followed,Hot Work,Low,No
V3-1273,Unsafe Act,Loading Terminal,vehicle movement,"at the start of the work period, at the Loading Terminal, a vehicle operator was involved in vehicle movement near the utility yard. The worker or crew proceeded with the task after an unexpected change in conditions. This created a situation involving loss of separation from operating machinery. The supervisor stopped the activity and moved the crew to a safe location.",English,YES,Unsafe positioning,Personnel exposed to hazard,Hot Work,High,Yes
V3-0850,Unsafe Condition,Tank Farm,lifting operation,"before the evening shutdown, at the Tank Farm, the electrical crew was involved in lifting operation near the compressor bay. The worker or crew entered the restricted area before the required authorization was confirmed. This created a situation involving an unplanned change in the work environment. The activity was paused and the affected equipment was secured.",English,YES,Energy exposure,Unexpected hazard identified,Hot Work,Critical,Yes
V3-0620,Unsafe Condition,Refinery Area A,welding,"at the start of the work period, at the Refinery Area A, a welding crew was involved in welding near the pipeline corridor. Before the task progressed, the team confirmed communication with the control room. The team stayed within the designated work area. The activity continued under the planned controls.",English,NO,No credible precursor identified,Procedure followed,Hot Work,Routine,No
V3-0450,Unsafe Act,Pipeline Station 3,vessel cleaning,"during the morning shift, at the Pipeline Station 3, the inspection team was involved in vessel cleaning near the storage area. Before the task progressed, the team reviewed the work instructions before starting. The team stayed within the designated work area. The observation did not identify a credible high-consequence exposure.",English,NO,No credible precursor identified,Precaution confirmed,Line of Fire,Low,No
V3-0608,Safety Observation,Gas Processing Unit,vehicle movement,"before the evening shutdown, at the Gas Processing Unit, a vehicle operator was involved in vehicle movement near the workshop. Before the task progressed, the team checked the condition of the lifting equipment. The supervisor remained available. No hazardous deviation was observed.",English,NO,No credible precursor identified,Control verified,Line of Fire,Routine,No
V3-1089,Unsafe Condition,Gas Processing Unit,vehicle movement,"before the evening shutdown, at the Gas Processing Unit, the site team was involved in vehicle movement near the storage area. The worker or crew positioned personnel closer to the active equipment than permitted. This created a situation involving possible release of stored energy. The area was isolated while the condition was investigated.",English,YES,Unsafe positioning,Unsafe position observed,Confined Space,Critical,Yes
V3-1366,Near Miss,Drilling Site,electrical maintenance,"before the evening shutdown, at the Drilling Site, a vehicle operator was involved in electrical maintenance near the workshop. The worker or crew started the task before the required control had been confirmed. This created a situation involving temporary loss of a protective barrier. The area was isolated while the condition was investigated.",English,YES,Energy exposure,Unsafe position observed,Energy Isolation,High,Yes
V3-0559,Unsafe Condition,Gas Processing Unit,grinding,"during the morning shift, at the Gas Processing Unit, A warning sign had shifted from its original position and was restored before work started. The observation was associated with grinding near the elevated work platform. The crew maintained the required separation throughout. The team corrected the issue before normal work continued.",English,NO,No credible precursor identified,Procedure followed,Line of Fire,Low,No
V3-1469,Unsafe Act,Loading Terminal,welding,"during the morning shift, at the Loading Terminal, a vehicle operator was involved in welding near the maintenance area. The worker or crew positioned personnel closer to the active equipment than permitted. This created a situation involving uncontrolled movement of a suspended load. The operation was halted until the required protection was established.",English,YES,Uncontrolled hazard,Unsafe position observed,Energy Isolation,Critical,Yes
V3-0915,Unsafe Act,Gas Processing Unit,lifting operation,"before the evening shutdown, at the Gas Processing Unit, a field operator was involved in lifting operation near the compressor bay. The worker or crew entered the restricted area before the required authorization was confirmed. This created a situation involving exposure to an energized component. The supervisor intervened before the task could continue.",English,YES,Control failure,Barrier ineffective,Confined Space,Critical,Yes
V3-1393,Near Miss,Tank Farm,lifting operation,"at the start of the work period, at the Tank Farm, the inspection team was involved in lifting operation near the equipment bay. The worker or crew proceeded with the task after an unexpected change in conditions. This created a situation involving exposure to an energized component. The supervisor intervened before the task could continue.",English,YES,Unsafe positioning,Personnel exposed to hazard,Confined Space,High,Yes
V3-0567,Unsafe Condition,Pipeline Station 3,grinding,"during the morning shift, at the Pipeline Station 3, a contractor was involved in grinding near the equipment bay. Before the task progressed, the team inspected the surrounding area before beginning. The equipment was within the approved operating condition. No hazardous deviation was observed.",English,NO,No credible precursor identified,Procedure followed,Line of Fire,Routine,No
V3-0425,Near Miss,Maintenance Workshop,crane operation,"shortly after the crew arrived, at the Maintenance Workshop, a welding crew was involved in crane operation near the electrical room. Before the task progressed, the team reviewed the work instructions before starting. The equipment was within the approved operating condition. No significant control breakdown was identified.",English,NO,No credible precursor identified,Control verified,Energy Isolation,Low,No
V3-1499,Unsafe Act,Gas Processing Unit,electrical maintenance,"before the evening shutdown, at the Gas Processing Unit, a maintenance technician was involved in electrical maintenance near the workshop. The worker or crew started the operation while another crew was still working inside the affected area. This created a situation involving temporary loss of a protective barrier. The supervisor stopped the activity and moved the crew to a safe location.",English,YES,Uncontrolled hazard,Unexpected hazard identified,Energy Isolation,High,Yes
V3-0034,Near Miss,Pipeline Station 3,lifting operation,"at the start of the work period, at the Pipeline Station 3, a field operator was involved in lifting operation near the equipment bay. Before the task progressed, the team checked the condition of the lifting equipment. The equipment was within the approved operating condition. No hazardous deviation was observed.",English,NO,No credible precursor identified,Work area controlled,Hot Work,Routine,No
V3-0575,Near Miss,Utility Section,compressor maintenance,"while preparing the work area, at the Utility Section, the site team was involved in compressor maintenance near the pipeline corridor. Before the task progressed, the team confirmed communication with the control room. The team stayed within the designated work area. No significant control breakdown was identified.",English,NO,No credible precursor identified,Work area controlled,Energy Isolation,Routine,No
V3-0726,Safety Observation,Production Area B,crane operation,"while preparing the work area, at the Production Area B, A worker reported a minor equipment defect that did not affect the active task and the item was tagged for follow-up. The observation was associated with crane operation near the pipeline corridor. The task had not started when the issue was identified. The team corrected the issue before normal work continued.",English,NO,No credible precursor identified,Procedure followed,Energy Isolation,Routine,No
V3-0925,Unsafe Act,Pipeline Station 3,pipeline repair,"while preparing the work area, at the Pipeline Station 3, the lifting team was involved in pipeline repair near the production unit. The worker or crew approached the operating equipment without maintaining the expected separation. This created a situation involving unexpected movement of equipment. The team withdrew from the area and reassessed the work conditions.",English,YES,Uncontrolled hazard,Barrier ineffective,Energy Isolation,Critical,Yes
V3-0150,Near Miss,Drilling Site,electrical maintenance,"during routine field activity, at the Drilling Site, a welding crew was involved in electrical maintenance near the tank farm. Before the task progressed, the team reviewed the work instructions before starting. The approved sequence was followed. The crew completed the activity without a serious exposure.",English,NO,No credible precursor identified,No personnel exposure,Confined Space,Low,No
V3-1357,Unsafe Condition,Pipeline Station 3,crane operation,"during the morning shift, at the Pipeline Station 3, a vehicle operator was involved in crane operation near the pump area. The worker or crew continued preparation while a critical control remained incomplete. This created a situation involving movement of a vehicle through the work area. The supervisor intervened before the task could continue.",English,YES,Unsafe positioning,Personnel exposed to hazard,Confined Space,High,Yes
V3-0983,Near Miss,Utility Section,welding,"during the afternoon shift, at the Utility Section, a vehicle operator was involved in welding near the maintenance area. The worker or crew started the task before the required control had been confirmed. This created a situation involving unexpected pressure in the process line. The activity was paused and the affected equipment was secured.",English,YES,Energy exposure,Unsafe position observed,Hot Work,Critical,Yes
V3-1218,Unsafe Act,Drilling Site,compressor maintenance,"during a planned maintenance window, at the Drilling Site, a field operator was involved in compressor maintenance near the production unit. The worker or crew started the operation while another crew was still working inside the affected area. This created a situation involving possible release of stored energy. The operation was halted until the required protection was established.",English,YES,Control failure,Barrier ineffective,Line of Fire,High,Yes
V3-0367,Near Miss,Drilling Site,tank entry,"while preparing the work area, at the Drilling Site, A routine inspection identified a small housekeeping deviation with no personnel exposure. The observation was associated with tank entry near the elevated work platform. The crew maintained the required separation throughout. The team corrected the issue before normal work continued.",English,NO,No credible precursor identified,No personnel exposure,Energy Isolation,Low,No
V3-1261,Near Miss,Pipeline Station 3,vehicle movement,"during routine field activity, at the Pipeline Station 3, a vehicle operator was involved in vehicle movement near the elevated work platform. The worker or crew started the operation while another crew was still working inside the affected area. This created a situation involving exposure to an energized component. Work was suspended until the missing control was restored.",English,YES,Control failure,Control not verified,Confined Space,Critical,Yes
V3-0350,Unsafe Act,Tank Farm,welding,"shortly after the crew arrived, at the Tank Farm, a contractor was involved in welding near the elevated work platform. Before the task progressed, the team reviewed the isolation status before starting. The planned precautions were maintained. The crew completed the activity without a serious exposure.",English,NO,No credible precursor identified,Work area controlled,Energy Isolation,Routine,No
V3-0040,Unsafe Act,Pipeline Station 3,vehicle movement,"during routine field activity, at the Pipeline Station 3, A small housekeeping issue was observed beside the work area and was corrected immediately. The observation was associated with vehicle movement near the electrical room. The observation involved housekeeping rather than an active energy source. The team corrected the issue before normal work continued.",English,NO,No credible precursor identified,Work area controlled,Hot Work,Routine,No
V3-1326,Near Miss,Production Area B,pipeline repair,"during the morning shift, at the Production Area B, the electrical crew was involved in pipeline repair near the electrical room. The worker or crew approached the operating equipment without maintaining the expected separation. This created a situation involving an unplanned change in the work environment. The crew stopped work and the control measures were reviewed.",English,YES,Barrier failure,Unsafe position observed,Energy Isolation,High,Yes
V3-0480,Near Miss,Compressor Station 2,crane operation,"before the evening shutdown, at the Compressor Station 2, The team noticed a damaged label on equipment and replaced it before continuing. The observation was associated with crane operation near the storage area. The condition was corrected before it could affect the work. The team corrected the issue before normal work continued.",English,NO,No credible precursor identified,Control verified,Energy Isolation,Low,No
V3-0604,Safety Observation,Drilling Site,grinding,"during a planned maintenance window, at the Drilling Site, the electrical crew was involved in grinding near the elevated work platform. Before the task progressed, the team confirmed communication with the control room. The approved sequence was followed. No hazardous deviation was observed.",English,NO,No credible precursor identified,No personnel exposure,Energy Isolation,Low,No
V3-1472,Unsafe Act,Tank Farm,grinding,"during routine field activity, at the Tank Farm, a welding crew was involved in grinding near the storage area. The worker or crew began work before the isolation status was fully verified. This created a situation involving exposure to an energized component. The supervisor stopped the activity and moved the crew to a safe location.",English,YES,Control failure,Unexpected hazard identified,Line of Fire,High,Yes
V3-0294,Near Miss,Refinery Area A,vehicle movement,"shortly after the crew arrived, at the Refinery Area A, a maintenance technician was involved in vehicle movement near the valve station. Before the task progressed, the team inspected the surrounding area before beginning. The approved sequence was followed. The activity continued under the planned controls.",English,NO,No credible precursor identified,Work area controlled,Line of Fire,Routine,No
V3-1033,Unsafe Act,Tank Farm,lifting operation,"during a planned maintenance window, at the Tank Farm, a maintenance technician was involved in lifting operation near the equipment bay. The worker or crew continued the activity after a required barrier was found to be ineffective. This created a situation involving an active energy source that had not been fully controlled. The operation was halted until the required protection was established.",English,YES,Uncontrolled hazard,Personnel exposed to hazard,Line of Fire,High,Yes
V3-1471,Unsafe Act,Maintenance Workshop,welding,"during a planned maintenance window, at the Maintenance Workshop, the site team was involved in welding near the storage area. The worker or crew started the task before the required control had been confirmed. This created a situation involving movement of a vehicle through the work area. Work was suspended until the missing control was restored.",English,YES,Uncontrolled hazard,Unsafe position observed,Line of Fire,High,Yes
V3-0103,Safety Observation,Refinery Area A,vehicle movement,"at the start of the work period, at the Refinery Area A, the electrical crew was involved in vehicle movement near the workshop. Before the task progressed, the team verified the required authorization. The access controls remained in place. No significant control breakdown was identified.",English,NO,No credible precursor identified,Precaution confirmed,Energy Isolation,Routine,No
V3-0274,Unsafe Act,Production Area B,pipeline repair,"during a planned maintenance window, at the Production Area B, the maintenance group was involved in pipeline repair near the loading point. Before the task progressed, the team confirmed communication with the control room. The work authorization was valid. The surrounding conditions remained stable throughout the task.",English,NO,No credible precursor identified,No personnel exposure,Hot Work,Routine,No
V3-0146,Safety Observation,Production Area B,compressor maintenance,"while preparing the work area, at the Production Area B, A temporary access obstruction was identified and removed before personnel entered the area. The observation was associated with compressor maintenance near the production unit. The issue had no impact on the work boundary. The team corrected the issue before normal work continued.",English,NO,No credible precursor identified,Precaution confirmed,Hot Work,Routine,No
V3-0853,Unsafe Condition,Maintenance Workshop,crane operation,"during routine field activity, at the Maintenance Workshop, a field operator was involved in crane operation near the tank farm. The worker or crew entered the restricted area before the required authorization was confirmed. This created a situation involving an active energy source that had not been fully controlled. The supervisor stopped the activity and moved the crew to a safe location.",English,YES,Energy exposure,Unsafe position observed,Line of Fire,Critical,Yes
V3-0010,Safety Observation,Gas Processing Unit,grinding,"during the afternoon shift, at the Gas Processing Unit, the site team was involved in grinding near the compressor bay. Before the task progressed, the team verified the required authorization. The equipment was within the approved operating condition. The activity continued under the planned controls.",English,NO,No credible precursor identified,No personnel exposure,Hot Work,Low,No
V3-0405,Unsafe Act,Loading Terminal,grinding,"at the start of the work period, at the Loading Terminal, A routine inspection identified a small housekeeping deviation with no personnel exposure. The observation was associated with grinding near the loading point. No person was exposed to the condition. The team corrected the issue before normal work continued.",English,NO,No credible precursor identified,Work area controlled,Line of Fire,Low,No
V3-0814,Unsafe Condition,Compressor Station 2,welding,"during the afternoon shift, at the Compressor Station 2, a contractor was involved in welding near the pipeline corridor. The worker or crew entered the restricted area before the required authorization was confirmed. This created a situation involving temporary loss of a protective barrier. The activity was paused and the affected equipment was secured.",English,YES,Control failure,Control not verified,Confined Space,Critical,Yes
V3-1325,Near Miss,Refinery Area A,vessel cleaning,"during the morning shift, at the Refinery Area A, a welding crew was involved in vessel cleaning near the electrical room. The worker or crew started the task before the required control had been confirmed. This created a situation involving temporary loss of a protective barrier. The team withdrew from the area and reassessed the work conditions.",English,YES,Energy exposure,Barrier ineffective,Confined Space,Critical,Yes
V3-1453,Near Miss,Drilling Site,electrical maintenance,"shortly after the crew arrived, at the Drilling Site, the electrical crew was involved in electrical maintenance near the compressor bay. The worker or crew approached the operating equipment without maintaining the expected separation. This created a situation involving an unplanned change in the work environment. The activity was paused and the affected equipment was secured.",English,YES,Uncontrolled hazard,Unsafe position observed,Line of Fire,High,Yes
V3-1037,Near Miss,Tank Farm,vessel cleaning,"shortly after the crew arrived, at the Tank Farm, the site team was involved in vessel cleaning near the electrical room. The worker or crew continued the activity after a required barrier was found to be ineffective. This created a situation involving uncontrolled movement of a suspended load. The supervisor stopped the activity and moved the crew to a safe location.",English,YES,Energy exposure,Control not verified,Hot Work,High,Yes
V3-0415,Unsafe Act,Gas Processing Unit,lifting operation,"shortly after the crew arrived, at the Gas Processing Unit, A small housekeeping issue was observed beside the work area and was corrected immediately. The observation was associated with lifting operation near the production unit. The issue had no impact on the work boundary. The team corrected the issue before normal work continued.",English,NO,No credible precursor identified,No personnel exposure,Line of Fire,Low,No
V3-1387,Unsafe Act,Production Area B,compressor maintenance,"during routine field activity, at the Production Area B, a maintenance technician was involved in compressor maintenance near the tank farm. The worker or crew continued preparation while a critical control remained incomplete. This created a situation involving uncontrolled movement of a suspended load. The supervisor intervened before the task could continue.",English,YES,Unsafe positioning,Personnel exposed to hazard,Line of Fire,High,Yes
V3-0651,Unsafe Act,Gas Processing Unit,electrical maintenance,"while preparing the work area, at the Gas Processing Unit, A small housekeeping issue was observed beside the work area and was corrected immediately. The observation was associated with electrical maintenance near the production unit. The observation involved housekeeping rather than an active energy source. The team corrected the issue before normal work continued.",English,NO,No credible precursor identified,Procedure followed,Line of Fire,Routine,No
V3-0675,Safety Observation,Gas Processing Unit,lifting operation,"shortly after the crew arrived, at the Gas Processing Unit, a vehicle operator was involved in lifting operation near the elevated work platform. Before the task progressed, the team verified the required authorization. The supervisor remained available. The activity continued under the planned controls.",English,NO,No credible precursor identified,Control verified,Confined Space,Routine,No
V3-0810,Unsafe Condition,Gas Processing Unit,vehicle movement,"during routine field activity, at the Gas Processing Unit, a contractor was involved in vehicle movement near the production unit. The worker or crew continued preparation while a critical control remained incomplete. This created a situation involving an unplanned change in the work environment. The supervisor intervened before the task could continue.",English,YES,Control failure,Personnel exposed to hazard,Line of Fire,High,Yes
V3-1323,Unsafe Act,Gas Processing Unit,lifting operation,"shortly after the crew arrived, at the Gas Processing Unit, a welding crew was involved in lifting operation near the valve station. The worker or crew began work before the isolation status was fully verified. This created a situation involving an active energy source that had not been fully controlled. The activity was paused and the affected equipment was secured.",English,YES,Barrier failure,Unexpected hazard identified,Energy Isolation,High,Yes
V3-0026,Near Miss,Refinery Area A,welding,"at the start of the work period, at the Refinery Area A, The crew found minor surface damage on a non-critical component during inspection and reported it for maintenance. The observation was associated with welding near the pipeline corridor. The observation involved housekeeping rather than an active energy source. The team corrected the issue before normal work continued.",English,NO,No credible precursor identified,Work area controlled,Confined Space,Routine,No
V3-0557,Unsafe Act,Tank Farm,vehicle movement,"during routine field activity, at the Tank Farm, a vehicle operator was involved in vehicle movement near the pump area. Before the task progressed, the team inspected the surrounding area before beginning. The work area remained controlled. The work proceeded without an uncontrolled change in conditions.",English,NO,No credible precursor identified,No personnel exposure,Confined Space,Routine,No
V3-1446,Unsafe Act,Gas Processing Unit,welding,"while preparing the work area, at the Gas Processing Unit, a field operator was involved in welding near the pump area. The worker or crew started the operation while another crew was still working inside the affected area. This created a situation involving unexpected pressure in the process line. The supervisor intervened before the task could continue.",English,YES,Barrier failure,Barrier ineffective,Line of Fire,Critical,Yes
V3-0672,Near Miss,Production Area B,pipeline repair,"during a planned maintenance window, at the Production Area B, a contractor was involved in pipeline repair near the process line. Before the task progressed, the team completed the pre-job safety discussion. The required safeguards were available. No significant control breakdown was identified.",English,NO,No credible precursor identified,No personnel exposure,Confined Space,Routine,No
V3-1096,Near Miss,Compressor Station 2,grinding,"before the evening shutdown, at the Compressor Station 2, the site team was involved in grinding near the valve station. The worker or crew positioned personnel closer to the active equipment than permitted. This created a situation involving an active energy source that had not been fully controlled. Work was suspended until the missing control was restored.",English,YES,Barrier failure,Unsafe position observed,Confined Space,Critical,Yes
V3-0093,Unsafe Act,Compressor Station 2,vehicle movement,"before the evening shutdown, at the Compressor Station 2, the maintenance group was involved in vehicle movement near the utility yard. Before the task progressed, the team confirmed that the access route was clear. The required separation was maintained. No significant control breakdown was identified.",English,NO,No credible precursor identified,Control verified,Line of Fire,Routine,No
V3-0859,Near Miss,Drilling Site,compressor maintenance,"during a planned maintenance window, at the Drilling Site, the lifting team was involved in compressor maintenance near the valve station. The worker or crew began work before the isolation status was fully verified. This created a situation involving exposure to an energized component. The supervisor intervened before the task could continue.",English,YES,Uncontrolled hazard,Control not verified,Confined Space,High,Yes
V3-0063,Unsafe Act,Pipeline Station 3,lifting operation,"during the morning shift, at the Pipeline Station 3, a maintenance technician was involved in lifting operation near the elevated work platform. Before the task progressed, the team checked the condition of the equipment before use. The work authorization was valid. The activity continued under the planned controls.",English,NO,No credible precursor identified,Procedure followed,Hot Work,Low,No
V3-0349,Safety Observation,Maintenance Workshop,electrical maintenance,"at the start of the work period, at the Maintenance Workshop, A temporary access obstruction was identified and removed before personnel entered the area. The observation was associated with electrical maintenance near the workshop. The crew maintained the required separation throughout. The team corrected the issue before normal work continued.",English,NO,No credible precursor identified,No personnel exposure,Line of Fire,Low,No
V3-0002,Unsafe Act,Refinery Area A,pipeline repair,"at the start of the work period, at the Refinery Area A, the electrical crew was involved in pipeline repair near the process line. Before the task progressed, the team reviewed the isolation status before starting. The required safeguards were available. The planned barriers remained effective during the observation.",English,NO,No credible precursor identified,Procedure followed,Confined Space,Low,No
V3-0798,Unsafe Condition,Loading Terminal,tank entry,"during routine field activity, at the Loading Terminal, the maintenance group was involved in tank entry near the production unit. The worker or crew continued preparation while a critical control remained incomplete. This created a situation involving movement of a vehicle through the work area. Work was suspended until the missing control was restored.",English,YES,Energy exposure,Control not verified,Hot Work,High,Yes
V3-0020,Near Miss,Loading Terminal,vehicle movement,"before the evening shutdown, at the Loading Terminal, A warning sign had shifted from its original position and was restored before work started. The observation was associated with vehicle movement near the loading point. The affected item was outside the active work path. The team corrected the issue before normal work continued.",English,NO,No credible precursor identified,Procedure followed,Energy Isolation,Routine,No
V3-0212,Unsafe Act,Utility Section,crane operation,"during routine field activity, at the Utility Section, a welding crew was involved in crane operation near the loading point. Before the task progressed, the team verified the required authorization. The required safeguards were available. No significant control breakdown was identified.",English,NO,No credible precursor identified,Work area controlled,Energy Isolation,Routine,No
V3-0386,Safety Observation,Refinery Area A,welding,"shortly after the crew arrived, at the Refinery Area A, the maintenance group was involved in welding near the maintenance area. Before the task progressed, the team reviewed the work instructions before starting. The planned precautions were maintained. No significant control breakdown was identified.",English,NO,No credible precursor identified,Control verified,Hot Work,Routine,No
V3-0408,Safety Observation,Gas Processing Unit,electrical maintenance,"during the afternoon shift, at the Gas Processing Unit, the inspection team was involved in electrical maintenance near the storage area. Before the task progressed, the team confirmed that the access route was clear. The work authorization was valid. No hazardous deviation was observed.",English,NO,No credible precursor identified,Control verified,Line of Fire,Low,No
V3-0282,Near Miss,Gas Processing Unit,pipeline repair,"shortly after the crew arrived, at the Gas Processing Unit, A worker reported a minor equipment defect that did not affect the active task and the item was tagged for follow-up. The observation was associated with pipeline repair near the utility yard. The crew maintained the required separation throughout. The team corrected the issue before normal work continued.",English,NO,No credible precursor identified,No personnel exposure,Hot Work,Low,No
V3-0399,Safety Observation,Loading Terminal,tank entry,"while preparing the work area, at the Loading Terminal, the maintenance group was involved in tank entry near the electrical room. Before the task progressed, the team reviewed the isolation status before starting. The work authorization was valid. The activity continued under the planned controls.",English,NO,No credible precursor identified,Procedure followed,Line of Fire,Low,No
V3-0908,Unsafe Act,Gas Processing Unit,electrical maintenance,"at the start of the work period, at the Gas Processing Unit, the inspection team was involved in electrical maintenance near the workshop. The worker or crew proceeded with the task after an unexpected change in conditions. This created a situation involving an unplanned change in the work environment. Work was suspended until the missing control was restored.",English,YES,Uncontrolled hazard,Unexpected hazard identified,Hot Work,High,Yes
V3-1338,Unsafe Act,Maintenance Workshop,tank entry,"at the start of the work period, at the Maintenance Workshop, the site team was involved in tank entry near the equipment bay. The worker or crew continued preparation while a critical control remained incomplete. This created a situation involving movement of a vehicle through the work area. The operation was halted until the required protection was established.",English,YES,Control failure,Unsafe position observed,Hot Work,High,Yes
V3-0102,Safety Observation,Compressor Station 2,electrical maintenance,"during the morning shift, at the Compressor Station 2, a field operator was involved in electrical maintenance near the workshop. Before the task progressed, the team verified the required authorization. The approved sequence was followed. The surrounding conditions remained stable throughout the task.",English,NO,No credible precursor identified,Precaution confirmed,Confined Space,Routine,No
V3-0913,Near Miss,Loading Terminal,crane operation,"during a planned maintenance window, at the Loading Terminal, the electrical crew was involved in crane operation near the utility yard. The worker or crew continued preparation while a critical control remained incomplete. This created a situation involving an unplanned change in the work environment. The crew stopped work and the control measures were reviewed.",English,YES,Uncontrolled hazard,Personnel exposed to hazard,Energy Isolation,High,Yes
V3-1436,Unsafe Act,Pipeline Station 3,pipeline repair,"during routine field activity, at the Pipeline Station 3, the electrical crew was involved in pipeline repair near the tank farm. The worker or crew started the operation while another crew was still working inside the affected area. This created a situation involving unexpected pressure in the process line. The supervisor stopped the activity and moved the crew to a safe location.",English,YES,Uncontrolled hazard,Control not verified,Line of Fire,High,Yes
V3-0269,Unsafe Act,Utility Section,tank entry,"during the afternoon shift, at the Utility Section, a contractor was involved in tank entry near the electrical room. Before the task progressed, the team confirmed the work boundary with the supervisor. The work area remained controlled. No significant control breakdown was identified.",English,NO,No credible precursor identified,Work area controlled,Energy Isolation,Routine,No
V3-1099,Unsafe Condition,Pipeline Station 3,lifting operation,"before the evening shutdown, at the Pipeline Station 3, a welding crew was involved in lifting operation near the elevated work platform. The worker or crew moved into the work area while an important safeguard was still being checked. This created a situation involving possible release of stored energy. The operation was halted until the required protection was established.",English,YES,Energy exposure,Personnel exposed to hazard,Energy Isolation,High,Yes
V3-0910,Unsafe Condition,Loading Terminal,vehicle movement,"at the start of the work period, at the Loading Terminal, a contractor was involved in vehicle movement near the equipment bay. The worker or crew proceeded with the task after an unexpected change in conditions. This created a situation involving an unplanned change in the work environment. The area was isolated while the condition was investigated.",English,YES,Control failure,Unexpected hazard identified,Energy Isolation,Critical,Yes
V3-1330,Near Miss,Drilling Site,lifting operation,"during the morning shift, at the Drilling Site, a field operator was involved in lifting operation near the pump area. The worker or crew proceeded with the task after an unexpected change in conditions. This created a situation involving uncontrolled movement of a suspended load. The supervisor intervened before the task could continue.",English,YES,Barrier failure,Unexpected hazard identified,Confined Space,High,Yes
V3-0059,Near Miss,Tank Farm,tank entry,"during the morning shift, at the Tank Farm, a welding crew was involved in tank entry near the utility yard. Before the task progressed, the team reviewed the isolation status before starting. The required separation was maintained. The crew completed the activity without a serious exposure.",English,NO,No credible precursor identified,Procedure followed,Energy Isolation,Routine,No
V3-1190,Unsafe Condition,Pipeline Station 3,tank entry,"during the afternoon shift, at the Pipeline Station 3, a welding crew was involved in tank entry near the compressor bay. The worker or crew positioned personnel closer to the active equipment than permitted. This created a situation involving unexpected movement of equipment. The area was isolated while the condition was investigated.",English,YES,Unsafe positioning,Barrier ineffective,Energy Isolation,Critical,Yes
V3-0936,Unsafe Condition,Pipeline Station 3,pipeline repair,"during routine field activity, at the Pipeline Station 3, a welding crew was involved in pipeline repair near the pipeline corridor. The worker or crew continued the activity after a required barrier was found to be ineffective. This created a situation involving unexpected movement of equipment. The activity was paused and the affected equipment was secured.",English,YES,Unsafe positioning,Barrier ineffective,Hot Work,Critical,Yes
V3-1182,Unsafe Condition,Loading Terminal,welding,"at the start of the work period, at the Loading Terminal, the lifting team was involved in welding near the process line. The worker or crew entered the restricted area before the required authorization was confirmed. This created a situation involving possible release of stored energy. The crew stopped work and the control measures were reviewed.",English,YES,Barrier failure,Personnel exposed to hazard,Confined Space,High,Yes
V3-1450,Unsafe Act,Pipeline Station 3,tank entry,"during routine field activity, at the Pipeline Station 3, the site team was involved in tank entry near the loading point. The worker or crew continued preparation while a critical control remained incomplete. This created a situation involving exposure to an energized component. The team withdrew from the area and reassessed the work conditions.",English,YES,Barrier failure,Personnel exposed to hazard,Hot Work,High,Yes
V3-1419,Unsafe Condition,Loading Terminal,pipeline repair,"at the start of the work period, at the Loading Terminal, a maintenance technician was involved in pipeline repair near the equipment bay. The worker or crew continued the activity after a required barrier was found to be ineffective. This created a situation involving exposure to an energized component. The crew stopped work and the control measures were reviewed.",English,YES,Unsafe positioning,Unexpected hazard identified,Hot Work,Critical,Yes
V3-0674,Unsafe Condition,Gas Processing Unit,tank entry,"while preparing the work area, at the Gas Processing Unit, a contractor was involved in tank entry near the tank farm. Before the task progressed, the team confirmed communication with the control room. The required safeguards were available. No significant control breakdown was identified.",English,NO,No credible precursor identified,Procedure followed,Confined Space,Low,No
V3-0296,Unsafe Act,Maintenance Workshop,pipeline repair,"while preparing the work area, at the Maintenance Workshop, a vehicle operator was involved in pipeline repair near the loading point. Before the task progressed, the team verified the required authorization. The access controls remained in place. The observation did not identify a credible high-consequence exposure.",English,NO,No credible precursor identified,Work area controlled,Line of Fire,Routine,No
V3-0758,Unsafe Act,Loading Terminal,welding,"during a planned maintenance window, at the Loading Terminal, the maintenance group was involved in welding near the loading point. The worker or crew started the operation while another crew was still working inside the affected area. This created a situation involving an unplanned change in the work environment. The operation was halted until the required protection was established.",English,YES,Energy exposure,Barrier ineffective,Confined Space,Critical,Yes
V3-1162,Unsafe Act,Utility Section,grinding,"during the afternoon shift, at the Utility Section, a field operator was involved in grinding near the valve station. The worker or crew began work before the isolation status was fully verified. This created a situation involving exposure to an energized component. The supervisor intervened before the task could continue.",English,YES,Barrier failure,Unexpected hazard identified,Energy Isolation,Critical,Yes
V3-0287,Safety Observation,Loading Terminal,crane operation,"while preparing the work area, at the Loading Terminal, a field operator was involved in crane operation near the production unit. Before the task progressed, the team completed the pre-job safety discussion. The supervisor remained available. The surrounding conditions remained stable throughout the task.",English,NO,No credible precursor identified,Precaution confirmed,Energy Isolation,Routine,No
V3-0126,Unsafe Condition,Loading Terminal,grinding,"during the morning shift, at the Loading Terminal, the maintenance group was involved in grinding near the storage area. Before the task progressed, the team reviewed the isolation status before starting. The work authorization was valid. The observation did not identify a credible high-consequence exposure.",English,NO,No credible precursor identified,Procedure followed,Energy Isolation,Routine,No
V3-0570,Unsafe Condition,Maintenance Workshop,vehicle movement,"before the evening shutdown, at the Maintenance Workshop, the inspection team was involved in vehicle movement near the production unit. Before the task progressed, the team reviewed the isolation status before starting. The work authorization was valid. No hazardous deviation was observed.",English,NO,No credible precursor identified,Control verified,Energy Isolation,Routine,No
V3-0843,Near Miss,Pipeline Station 3,grinding,"during routine field activity, at the Pipeline Station 3, the lifting team was involved in grinding near the utility yard. The worker or crew entered the restricted area before the required authorization was confirmed. This created a situation involving movement of a vehicle through the work area. The crew stopped work and the control measures were reviewed.",English,YES,Barrier failure,Personnel exposed to hazard,Hot Work,Critical,Yes
V3-0739,Safety Observation,Compressor Station 2,pipeline repair,"during the morning shift, at the Compressor Station 2, the maintenance group was involved in pipeline repair near the valve station. Before the task progressed, the team inspected the surrounding area before beginning. The team stayed within the designated work area. No hazardous deviation was observed.",English,NO,No credible precursor identified,Procedure followed,Confined Space,Routine,No
V3-0474,Unsafe Act,Tank Farm,tank entry,"at the start of the work period, at the Tank Farm, a maintenance technician was involved in tank entry near the utility yard. Before the task progressed, the team confirmed that the access route was clear. The access controls remained in place. The crew completed the activity without a serious exposure.",English,NO,No credible precursor identified,Control verified,Confined Space,Low,No
V3-0997,Unsafe Act,Utility Section,vessel cleaning,"during a planned maintenance window, at the Utility Section, a welding crew was involved in vessel cleaning near the workshop. The worker or crew entered the restricted area before the required authorization was confirmed. This created a situation involving an active energy source that had not been fully controlled. The crew stopped work and the control measures were reviewed.",English,YES,Uncontrolled hazard,Barrier ineffective,Confined Space,High,Yes
V3-0868,Unsafe Condition,Compressor Station 2,vessel cleaning,"shortly after the crew arrived, at the Compressor Station 2, the lifting team was involved in vessel cleaning near the equipment bay. The worker or crew moved into the work area while an important safeguard was still being checked. This created a situation involving temporary loss of a protective barrier. Work was suspended until the missing control was restored.",English,YES,Control failure,Unsafe position observed,Energy Isolation,High,Yes
V3-1340,Near Miss,Maintenance Workshop,vessel cleaning,"shortly after the crew arrived, at the Maintenance Workshop, a field operator was involved in vessel cleaning near the equipment bay. The worker or crew continued preparation while a critical control remained incomplete. This created a situation involving exposure to an energized component. The area was isolated while the condition was investigated.",English,YES,Unsafe positioning,Unexpected hazard identified,Hot Work,High,Yes
V3-1278,Unsafe Act,Gas Processing Unit,tank entry,"during a planned maintenance window, at the Gas Processing Unit, the site team was involved in tank entry near the loading point. The worker or crew continued preparation while a critical control remained incomplete. This created a situation involving exposure to an energized component. The area was isolated while the condition was investigated.",English,YES,Energy exposure,Control not verified,Confined Space,High,Yes
V3-1439,Unsafe Condition,Utility Section,welding,"during the morning shift, at the Utility Section, the inspection team was involved in welding near the loading point. The worker or crew started the operation while another crew was still working inside the affected area. This created a situation involving uncontrolled movement of a suspended load. The crew stopped work and the control measures were reviewed.",English,YES,Control failure,Control not verified,Hot Work,High,Yes
V3-0303,Near Miss,Compressor Station 2,crane operation,"before the evening shutdown, at the Compressor Station 2, The crew found minor surface damage on a non-critical component during inspection and reported it for maintenance. The observation was associated with crane operation near the storage area. The equipment remained isolated from personnel activity. The team corrected the issue before normal work continued.",English,NO,No credible precursor identified,Work area controlled,Hot Work,Low,No
V3-1095,Unsafe Act,Drilling Site,pipeline repair,"before the evening shutdown, at the Drilling Site, the electrical crew was involved in pipeline repair near the pipeline corridor. The worker or crew positioned personnel closer to the active equipment than permitted. This created a situation involving possible release of stored energy. The supervisor stopped the activity and moved the crew to a safe location.",English,YES,Uncontrolled hazard,Unsafe position observed,Line of Fire,Critical,Yes
V3-0162,Unsafe Act,Refinery Area A,vessel cleaning,"shortly after the crew arrived, at the Refinery Area A, A small housekeeping issue was observed beside the work area and was corrected immediately. The observation was associated with vessel cleaning near the utility yard. The affected item was outside the active work path. The team corrected the issue before normal work continued.",English,NO,No credible precursor identified,Precaution confirmed,Hot Work,Low,No
V3-0514,Unsafe Condition,Tank Farm,welding,"during the morning shift, at the Tank Farm, A temporary access obstruction was identified and removed before personnel entered the area. The observation was associated with welding near the production unit. The issue had no impact on the work boundary. The team corrected the issue before normal work continued.",English,NO,No credible precursor identified,No personnel exposure,Confined Space,Low,No
V3-0756,Unsafe Condition,Utility Section,tank entry,"shortly after the crew arrived, at the Utility Section, the electrical crew was involved in tank entry near the valve station. The worker or crew began work before the isolation status was fully verified. This created a situation involving an active energy source that had not been fully controlled. The supervisor stopped the activity and moved the crew to a safe location.",English,YES,Control failure,Barrier ineffective,Hot Work,Critical,Yes
V3-0631,Safety Observation,Drilling Site,electrical maintenance,"shortly after the crew arrived, at the Drilling Site, The team noticed a damaged label on equipment and replaced it before continuing. The observation was associated with electrical maintenance near the valve station. The issue had no impact on the work boundary. The team corrected the issue before normal work continued.",English,NO,No credible precursor identified,Precaution confirmed,Confined Space,Low,No
V3-0647,Unsafe Act,Compressor Station 2,tank entry,"during the afternoon shift, at the Compressor Station 2, a maintenance technician was involved in tank entry near the loading point. Before the task progressed, the team checked the condition of the lifting equipment. The required separation was maintained. The surrounding conditions remained stable throughout the task.",English,NO,No credible precursor identified,Precaution confirmed,Hot Work,Routine,No
V3-0666,Unsafe Act,Loading Terminal,crane operation,"during the afternoon shift, at the Loading Terminal, a field operator was involved in crane operation near the compressor bay. Before the task progressed, the team confirmed that the access route was clear. The supervisor remained available. No hazardous deviation was observed.",English,NO,No credible precursor identified,No personnel exposure,Confined Space,Routine,No
V3-1143,Unsafe Condition,Compressor Station 2,grinding,"during routine field activity, at the Compressor Station 2, the inspection team was involved in grinding near the equipment bay. The worker or crew began work before the isolation status was fully verified. This created a situation involving exposure to an energized component. The team withdrew from the area and reassessed the work conditions.",English,YES,Unsafe positioning,Control not verified,Confined Space,High,Yes
V3-0676,Safety Observation,Compressor Station 2,vehicle movement,"before the evening shutdown, at the Compressor Station 2, the site team was involved in vehicle movement near the workshop. Before the task progressed, the team confirmed that the access route was clear. The work authorization was valid. The observation did not identify a credible high-consequence exposure.",English,NO,No credible precursor identified,Control verified,Line of Fire,Low,No
V3-1306,Near Miss,Tank Farm,lifting operation,"before the evening shutdown, at the Tank Farm, a maintenance technician was involved in lifting operation near the pipeline corridor. The worker or crew continued the activity after a required barrier was found to be ineffective. This created a situation involving temporary loss of a protective barrier. The activity was paused and the affected equipment was secured.",English,YES,Uncontrolled hazard,Barrier ineffective,Line of Fire,High,Yes
V3-1303,Near Miss,Pipeline Station 3,grinding,"shortly after the crew arrived, at the Pipeline Station 3, a field operator was involved in grinding near the pipeline corridor. The worker or crew started the operation while another crew was still working inside the affected area. This created a situation involving possible release of stored energy. Work was suspended until the missing control was restored.",English,YES,Barrier failure,Unexpected hazard identified,Energy Isolation,Critical,Yes
V3-1467,Near Miss,Pipeline Station 3,pipeline repair,"while preparing the work area, at the Pipeline Station 3, the electrical crew was involved in pipeline repair near the compressor bay. The worker or crew started the task before the required control had been confirmed. This created a situation involving an unplanned change in the work environment. Work was suspended until the missing control was restored.",English,YES,Barrier failure,Barrier ineffective,Energy Isolation,High,Yes
V3-0930,Unsafe Condition,Tank Farm,grinding,"before the evening shutdown, at the Tank Farm, a maintenance technician was involved in grinding near the equipment bay. The worker or crew began work before the isolation status was fully verified. This created a situation involving uncontrolled movement of a suspended load. The supervisor intervened before the task could continue.",English,YES,Unsafe positioning,Unsafe position observed,Confined Space,Critical,Yes
V3-0122,Near Miss,Refinery Area A,welding,"while preparing the work area, at the Refinery Area A, a vehicle operator was involved in welding near the loading point. Before the task progressed, the team confirmed that the access route was clear. The work area remained controlled. The surrounding conditions remained stable throughout the task.",English,NO,No credible precursor identified,Control verified,Energy Isolation,Low,No
V3-0095,Near Miss,Gas Processing Unit,vessel cleaning,"shortly after the crew arrived, at the Gas Processing Unit, the maintenance group was involved in vessel cleaning near the workshop. Before the task progressed, the team confirmed communication with the control room. The required safeguards were available. The crew completed the activity without a serious exposure.",English,NO,No credible precursor identified,Precaution confirmed,Hot Work,Low,No
V3-1181,Near Miss,Maintenance Workshop,compressor maintenance,"shortly after the crew arrived, at the Maintenance Workshop, the site team was involved in compressor maintenance near the pipeline corridor. The worker or crew started the task before the required control had been confirmed. This created a situation involving unexpected pressure in the process line. The supervisor intervened before the task could continue.",English,YES,Barrier failure,Unsafe position observed,Line of Fire,High,Yes
V3-0827,Unsafe Condition,Pipeline Station 3,vessel cleaning,"during the morning shift, at the Pipeline Station 3, a welding crew was involved in vessel cleaning near the pump area. The worker or crew started the task before the required control had been confirmed. This created a situation involving exposure to an energized component. The area was isolated while the condition was investigated.",English,YES,Barrier failure,Control not verified,Line of Fire,Critical,Yes
V3-1132,Unsafe Act,Pipeline Station 3,grinding,"at the start of the work period, at the Pipeline Station 3, the site team was involved in grinding near the valve station. The worker or crew approached the operating equipment without maintaining the expected separation. This created a situation involving movement of a vehicle through the work area. The area was isolated while the condition was investigated.",English,YES,Energy exposure,Unexpected hazard identified,Energy Isolation,Critical,Yes
V3-0737,Safety Observation,Maintenance Workshop,pipeline repair,"during the morning shift, at the Maintenance Workshop, the electrical crew was involved in pipeline repair near the equipment bay. Before the task progressed, the team confirmed communication with the control room. The required separation was maintained. The observation did not identify a credible high-consequence exposure.",English,NO,No credible precursor identified,Work area controlled,Hot Work,Routine,No
V3-0148,Safety Observation,Compressor Station 2,welding,"before the evening shutdown, at the Compressor Station 2, the maintenance group was involved in welding near the tank farm. Before the task progressed, the team reviewed the isolation status before starting. The approved sequence was followed. The activity continued under the planned controls.",English,NO,No credible precursor identified,No personnel exposure,Confined Space,Low,No
V3-0180,Near Miss,Utility Section,grinding,"shortly after the crew arrived, at the Utility Section, A worker reported a minor equipment defect that did not affect the active task and the item was tagged for follow-up. The observation was associated with grinding near the process line. The issue had no impact on the work boundary. The team corrected the issue before normal work continued.",English,NO,No credible precursor identified,Control verified,Hot Work,Low,No
V3-0751,Unsafe Act,Drilling Site,electrical maintenance,"during routine field activity, at the Drilling Site, the maintenance group was involved in electrical maintenance near the utility yard. The worker or crew continued the activity after a required barrier was found to be ineffective. This created a situation involving unexpected movement of equipment. The supervisor intervened before the task could continue.",English,YES,Energy exposure,Barrier ineffective,Line of Fire,High,Yes
V3-0380,Safety Observation,Tank Farm,pipeline repair,"shortly after the crew arrived, at the Tank Farm, the electrical crew was involved in pipeline repair near the utility yard. Before the task progressed, the team checked the condition of the lifting equipment. The equipment was within the approved operating condition. The activity continued under the planned controls.",English,NO,No credible precursor identified,Precaution confirmed,Hot Work,Routine,No
V3-0921,Unsafe Act,Maintenance Workshop,lifting operation,"shortly after the crew arrived, at the Maintenance Workshop, a maintenance technician was involved in lifting operation near the electrical room. The worker or crew proceeded with the task after an unexpected change in conditions. This created a situation involving unexpected pressure in the process line. Work was suspended until the missing control was restored.",English,YES,Control failure,Personnel exposed to hazard,Confined Space,Critical,Yes
V3-0800,Unsafe Condition,Refinery Area A,electrical maintenance,"during routine field activity, at the Refinery Area A, the site team was involved in electrical maintenance near the production unit. The worker or crew continued preparation while a critical control remained incomplete. This created a situation involving temporary loss of a protective barrier. The crew stopped work and the control measures were reviewed.",English,YES,Control failure,Unexpected hazard identified,Confined Space,Critical,Yes
V3-0823,Unsafe Act,Pipeline Station 3,electrical maintenance,"during a planned maintenance window, at the Pipeline Station 3, the maintenance group was involved in electrical maintenance near the storage area. The worker or crew began work before the isolation status was fully verified. This created a situation involving exposure to an energized component. The operation was halted until the required protection was established.",English,YES,Uncontrolled hazard,Barrier ineffective,Hot Work,Critical,Yes
V3-0416,Near Miss,Tank Farm,vehicle movement,"during the morning shift, at the Tank Farm, The crew found minor surface damage on a non-critical component during inspection and reported it for maintenance. The observation was associated with vehicle movement near the compressor bay. The observation involved housekeeping rather than an active energy source. The team corrected the issue before normal work continued.",English,NO,No credible precursor identified,Precaution confirmed,Hot Work,Routine,No
V3-0977,Near Miss,Production Area B,tank entry,"before the evening shutdown, at the Production Area B, the electrical crew was involved in tank entry near the maintenance area. The worker or crew continued preparation while a critical control remained incomplete. This created a situation involving unexpected movement of equipment. Work was suspended until the missing control was restored.",English,YES,Barrier failure,Barrier ineffective,Hot Work,High,Yes
V3-1053,Unsafe Condition,Refinery Area A,vessel cleaning,"while preparing the work area, at the Refinery Area A, the electrical crew was involved in vessel cleaning near the valve station. The worker or crew entered the restricted area before the required authorization was confirmed. This created a situation involving exposure to an energized component. The crew stopped work and the control measures were reviewed.",English,YES,Control failure,Unsafe position observed,Line of Fire,Critical,Yes
V3-0890,Unsafe Condition,Pipeline Station 3,pipeline repair,"during routine field activity, at the Pipeline Station 3, the electrical crew was involved in pipeline repair near the loading point. The worker or crew began work before the isolation status was fully verified. This created a situation involving possible release of stored energy. The area was isolated while the condition was investigated.",English,YES,Uncontrolled hazard,Personnel exposed to hazard,Line of Fire,Critical,Yes
V3-1128,Near Miss,Loading Terminal,vessel cleaning,"during the morning shift, at the Loading Terminal, the site team was involved in vessel cleaning near the equipment bay. The worker or crew approached the operating equipment without maintaining the expected separation. This created a situation involving an active energy source that had not been fully controlled. Work was suspended until the missing control was restored.",English,YES,Barrier failure,Personnel exposed to hazard,Energy Isolation,High,Yes
V3-1386,Unsafe Condition,Loading Terminal,pipeline repair,"during the afternoon shift, at the Loading Terminal, a vehicle operator was involved in pipeline repair near the loading point. The worker or crew proceeded with the task after an unexpected change in conditions. This created a situation involving exposure to an energized component. The team withdrew from the area and reassessed the work conditions.",English,YES,Barrier failure,Personnel exposed to hazard,Line of Fire,Critical,Yes
V3-0990,Unsafe Condition,Refinery Area A,pipeline repair,"during the afternoon shift, at the Refinery Area A, the electrical crew was involved in pipeline repair near the tank farm. The worker or crew continued preparation while a critical control remained incomplete. This created a situation involving an unplanned change in the work environment. Work was suspended until the missing control was restored.",English,YES,Control failure,Unsafe position observed,Hot Work,High,Yes
V3-1144,Unsafe Condition,Loading Terminal,electrical maintenance,"during the afternoon shift, at the Loading Terminal, the inspection team was involved in electrical maintenance near the compressor bay. The worker or crew continued the activity after a required barrier was found to be ineffective. This created a situation involving an active energy source that had not been fully controlled. The supervisor intervened before the task could continue.",English,YES,Control failure,Personnel exposed to hazard,Energy Isolation,High,Yes
V3-0353,Unsafe Condition,Loading Terminal,grinding,"while preparing the work area, at the Loading Terminal, a field operator was involved in grinding near the pump area. Before the task progressed, the team reviewed the isolation status before starting. The approved sequence was followed. The crew completed the activity without a serious exposure.",English,NO,No credible precursor identified,Procedure followed,Line of Fire,Low,No
V3-0569,Near Miss,Maintenance Workshop,compressor maintenance,"at the start of the work period, at the Maintenance Workshop, a contractor was involved in compressor maintenance near the compressor bay. Before the task progressed, the team completed the pre-job safety discussion. The approved sequence was followed. The observation did not identify a credible high-consequence exposure.",English,NO,No credible precursor identified,No personnel exposure,Confined Space,Routine,No
V3-0539,Unsafe Condition,Utility Section,vehicle movement,"during the morning shift, at the Utility Section, a contractor was involved in vehicle movement near the electrical room. Before the task progressed, the team inspected the surrounding area before beginning. The planned precautions were maintained. No hazardous deviation was observed.",English,NO,No credible precursor identified,Control verified,Hot Work,Routine,No
V3-1040,Unsafe Act,Production Area B,electrical maintenance,"during a planned maintenance window, at the Production Area B, the inspection team was involved in electrical maintenance near the maintenance area. The worker or crew proceeded with the task after an unexpected change in conditions. This created a situation involving uncontrolled movement of a suspended load. The supervisor intervened before the task could continue.",English,YES,Control failure,Unsafe position observed,Energy Isolation,High,Yes
V3-0085,Unsafe Act,Compressor Station 2,grinding,"during routine field activity, at the Compressor Station 2, the site team was involved in grinding near the pipeline corridor. Before the task progressed, the team confirmed the work boundary with the supervisor. The team stayed within the designated work area. The work proceeded without an uncontrolled change in conditions.",English,NO,No credible precursor identified,Control verified,Energy Isolation,Routine,No
V3-0305,Unsafe Act,Tank Farm,vessel cleaning,"before the evening shutdown, at the Tank Farm, A worker noticed a loose hand tool on the work platform and secured it before the task began. The observation was associated with vessel cleaning near the equipment bay. The equipment remained isolated from personnel activity. The team corrected the issue before normal work continued.",English,NO,No credible precursor identified,No personnel exposure,Energy Isolation,Low,No
V3-1233,Near Miss,Drilling Site,pipeline repair,"shortly after the crew arrived, at the Drilling Site, the electrical crew was involved in pipeline repair near the loading point. The worker or crew proceeded with the task after an unexpected change in conditions. This created a situation involving unexpected pressure in the process line. The area was isolated while the condition was investigated.",English,YES,Barrier failure,Barrier ineffective,Line of Fire,High,Yes
V3-0775,Near Miss,Loading Terminal,grinding,"at the start of the work period, at the Loading Terminal, the lifting team was involved in grinding near the tank farm. The worker or crew continued the activity after a required barrier was found to be ineffective. This created a situation involving unexpected pressure in the process line. The area was isolated while the condition was investigated.",English,YES,Barrier failure,Control not verified,Line of Fire,High,Yes
V3-0503,Safety Observation,Loading Terminal,welding,"at the start of the work period, at the Loading Terminal, a welding crew was involved in welding near the process line. Before the task progressed, the team confirmed that the access route was clear. The work authorization was valid. No significant control breakdown was identified.",English,NO,No credible precursor identified,Control verified,Hot Work,Routine,No
V3-0022,Safety Observation,Gas Processing Unit,vessel cleaning,"during routine field activity, at the Gas Processing Unit, a field operator was involved in vessel cleaning near the compressor bay. Before the task progressed, the team reviewed the work instructions before starting. The work area remained controlled. The work proceeded without an uncontrolled change in conditions.",English,NO,No credible precursor identified,Precaution confirmed,Energy Isolation,Routine,No
V3-0777,Unsafe Condition,Gas Processing Unit,grinding,"before the evening shutdown, at the Gas Processing Unit, a field operator was involved in grinding near the production unit. The worker or crew began work before the isolation status was fully verified. This created a situation involving an active energy source that had not been fully controlled. Work was suspended until the missing control was restored.",English,YES,Control failure,Unexpected hazard identified,Energy Isolation,High,Yes
V3-0082,Near Miss,Drilling Site,compressor maintenance,"during a planned maintenance window, at the Drilling Site, A routine inspection identified a small housekeeping deviation with no personnel exposure. The observation was associated with compressor maintenance near the loading point. The task had not started when the issue was identified. The team corrected the issue before normal work continued.",English,NO,No credible precursor identified,Work area controlled,Confined Space,Routine,No
V3-0785,Unsafe Condition,Drilling Site,tank entry,"during routine field activity, at the Drilling Site, the inspection team was involved in tank entry near the valve station. The worker or crew started the task before the required control had been confirmed. This created a situation involving an unplanned change in the work environment. The supervisor intervened before the task could continue.",English,YES,Control failure,Unexpected hazard identified,Hot Work,High,Yes
V3-1231,Near Miss,Maintenance Workshop,pipeline repair,"during the afternoon shift, at the Maintenance Workshop, a field operator was involved in pipeline repair near the tank farm. The worker or crew started the task before the required control had been confirmed. This created a situation involving unexpected movement of equipment. The operation was halted until the required protection was established.",English,YES,Control failure,Unexpected hazard identified,Energy Isolation,Critical,Yes
V3-0486,Near Miss,Maintenance Workshop,grinding,"before the evening shutdown, at the Maintenance Workshop, A small housekeeping issue was observed beside the work area and was corrected immediately. The observation was associated with grinding near the elevated work platform. The affected item was outside the active work path. The team corrected the issue before normal work continued.",English,NO,No credible precursor identified,Precaution confirmed,Line of Fire,Low,No
V3-1166,Near Miss,Maintenance Workshop,vessel cleaning,"during the morning shift, at the Maintenance Workshop, the lifting team was involved in vessel cleaning near the pump area. The worker or crew started the operation while another crew was still working inside the affected area. This created a situation involving an active energy source that had not been fully controlled. The activity was paused and the affected equipment was secured.",English,YES,Uncontrolled hazard,Personnel exposed to hazard,Confined Space,High,Yes
V3-1285,Unsafe Act,Loading Terminal,pipeline repair,"during routine field activity, at the Loading Terminal, a vehicle operator was involved in pipeline repair near the maintenance area. The worker or crew started the operation while another crew was still working inside the affected area. This created a situation involving unexpected movement of equipment. The supervisor stopped the activity and moved the crew to a safe location.",English,YES,Unsafe positioning,Barrier ineffective,Hot Work,Critical,Yes
V3-0461,Unsafe Act,Drilling Site,welding,"at the start of the work period, at the Drilling Site, a welding crew was involved in welding near the tank farm. Before the task progressed, the team inspected the surrounding area before beginning. The team stayed within the designated work area. The work proceeded without an uncontrolled change in conditions.",English,NO,No credible precursor identified,Procedure followed,Confined Space,Routine,No
V3-1462,Unsafe Condition,Pipeline Station 3,vessel cleaning,"at the start of the work period, at the Pipeline Station 3, a contractor was involved in vessel cleaning near the equipment bay. The worker or crew started the task before the required control had been confirmed. This created a situation involving unexpected pressure in the process line. Work was suspended until the missing control was restored.",English,YES,Control failure,Control not verified,Energy Isolation,High,Yes
V3-1227,Unsafe Act,Compressor Station 2,crane operation,"while preparing the work area, at the Compressor Station 2, the site team was involved in crane operation near the workshop. The worker or crew started the operation while another crew was still working inside the affected area. This created a situation involving possible release of stored energy. The supervisor stopped the activity and moved the crew to a safe location.",English,YES,Barrier failure,Unexpected hazard identified,Confined Space,Critical,Yes
V3-1081,Unsafe Condition,Pipeline Station 3,lifting operation,"during routine field activity, at the Pipeline Station 3, a welding crew was involved in lifting operation near the pump area. The worker or crew continued the activity after a required barrier was found to be ineffective. This created a situation involving exposure to an energized component. The crew stopped work and the control measures were reviewed.",English,YES,Control failure,Control not verified,Hot Work,Critical,Yes
V3-0106,Unsafe Condition,Tank Farm,compressor maintenance,"before the evening shutdown, at the Tank Farm, A routine inspection identified a small housekeeping deviation with no personnel exposure. The observation was associated with compressor maintenance near the electrical room. The affected item was outside the active work path. The team corrected the issue before normal work continued.",English,NO,No credible precursor identified,Precaution confirmed,Energy Isolation,Low,No
V3-1028,Unsafe Act,Refinery Area A,lifting operation,"during routine field activity, at the Refinery Area A, a field operator was involved in lifting operation near the tank farm. The worker or crew continued the activity after a required barrier was found to be ineffective. This created a situation involving possible release of stored energy. The activity was paused and the affected equipment was secured.",English,YES,Barrier failure,Unsafe position observed,Confined Space,High,Yes
V3-0900,Unsafe Condition,Refinery Area A,vehicle movement,"at the start of the work period, at the Refinery Area A, the electrical crew was involved in vehicle movement near the compressor bay. The worker or crew entered the restricted area before the required authorization was confirmed. This created a situation involving unexpected movement of equipment. The supervisor intervened before the task could continue.",English,YES,Control failure,Personnel exposed to hazard,Hot Work,Critical,Yes
V3-0428,Safety Observation,Production Area B,pipeline repair,"during the afternoon shift, at the Production Area B, the maintenance group was involved in pipeline repair near the storage area. Before the task progressed, the team checked the condition of the equipment before use. The approved sequence was followed. No hazardous deviation was observed.",English,NO,No credible precursor identified,Precaution confirmed,Confined Space,Low,No
V3-1222,Unsafe Condition,Drilling Site,lifting operation,"during routine field activity, at the Drilling Site, a welding crew was involved in lifting operation near the elevated work platform. The worker or crew approached the operating equipment without maintaining the expected separation. This created a situation involving exposure to an energized component. The area was isolated while the condition was investigated.",English,YES,Energy exposure,Control not verified,Confined Space,Critical,Yes
V3-1431,Unsafe Act,Compressor Station 2,vessel cleaning,"shortly after the crew arrived, at the Compressor Station 2, a contractor was involved in vessel cleaning near the utility yard. The worker or crew continued the activity after a required barrier was found to be ineffective. This created a situation involving possible release of stored energy. The activity was paused and the affected equipment was secured.",English,YES,Unsafe positioning,Unexpected hazard identified,Hot Work,Critical,Yes
V3-0760,Unsafe Act,Drilling Site,welding,"during the morning shift, at the Drilling Site, the site team was involved in welding near the storage area. The worker or crew proceeded with the task after an unexpected change in conditions. This created a situation involving uncontrolled movement of a suspended load. The area was isolated while the condition was investigated.",English,YES,Energy exposure,Unexpected hazard identified,Confined Space,High,Yes
V3-1158,Near Miss,Gas Processing Unit,electrical maintenance,"during routine field activity, at the Gas Processing Unit, the inspection team was involved in electrical maintenance near the production unit. The worker or crew continued preparation while a critical control remained incomplete. This created a situation involving unexpected pressure in the process line. The activity was paused and the affected equipment was secured.",English,YES,Barrier failure,Unsafe position observed,Energy Isolation,Critical,Yes
V3-0542,Unsafe Act,Loading Terminal,welding,"before the evening shutdown, at the Loading Terminal, a welding crew was involved in welding near the storage area. Before the task progressed, the team confirmed communication with the control room. The access controls remained in place. The observation did not identify a credible high-consequence exposure.",English,NO,No credible precursor identified,Control verified,Energy Isolation,Routine,No
V3-0754,Unsafe Condition,Gas Processing Unit,tank entry,"before the evening shutdown, at the Gas Processing Unit, the electrical crew was involved in tank entry near the maintenance area. The worker or crew started the task before the required control had been confirmed. This created a situation involving temporary loss of a protective barrier. The operation was halted until the required protection was established.",English,YES,Energy exposure,Personnel exposed to hazard,Confined Space,Critical,Yes
V3-1344,Near Miss,Drilling Site,compressor maintenance,"shortly after the crew arrived, at the Drilling Site, the site team was involved in compressor maintenance near the elevated work platform. The worker or crew moved into the work area while an important safeguard was still being checked. This created a situation involving an active energy source that had not been fully controlled. The area was isolated while the condition was investigated.",English,YES,Uncontrolled hazard,Unexpected hazard identified,Hot Work,High,Yes
V3-0951,Unsafe Condition,Drilling Site,electrical maintenance,"while preparing the work area, at the Drilling Site, a vehicle operator was involved in electrical maintenance near the equipment bay. The worker or crew approached the operating equipment without maintaining the expected separation. This created a situation involving an active energy source that had not been fully controlled. Work was suspended until the missing control was restored.",English,YES,Uncontrolled hazard,Unsafe position observed,Line of Fire,Critical,Yes
V3-1056,Unsafe Condition,Refinery Area A,tank entry,"at the start of the work period, at the Refinery Area A, the maintenance group was involved in tank entry near the compressor bay. The worker or crew moved into the work area while an important safeguard was still being checked. This created a situation involving loss of separation from operating machinery. The team withdrew from the area and reassessed the work conditions.",English,YES,Barrier failure,Control not verified,Line of Fire,High,Yes
V3-1293,Unsafe Act,Utility Section,compressor maintenance,"before the evening shutdown, at the Utility Section, the electrical crew was involved in compressor maintenance near the tank farm. The worker or crew approached the operating equipment without maintaining the expected separation. This created a situation involving unexpected pressure in the process line. The area was isolated while the condition was investigated.",English,YES,Energy exposure,Barrier ineffective,Hot Work,High,Yes
V3-1396,Near Miss,Production Area B,vessel cleaning,"while preparing the work area, at the Production Area B, the site team was involved in vessel cleaning near the elevated work platform. The worker or crew entered the restricted area before the required authorization was confirmed. This created a situation involving loss of separation from operating machinery. The crew stopped work and the control measures were reviewed.",English,YES,Energy exposure,Control not verified,Hot Work,Critical,Yes
V3-0110,Near Miss,Compressor Station 2,lifting operation,"shortly after the crew arrived, at the Compressor Station 2, a vehicle operator was involved in lifting operation near the elevated work platform. Before the task progressed, the team confirmed that the access route was clear. The work area remained controlled. No hazardous deviation was observed.",English,NO,No credible precursor identified,Work area controlled,Energy Isolation,Routine,No
V3-0251,Unsafe Condition,Loading Terminal,pipeline repair,"during the afternoon shift, at the Loading Terminal, a maintenance technician was involved in pipeline repair near the storage area. Before the task progressed, the team reviewed the isolation status before starting. The work area remained controlled. The planned barriers remained effective during the observation.",English,NO,No credible precursor identified,Procedure followed,Hot Work,Low,No
V3-1373,Near Miss,Maintenance Workshop,pipeline repair,"during the morning shift, at the Maintenance Workshop, a maintenance technician was involved in pipeline repair near the pump area. The worker or crew approached the operating equipment without maintaining the expected separation. This created a situation involving unexpected movement of equipment. The activity was paused and the affected equipment was secured.",English,YES,Energy exposure,Personnel exposed to hazard,Confined Space,High,Yes
V3-1149,Unsafe Condition,Drilling Site,electrical maintenance,"during the afternoon shift, at the Drilling Site, a welding crew was involved in electrical maintenance near the maintenance area. The worker or crew began work before the isolation status was fully verified. This created a situation involving unexpected pressure in the process line. The team withdrew from the area and reassessed the work conditions.",English,YES,Energy exposure,Unsafe position observed,Hot Work,High,Yes
V3-0825,Unsafe Condition,Drilling Site,welding,"before the evening shutdown, at the Drilling Site, a contractor was involved in welding near the valve station. The worker or crew approached the operating equipment without maintaining the expected separation. This created a situation involving loss of separation from operating machinery. The supervisor intervened before the task could continue.",English,YES,Barrier failure,Control not verified,Hot Work,High,Yes
V3-0870,Unsafe Condition,Pipeline Station 3,pipeline repair,"shortly after the crew arrived, at the Pipeline Station 3, a field operator was involved in pipeline repair near the maintenance area. The worker or crew positioned personnel closer to the active equipment than permitted. This created a situation involving uncontrolled movement of a suspended load. The supervisor intervened before the task could continue.",English,YES,Control failure,Control not verified,Hot Work,High,Yes
V3-0097,Unsafe Condition,Production Area B,lifting operation,"during a planned maintenance window, at the Production Area B, A small housekeeping issue was observed beside the work area and was corrected immediately. The observation was associated with lifting operation near the loading point. The equipment remained isolated from personnel activity. The team corrected the issue before normal work continued.",English,NO,No credible precursor identified,Control verified,Hot Work,Low,No
V3-0906,Near Miss,Production Area B,pipeline repair,"shortly after the crew arrived, at the Production Area B, the inspection team was involved in pipeline repair near the loading point. The worker or crew entered the restricted area before the required authorization was confirmed. This created a situation involving loss of separation from operating machinery. The crew stopped work and the control measures were reviewed.",English,YES,Energy exposure,Unsafe position observed,Confined Space,High,Yes
V3-0599,Safety Observation,Production Area B,welding,"during the afternoon shift, at the Production Area B, A small housekeeping issue was observed beside the work area and was corrected immediately. The observation was associated with welding near the workshop. The observation involved housekeeping rather than an active energy source. The team corrected the issue before normal work continued.",English,NO,No credible precursor identified,Work area controlled,Energy Isolation,Low,No
V3-1098,Unsafe Condition,Compressor Station 2,pipeline repair,"during routine field activity, at the Compressor Station 2, a field operator was involved in pipeline repair near the compressor bay. The worker or crew positioned personnel closer to the active equipment than permitted. This created a situation involving possible release of stored energy. The team withdrew from the area and reassessed the work conditions.",English,YES,Unsafe positioning,Barrier ineffective,Confined Space,High,Yes
V3-0593,Unsafe Act,Pipeline Station 3,electrical maintenance,"during the morning shift, at the Pipeline Station 3, The crew found minor surface damage on a non-critical component during inspection and reported it for maintenance. The observation was associated with electrical maintenance near the compressor bay. No person was exposed to the condition. The team corrected the issue before normal work continued.",English,NO,No credible precursor identified,Work area controlled,Confined Space,Routine,No
V3-0578,Safety Observation,Production Area B,lifting operation,"during a planned maintenance window, at the Production Area B, A routine inspection identified a small housekeeping deviation with no personnel exposure. The observation was associated with lifting operation near the equipment bay. The issue had no impact on the work boundary. The team corrected the issue before normal work continued.",English,NO,No credible precursor identified,Work area controlled,Confined Space,Routine,No
V3-1025,Unsafe Act,Tank Farm,pipeline repair,"during the afternoon shift, at the Tank Farm, a welding crew was involved in pipeline repair near the electrical room. The worker or crew continued the activity after a required barrier was found to be ineffective. This created a situation involving exposure to an energized component. The supervisor stopped the activity and moved the crew to a safe location.",English,YES,Uncontrolled hazard,Unexpected hazard identified,Line of Fire,Critical,Yes
V3-1022,Unsafe Act,Maintenance Workshop,crane operation,"while preparing the work area, at the Maintenance Workshop, the electrical crew was involved in crane operation near the loading point. The worker or crew started the task before the required control had been confirmed. This created a situation involving unexpected pressure in the process line. The area was isolated while the condition was investigated.",English,YES,Unsafe positioning,Barrier ineffective,Hot Work,Critical,Yes
V3-0935,Near Miss,Utility Section,tank entry,"while preparing the work area, at the Utility Section, the electrical crew was involved in tank entry near the elevated work platform. The worker or crew started the operation while another crew was still working inside the affected area. This created a situation involving temporary loss of a protective barrier. The supervisor stopped the activity and moved the crew to a safe location.",English,YES,Energy exposure,Unexpected hazard identified,Confined Space,High,Yes
V3-0527,Unsafe Condition,Refinery Area A,compressor maintenance,"during the afternoon shift, at the Refinery Area A, The crew found minor surface damage on a non-critical component during inspection and reported it for maintenance. The observation was associated with compressor maintenance near the production unit. The condition was corrected before it could affect the work. The team corrected the issue before normal work continued.",English,NO,No credible precursor identified,Control verified,Confined Space,Low,No
V3-0805,Unsafe Act,Compressor Station 2,compressor maintenance,"during a planned maintenance window, at the Compressor Station 2, a maintenance technician was involved in compressor maintenance near the elevated work platform. The worker or crew positioned personnel closer to the active equipment than permitted. This created a situation involving uncontrolled movement of a suspended load. The team withdrew from the area and reassessed the work conditions.",English,YES,Energy exposure,Barrier ineffective,Line of Fire,Critical,Yes
V3-0228,Safety Observation,Drilling Site,vehicle movement,"shortly after the crew arrived, at the Drilling Site, the site team was involved in vehicle movement near the tank farm. Before the task progressed, the team checked the condition of the equipment before use. The team stayed within the designated work area. The observation did not identify a credible high-consequence exposure.",English,NO,No credible precursor identified,Control verified,Hot Work,Routine,No
V3-0049,Near Miss,Gas Processing Unit,welding,"at the start of the work period, at the Gas Processing Unit, a vehicle operator was involved in welding near the utility yard. Before the task progressed, the team completed the pre-job safety discussion. The work area remained controlled. The crew completed the activity without a serious exposure.",English,NO,No credible precursor identified,Precaution confirmed,Hot Work,Low,No
V3-0170,Unsafe Act,Pipeline Station 3,grinding,"at the start of the work period, at the Pipeline Station 3, a field operator was involved in grinding near the loading point. Before the task progressed, the team confirmed that the access route was clear. The required safeguards were available. The crew completed the activity without a serious exposure.",English,NO,No credible precursor identified,No personnel exposure,Energy Isolation,Low,No
V3-1456,Near Miss,Loading Terminal,lifting operation,"during the morning shift, at the Loading Terminal, a vehicle operator was involved in lifting operation near the production unit. The worker or crew started the operation while another crew was still working inside the affected area. This created a situation involving loss of separation from operating machinery. The area was isolated while the condition was investigated.",English,YES,Energy exposure,Unexpected hazard identified,Line of Fire,Critical,Yes
V3-0748,Near Miss,Gas Processing Unit,crane operation,"during routine field activity, at the Gas Processing Unit, a contractor was involved in crane operation near the equipment bay. Before the task progressed, the team completed the pre-job safety discussion. The work area remained controlled. The activity continued under the planned controls.",English,NO,No credible precursor identified,Precaution confirmed,Hot Work,Routine,No
V3-0291,Safety Observation,Pipeline Station 3,vehicle movement,"during routine field activity, at the Pipeline Station 3, a vehicle operator was involved in vehicle movement near the equipment bay. Before the task progressed, the team confirmed that the access route was clear. The team stayed within the designated work area. The planned barriers remained effective during the observation.",English,NO,No credible precursor identified,Procedure followed,Confined Space,Low,No
V3-0645,Safety Observation,Drilling Site,vessel cleaning,"shortly after the crew arrived, at the Drilling Site, The crew found minor surface damage on a non-critical component during inspection and reported it for maintenance. The observation was associated with vessel cleaning near the loading point. The equipment remained isolated from personnel activity. The team corrected the issue before normal work continued.",English,NO,No credible precursor identified,Work area controlled,Hot Work,Low,No
V3-0655,Near Miss,Production Area B,crane operation,"during routine field activity, at the Production Area B, a maintenance technician was involved in crane operation near the tank farm. Before the task progressed, the team confirmed that the access route was clear. The required separation was maintained. The surrounding conditions remained stable throughout the task.",English,NO,No credible precursor identified,Precaution confirmed,Hot Work,Low,No
V3-1114,Near Miss,Gas Processing Unit,crane operation,"while preparing the work area, at the Gas Processing Unit, the inspection team was involved in crane operation near the equipment bay. The worker or crew continued preparation while a critical control remained incomplete. This created a situation involving loss of separation from operating machinery. The supervisor intervened before the task could continue.",English,YES,Barrier failure,Unsafe position observed,Confined Space,High,Yes
V3-1474,Near Miss,Gas Processing Unit,pipeline repair,"before the evening shutdown, at the Gas Processing Unit, a welding crew was involved in pipeline repair near the tank farm. The worker or crew positioned personnel closer to the active equipment than permitted. This created a situation involving unexpected movement of equipment. The area was isolated while the condition was investigated.",English,YES,Uncontrolled hazard,Unexpected hazard identified,Line of Fire,High,Yes
V3-0779,Unsafe Act,Production Area B,vehicle movement,"during the afternoon shift, at the Production Area B, the electrical crew was involved in vehicle movement near the loading point. The worker or crew began work before the isolation status was fully verified. This created a situation involving exposure to an energized component. The team withdrew from the area and reassessed the work conditions.",English,YES,Control failure,Control not verified,Line of Fire,High,Yes
V3-0657,Safety Observation,Tank Farm,lifting operation,"before the evening shutdown, at the Tank Farm, a vehicle operator was involved in lifting operation near the compressor bay. Before the task progressed, the team reviewed the work instructions before starting. The team stayed within the designated work area. The activity continued under the planned controls.",English,NO,No credible precursor identified,Work area controlled,Confined Space,Routine,No
V3-0757,Unsafe Act,Utility Section,welding,"while preparing the work area, at the Utility Section, a welding crew was involved in welding near the tank farm. The worker or crew started the operation while another crew was still working inside the affected area. This created a situation involving an unplanned change in the work environment. Work was suspended until the missing control was restored.",English,YES,Control failure,Control not verified,Line of Fire,Critical,Yes
V3-0373,Near Miss,Utility Section,welding,"during a planned maintenance window, at the Utility Section, The crew found minor surface damage on a non-critical component during inspection and reported it for maintenance. The observation was associated with welding near the utility yard. The crew maintained the required separation throughout. The team corrected the issue before normal work continued.",English,NO,No credible precursor identified,Procedure followed,Energy Isolation,Routine,No
V3-1048,Near Miss,Compressor Station 2,tank entry,"during routine field activity, at the Compressor Station 2, the inspection team was involved in tank entry near the loading point. The worker or crew positioned personnel closer to the active equipment than permitted. This created a situation involving an unplanned change in the work environment. The team withdrew from the area and reassessed the work conditions.",English,YES,Energy exposure,Personnel exposed to hazard,Energy Isolation,Critical,Yes
V3-0345,Unsafe Condition,Drilling Site,electrical maintenance,"before the evening shutdown, at the Drilling Site, the maintenance group was involved in electrical maintenance near the equipment bay. Before the task progressed, the team inspected the surrounding area before beginning. The required safeguards were available. The crew completed the activity without a serious exposure.",English,NO,No credible precursor identified,Work area controlled,Line of Fire,Low,No
V3-1064,Near Miss,Maintenance Workshop,vehicle movement,"during the morning shift, at the Maintenance Workshop, a contractor was involved in vehicle movement near the process line. The worker or crew started the operation while another crew was still working inside the affected area. This created a situation involving loss of separation from operating machinery. The team withdrew from the area and reassessed the work conditions.",English,YES,Energy exposure,Control not verified,Energy Isolation,Critical,Yes
V3-1264,Unsafe Condition,Loading Terminal,lifting operation,"at the start of the work period, at the Loading Terminal, the electrical crew was involved in lifting operation near the valve station. The worker or crew proceeded with the task after an unexpected change in conditions. This created a situation involving an unplanned change in the work environment. The supervisor intervened before the task could continue.",English,YES,Uncontrolled hazard,Unexpected hazard identified,Energy Isolation,High,Yes
V3-1287,Near Miss,Refinery Area A,tank entry,"while preparing the work area, at the Refinery Area A, a contractor was involved in tank entry near the process line. The worker or crew started the task before the required control had been confirmed. This created a situation involving unexpected pressure in the process line. Work was suspended until the missing control was restored.",English,YES,Uncontrolled hazard,Personnel exposed to hazard,Line of Fire,High,Yes
V3-0799,Unsafe Condition,Maintenance Workshop,lifting operation,"before the evening shutdown, at the Maintenance Workshop, a contractor was involved in lifting operation near the storage area. The worker or crew moved into the work area while an important safeguard was still being checked. This created a situation involving movement of a vehicle through the work area. The team withdrew from the area and reassessed the work conditions.",English,YES,Unsafe positioning,Control not verified,Energy Isolation,Critical,Yes
V3-0587,Safety Observation,Loading Terminal,crane operation,"during a planned maintenance window, at the Loading Terminal, A routine inspection identified a small housekeeping deviation with no personnel exposure. The observation was associated with crane operation near the workshop. The affected item was outside the active work path. The team corrected the issue before normal work continued.",English,NO,No credible precursor identified,Precaution confirmed,Hot Work,Routine,No
V3-1219,Near Miss,Loading Terminal,tank entry,"during the afternoon shift, at the Loading Terminal, the electrical crew was involved in tank entry near the electrical room. The worker or crew positioned personnel closer to the active equipment than permitted. This created a situation involving temporary loss of a protective barrier. The activity was paused and the affected equipment was secured.",English,YES,Energy exposure,Barrier ineffective,Line of Fire,Critical,Yes
V3-0468,Near Miss,Production Area B,compressor maintenance,"during the afternoon shift, at the Production Area B, a welding crew was involved in compressor maintenance near the workshop. Before the task progressed, the team verified the required authorization. The planned precautions were maintained. No hazardous deviation was observed.",English,NO,No credible precursor identified,Work area controlled,Hot Work,Routine,No
V3-0304,Safety Observation,Refinery Area A,pipeline repair,"before the evening shutdown, at the Refinery Area A, a contractor was involved in pipeline repair near the storage area. Before the task progressed, the team confirmed the work boundary with the supervisor. The planned precautions were maintained. No significant control breakdown was identified.",English,NO,No credible precursor identified,Work area controlled,Line of Fire,Routine,No
V3-0572,Near Miss,Loading Terminal,welding,"during the morning shift, at the Loading Terminal, A worker noticed a loose hand tool on the work platform and secured it before the task began. The observation was associated with welding near the loading point. The equipment remained isolated from personnel activity. The team corrected the issue before normal work continued.",English,NO,No credible precursor identified,Precaution confirmed,Energy Isolation,Routine,No
V3-0905,Unsafe Act,Compressor Station 2,pipeline repair,"during routine field activity, at the Compressor Station 2, the electrical crew was involved in pipeline repair near the electrical room. The worker or crew started the task before the required control had been confirmed. This created a situation involving temporary loss of a protective barrier. The crew stopped work and the control measures were reviewed.",English,YES,Energy exposure,Personnel exposed to hazard,Hot Work,High,Yes
V3-0863,Near Miss,Compressor Station 2,crane operation,"shortly after the crew arrived, at the Compressor Station 2, a field operator was involved in crane operation near the pipeline corridor. The worker or crew began work before the isolation status was fully verified. This created a situation involving an unplanned change in the work environment. The crew stopped work and the control measures were reviewed.",English,YES,Unsafe positioning,Unsafe position observed,Hot Work,High,Yes
V3-0391,Unsafe Condition,Gas Processing Unit,pipeline repair,"during routine field activity, at the Gas Processing Unit, A warning sign had shifted from its original position and was restored before work started. The observation was associated with pipeline repair near the storage area. The crew maintained the required separation throughout. The team corrected the issue before normal work continued.",English,NO,No credible precursor identified,Work area controlled,Confined Space,Routine,No
V3-0432,Near Miss,Gas Processing Unit,crane operation,"during routine field activity, at the Gas Processing Unit, a maintenance technician was involved in crane operation near the pump area. Before the task progressed, the team checked the condition of the lifting equipment. The planned precautions were maintained. The planned barriers remained effective during the observation.",English,NO,No credible precursor identified,Control verified,Energy Isolation,Routine,No
V3-0975,Near Miss,Maintenance Workshop,compressor maintenance,"during the morning shift, at the Maintenance Workshop, a welding crew was involved in compressor maintenance near the utility yard. The worker or crew continued preparation while a critical control remained incomplete. This created a situation involving loss of separation from operating machinery. The team withdrew from the area and reassessed the work conditions.",English,YES,Energy exposure,Barrier ineffective,Hot Work,High,Yes
V3-0979,Unsafe Act,Production Area B,vessel cleaning,"during the afternoon shift, at the Production Area B, a welding crew was involved in vessel cleaning near the electrical room. The worker or crew positioned personnel closer to the active equipment than permitted. This created a situation involving movement of a vehicle through the work area. The team withdrew from the area and reassessed the work conditions.",English,YES,Uncontrolled hazard,Control not verified,Energy Isolation,High,Yes
V3-1009,Unsafe Act,Drilling Site,crane operation,"shortly after the crew arrived, at the Drilling Site, a vehicle operator was involved in crane operation near the pipeline corridor. The worker or crew approached the operating equipment without maintaining the expected separation. This created a situation involving an active energy source that had not been fully controlled. Work was suspended until the missing control was restored.",English,YES,Energy exposure,Personnel exposed to hazard,Hot Work,High,Yes
V3-0101,Unsafe Condition,Utility Section,electrical maintenance,"at the start of the work period, at the Utility Section, a maintenance technician was involved in electrical maintenance near the electrical room. Before the task progressed, the team checked the condition of the equipment before use. The planned precautions were maintained. The surrounding conditions remained stable throughout the task.",English,NO,No credible precursor identified,Precaution confirmed,Confined Space,Routine,No
V3-0543,Unsafe Condition,Compressor Station 2,vessel cleaning,"during routine field activity, at the Compressor Station 2, the electrical crew was involved in vessel cleaning near the compressor bay. Before the task progressed, the team checked the condition of the lifting equipment. The planned precautions were maintained. The activity continued under the planned controls.",English,NO,No credible precursor identified,Precaution confirmed,Hot Work,Low,No
V3-0703,Safety Observation,Utility Section,grinding,"during routine field activity, at the Utility Section, The crew found minor surface damage on a non-critical component during inspection and reported it for maintenance. The observation was associated with grinding near the production unit. The crew maintained the required separation throughout. The team corrected the issue before normal work continued.",English,NO,No credible precursor identified,Procedure followed,Confined Space,Routine,No
V3-0616,Unsafe Act,Tank Farm,vessel cleaning,"during the afternoon shift, at the Tank Farm, the electrical crew was involved in vessel cleaning near the workshop. Before the task progressed, the team checked the condition of the equipment before use. The required safeguards were available. The observation did not identify a credible high-consequence exposure.",English,NO,No credible precursor identified,Procedure followed,Hot Work,Routine,No
V3-0928,Unsafe Act,Drilling Site,vehicle movement,"while preparing the work area, at the Drilling Site, the lifting team was involved in vehicle movement near the tank farm. The worker or crew positioned personnel closer to the active equipment than permitted. This created a situation involving an active energy source that had not been fully controlled. The supervisor intervened before the task could continue.",English,YES,Uncontrolled hazard,Personnel exposed to hazard,Confined Space,High,Yes
V3-1127,Unsafe Act,Production Area B,compressor maintenance,"during the afternoon shift, at the Production Area B, the site team was involved in compressor maintenance near the process line. The worker or crew continued preparation while a critical control remained incomplete. This created a situation involving uncontrolled movement of a suspended load. The team withdrew from the area and reassessed the work conditions.",English,YES,Unsafe positioning,Control not verified,Line of Fire,High,Yes
V3-0904,Unsafe Act,Pipeline Station 3,lifting operation,"before the evening shutdown, at the Pipeline Station 3, the lifting team was involved in lifting operation near the loading point. The worker or crew began work before the isolation status was fully verified. This created a situation involving exposure to an energized component. The area was isolated while the condition was investigated.",English,YES,Barrier failure,Barrier ineffective,Line of Fire,High,Yes
V3-1086,Near Miss,Loading Terminal,vehicle movement,"while preparing the work area, at the Loading Terminal, a welding crew was involved in vehicle movement near the loading point. The worker or crew approached the operating equipment without maintaining the expected separation. This created a situation involving an unplanned change in the work environment. The activity was paused and the affected equipment was secured.",English,YES,Energy exposure,Control not verified,Confined Space,High,Yes
V3-0316,Safety Observation,Production Area B,grinding,"at the start of the work period, at the Production Area B, a welding crew was involved in grinding near the elevated work platform. Before the task progressed, the team reviewed the work instructions before starting. The approved sequence was followed. The surrounding conditions remained stable throughout the task.",English,NO,No credible precursor identified,Procedure followed,Hot Work,Routine,No
V3-0337,Safety Observation,Compressor Station 2,electrical maintenance,"during the afternoon shift, at the Compressor Station 2, the maintenance group was involved in electrical maintenance near the process line. Before the task progressed, the team reviewed the work instructions before starting. The work area remained controlled. The planned barriers remained effective during the observation.",English,NO,No credible precursor identified,Precaution confirmed,Hot Work,Low,No
V3-1209,Unsafe Condition,Pipeline Station 3,vehicle movement,"while preparing the work area, at the Pipeline Station 3, a welding crew was involved in vehicle movement near the compressor bay. The worker or crew started the operation while another crew was still working inside the affected area. This created a situation involving unexpected movement of equipment. The operation was halted until the required protection was established.",English,YES,Barrier failure,Control not verified,Line of Fire,High,Yes
V3-1110,Near Miss,Gas Processing Unit,grinding,"during the afternoon shift, at the Gas Processing Unit, the lifting team was involved in grinding near the tank farm. The worker or crew proceeded with the task after an unexpected change in conditions. This created a situation involving an active energy source that had not been fully controlled. The operation was halted until the required protection was established.",English,YES,Control failure,Barrier ineffective,Energy Isolation,Critical,Yes
V3-0478,Unsafe Condition,Production Area B,compressor maintenance,"during a planned maintenance window, at the Production Area B, A warning sign had shifted from its original position and was restored before work started. The observation was associated with compressor maintenance near the pipeline corridor. The affected item was outside the active work path. The team corrected the issue before normal work continued.",English,NO,No credible precursor identified,Work area controlled,Confined Space,Routine,No
V3-0198,Unsafe Act,Compressor Station 2,tank entry,"during a planned maintenance window, at the Compressor Station 2, a field operator was involved in tank entry near the storage area. Before the task progressed, the team inspected the surrounding area before beginning. The approved sequence was followed. No significant control breakdown was identified.",English,NO,No credible precursor identified,Precaution confirmed,Energy Isolation,Low,No
V3-1283,Near Miss,Maintenance Workshop,crane operation,"while preparing the work area, at the Maintenance Workshop, the lifting team was involved in crane operation near the valve station. The worker or crew started the operation while another crew was still working inside the affected area. This created a situation involving exposure to an energized component. Work was suspended until the missing control was restored.",English,YES,Uncontrolled hazard,Control not verified,Line of Fire,Critical,Yes
V3-0120,Safety Observation,Gas Processing Unit,compressor maintenance,"shortly after the crew arrived, at the Gas Processing Unit, a maintenance technician was involved in compressor maintenance near the compressor bay. Before the task progressed, the team reviewed the work instructions before starting. The required safeguards were available. The planned barriers remained effective during the observation.",English,NO,No credible precursor identified,Control verified,Energy Isolation,Low,No
V3-0871,Unsafe Condition,Loading Terminal,tank entry,"shortly after the crew arrived, at the Loading Terminal, the electrical crew was involved in tank entry near the tank farm. The worker or crew continued preparation while a critical control remained incomplete. This created a situation involving possible release of stored energy. The team withdrew from the area and reassessed the work conditions.",English,YES,Energy exposure,Control not verified,Energy Isolation,High,Yes
V3-1142,Near Miss,Drilling Site,crane operation,"during the morning shift, at the Drilling Site, a maintenance technician was involved in crane operation near the elevated work platform. The worker or crew started the operation while another crew was still working inside the affected area. This created a situation involving unexpected pressure in the process line. The crew stopped work and the control measures were reviewed.",English,YES,Energy exposure,Control not verified,Confined Space,Critical,Yes
V3-0256,Unsafe Act,Gas Processing Unit,compressor maintenance,"while preparing the work area, at the Gas Processing Unit, the maintenance group was involved in compressor maintenance near the utility yard. Before the task progressed, the team confirmed the work boundary with the supervisor. The access controls remained in place. The planned barriers remained effective during the observation.",English,NO,No credible precursor identified,Precaution confirmed,Energy Isolation,Routine,No
V3-0035,Unsafe Act,Drilling Site,electrical maintenance,"before the evening shutdown, at the Drilling Site, A small housekeeping issue was observed beside the work area and was corrected immediately. The observation was associated with electrical maintenance near the compressor bay. No person was exposed to the condition. The team corrected the issue before normal work continued.",English,NO,No credible precursor identified,Control verified,Hot Work,Low,No
V3-1276,Unsafe Act,Tank Farm,crane operation,"shortly after the crew arrived, at the Tank Farm, a field operator was involved in crane operation near the maintenance area. The worker or crew began work before the isolation status was fully verified. This created a situation involving movement of a vehicle through the work area. The supervisor stopped the activity and moved the crew to a safe location.",English,YES,Unsafe positioning,Control not verified,Hot Work,Critical,Yes
V3-0929,Unsafe Condition,Utility Section,compressor maintenance,"while preparing the work area, at the Utility Section, the site team was involved in compressor maintenance near the process line. The worker or crew entered the restricted area before the required authorization was confirmed. This created a situation involving an unplanned change in the work environment. The supervisor stopped the activity and moved the crew to a safe location.",English,YES,Uncontrolled hazard,Personnel exposed to hazard,Hot Work,High,Yes
V3-0752,Unsafe Condition,Maintenance Workshop,electrical maintenance,"while preparing the work area, at the Maintenance Workshop, the lifting team was involved in electrical maintenance near the pump area. The worker or crew moved into the work area while an important safeguard was still being checked. This created a situation involving movement of a vehicle through the work area. The supervisor stopped the activity and moved the crew to a safe location.",English,YES,Energy exposure,Unsafe position observed,Line of Fire,High,Yes
V3-1109,Near Miss,Production Area B,tank entry,"at the start of the work period, at the Production Area B, a maintenance technician was involved in tank entry near the pipeline corridor. The worker or crew approached the operating equipment without maintaining the expected separation. This created a situation involving loss of separation from operating machinery. Work was suspended until the missing control was restored.",English,YES,Unsafe positioning,Barrier ineffective,Energy Isolation,High,Yes
V3-1429,Unsafe Condition,Loading Terminal,compressor maintenance,"during routine field activity, at the Loading Terminal, the site team was involved in compressor maintenance near the electrical room. The worker or crew proceeded with the task after an unexpected change in conditions. This created a situation involving unexpected pressure in the process line. The crew stopped work and the control measures were reviewed.",English,YES,Uncontrolled hazard,Personnel exposed to hazard,Confined Space,High,Yes
V3-0233,Safety Observation,Refinery Area A,lifting operation,"during a planned maintenance window, at the Refinery Area A, A small housekeeping issue was observed beside the work area and was corrected immediately. The observation was associated with lifting operation near the utility yard. The issue had no impact on the work boundary. The team corrected the issue before normal work continued.",English,NO,No credible precursor identified,No personnel exposure,Energy Isolation,Low,No
V3-0397,Unsafe Act,Pipeline Station 3,lifting operation,"shortly after the crew arrived, at the Pipeline Station 3, A small housekeeping issue was observed beside the work area and was corrected immediately. The observation was associated with lifting operation near the production unit. The condition was corrected before it could affect the work. The team corrected the issue before normal work continued.",English,NO,No credible precursor identified,Control verified,Hot Work,Low,No
V3-0299,Unsafe Act,Drilling Site,grinding,"during routine field activity, at the Drilling Site, A warning sign had shifted from its original position and was restored before work started. The observation was associated with grinding near the maintenance area. The affected item was outside the active work path. The team corrected the issue before normal work continued.",English,NO,No credible precursor identified,Precaution confirmed,Hot Work,Low,No
V3-0208,Safety Observation,Compressor Station 2,grinding,"while preparing the work area, at the Compressor Station 2, A routine inspection identified a small housekeeping deviation with no personnel exposure. The observation was associated with grinding near the maintenance area. No person was exposed to the condition. The team corrected the issue before normal work continued.",English,NO,No credible precursor identified,Work area controlled,Confined Space,Low,No
V3-0712,Unsafe Act,Utility Section,tank entry,"before the evening shutdown, at the Utility Section, the maintenance group was involved in tank entry near the compressor bay. Before the task progressed, the team reviewed the work instructions before starting. The approved sequence was followed. No significant control breakdown was identified.",English,NO,No credible precursor identified,Procedure followed,Line of Fire,Routine,No
V3-1121,Near Miss,Pipeline Station 3,vessel cleaning,"during the morning shift, at the Pipeline Station 3, a field operator was involved in vessel cleaning near the process line. The worker or crew moved into the work area while an important safeguard was still being checked. This created a situation involving an unplanned change in the work environment. The area was isolated while the condition was investigated.",English,YES,Energy exposure,Personnel exposed to hazard,Hot Work,High,Yes
V3-0711,Near Miss,Tank Farm,welding,"during the afternoon shift, at the Tank Farm, a vehicle operator was involved in welding near the loading point. Before the task progressed, the team confirmed that the access route was clear. The work area remained controlled. The work proceeded without an uncontrolled change in conditions.",English,NO,No credible precursor identified,Control verified,Confined Space,Low,No
V3-1464,Unsafe Condition,Gas Processing Unit,crane operation,"during routine field activity, at the Gas Processing Unit, a vehicle operator was involved in crane operation near the electrical room. The worker or crew continued preparation while a critical control remained incomplete. This created a situation involving possible release of stored energy. The supervisor intervened before the task could continue.",English,YES,Uncontrolled hazard,Personnel exposed to hazard,Line of Fire,Critical,Yes
V3-0244,Unsafe Condition,Gas Processing Unit,tank entry,"during the morning shift, at the Gas Processing Unit, the maintenance group was involved in tank entry near the process line. Before the task progressed, the team verified the required authorization. The required separation was maintained. No hazardous deviation was observed.",English,NO,No credible precursor identified,No personnel exposure,Hot Work,Routine,No
V3-1042,Unsafe Condition,Utility Section,electrical maintenance,"at the start of the work period, at the Utility Section, a maintenance technician was involved in electrical maintenance near the tank farm. The worker or crew continued the activity after a required barrier was found to be ineffective. This created a situation involving an active energy source that had not been fully controlled. The operation was halted until the required protection was established.",English,YES,Energy exposure,Control not verified,Energy Isolation,High,Yes
V3-1312,Near Miss,Gas Processing Unit,lifting operation,"during the morning shift, at the Gas Processing Unit, the lifting team was involved in lifting operation near the pump area. The worker or crew continued the activity after a required barrier was found to be ineffective. This created a situation involving exposure to an energized component. The supervisor stopped the activity and moved the crew to a safe location.",English,YES,Uncontrolled hazard,Unexpected hazard identified,Energy Isolation,Critical,Yes
V3-1280,Unsafe Act,Production Area B,grinding,"during the morning shift, at the Production Area B, the lifting team was involved in grinding near the maintenance area. The worker or crew started the task before the required control had been confirmed. This created a situation involving an unplanned change in the work environment. The area was isolated while the condition was investigated.",English,YES,Energy exposure,Barrier ineffective,Energy Isolation,Critical,Yes
V3-0634,Unsafe Act,Refinery Area A,pipeline repair,"shortly after the crew arrived, at the Refinery Area A, the site team was involved in pipeline repair near the pipeline corridor. Before the task progressed, the team completed the pre-job safety discussion. The access controls remained in place. The surrounding conditions remained stable throughout the task.",English,NO,No credible precursor identified,No personnel exposure,Line of Fire,Routine,No
V3-1302,Unsafe Act,Refinery Area A,lifting operation,"before the evening shutdown, at the Refinery Area A, the site team was involved in lifting operation near the valve station. The worker or crew began work before the isolation status was fully verified. This created a situation involving unexpected movement of equipment. The team withdrew from the area and reassessed the work conditions.",English,YES,Unsafe positioning,Control not verified,Line of Fire,High,Yes
V3-0240,Unsafe Condition,Gas Processing Unit,crane operation,"while preparing the work area, at the Gas Processing Unit, the inspection team was involved in crane operation near the valve station. Before the task progressed, the team confirmed the work boundary with the supervisor. The work area remained controlled. No hazardous deviation was observed.",English,NO,No credible precursor identified,Precaution confirmed,Confined Space,Low,No
V3-1399,Near Miss,Pipeline Station 3,electrical maintenance,"during a planned maintenance window, at the Pipeline Station 3, a vehicle operator was involved in electrical maintenance near the equipment bay. The worker or crew continued the activity after a required barrier was found to be ineffective. This created a situation involving unexpected movement of equipment. The team withdrew from the area and reassessed the work conditions.",English,YES,Unsafe positioning,Unsafe position observed,Line of Fire,High,Yes
V3-1295,Unsafe Act,Refinery Area A,crane operation,"shortly after the crew arrived, at the Refinery Area A, a contractor was involved in crane operation near the production unit. The worker or crew started the operation while another crew was still working inside the affected area. This created a situation involving exposure to an energized component. The activity was paused and the affected equipment was secured.",English,YES,Unsafe positioning,Control not verified,Hot Work,Critical,Yes
V3-0534,Safety Observation,Compressor Station 2,vessel cleaning,"shortly after the crew arrived, at the Compressor Station 2, the maintenance group was involved in vessel cleaning near the valve station. Before the task progressed, the team checked the condition of the lifting equipment. The required separation was maintained. No significant control breakdown was identified.",English,NO,No credible precursor identified,Work area controlled,Energy Isolation,Routine,No
V3-0487,Safety Observation,Pipeline Station 3,tank entry,"shortly after the crew arrived, at the Pipeline Station 3, The team noticed a damaged label on equipment and replaced it before continuing. The observation was associated with tank entry near the workshop. The condition was corrected before it could affect the work. The team corrected the issue before normal work continued.",English,NO,No credible precursor identified,Work area controlled,Energy Isolation,Routine,No
V3-1254,Near Miss,Production Area B,pipeline repair,"before the evening shutdown, at the Production Area B, the inspection team was involved in pipeline repair near the workshop. The worker or crew started the task before the required control had been confirmed. This created a situation involving unexpected movement of equipment. The supervisor stopped the activity and moved the crew to a safe location.",English,YES,Unsafe positioning,Unexpected hazard identified,Energy Isolation,High,Yes
V3-1252,Unsafe Condition,Utility Section,tank entry,"shortly after the crew arrived, at the Utility Section, the lifting team was involved in tank entry near the pump area. The worker or crew started the operation while another crew was still working inside the affected area. This created a situation involving uncontrolled movement of a suspended load. The crew stopped work and the control measures were reviewed.",English,YES,Uncontrolled hazard,Unexpected hazard identified,Confined Space,Critical,Yes
V3-0605,Unsafe Act,Drilling Site,pipeline repair,"during the afternoon shift, at the Drilling Site, a vehicle operator was involved in pipeline repair near the process line. Before the task progressed, the team verified the required authorization. The access controls remained in place. The crew completed the activity without a serious exposure.",English,NO,No credible precursor identified,Control verified,Hot Work,Routine,No
V3-0057,Safety Observation,Utility Section,tank entry,"at the start of the work period, at the Utility Section, the lifting team was involved in tank entry near the storage area. Before the task progressed, the team reviewed the isolation status before starting. The supervisor remained available. The planned barriers remained effective during the observation.",English,NO,No credible precursor identified,Procedure followed,Line of Fire,Routine,No
V3-0742,Unsafe Act,Gas Processing Unit,crane operation,"at the start of the work period, at the Gas Processing Unit, a maintenance technician was involved in crane operation near the maintenance area. Before the task progressed, the team confirmed the work boundary with the supervisor. The work authorization was valid. The activity continued under the planned controls.",English,NO,No credible precursor identified,Precaution confirmed,Line of Fire,Routine,No
V3-0812,Unsafe Condition,Refinery Area A,electrical maintenance,"while preparing the work area, at the Refinery Area A, the inspection team was involved in electrical maintenance near the compressor bay. The worker or crew started the operation while another crew was still working inside the affected area. This created a situation involving unexpected pressure in the process line. Work was suspended until the missing control was restored.",English,YES,Energy exposure,Unsafe position observed,Energy Isolation,Critical,Yes
V3-1168,Near Miss,Production Area B,crane operation,"at the start of the work period, at the Production Area B, the maintenance group was involved in crane operation near the production unit. The worker or crew approached the operating equipment without maintaining the expected separation. This created a situation involving exposure to an energized component. The activity was paused and the affected equipment was secured.",English,YES,Barrier failure,Barrier ineffective,Hot Work,Critical,Yes
V3-0815,Unsafe Act,Drilling Site,tank entry,"before the evening shutdown, at the Drilling Site, the inspection team was involved in tank entry near the workshop. The worker or crew positioned personnel closer to the active equipment than permitted. This created a situation involving temporary loss of a protective barrier. The activity was paused and the affected equipment was secured.",English,YES,Uncontrolled hazard,Personnel exposed to hazard,Confined Space,Critical,Yes
V3-0331,Near Miss,Maintenance Workshop,vessel cleaning,"during the morning shift, at the Maintenance Workshop, a contractor was involved in vessel cleaning near the pump area. Before the task progressed, the team reviewed the isolation status before starting. The equipment was within the approved operating condition. The work proceeded without an uncontrolled change in conditions.",English,NO,No credible precursor identified,Precaution confirmed,Hot Work,Routine,No
V3-0926,Unsafe Condition,Production Area B,lifting operation,"while preparing the work area, at the Production Area B, a contractor was involved in lifting operation near the utility yard. The worker or crew proceeded with the task after an unexpected change in conditions. This created a situation involving loss of separation from operating machinery. The supervisor intervened before the task could continue.",English,YES,Uncontrolled hazard,Control not verified,Confined Space,Critical,Yes
V3-1271,Unsafe Act,Loading Terminal,welding,"during the afternoon shift, at the Loading Terminal, the electrical crew was involved in welding near the equipment bay. The worker or crew moved into the work area while an important safeguard was still being checked. This created a situation involving unexpected movement of equipment. The crew stopped work and the control measures were reviewed.",English,YES,Energy exposure,Barrier ineffective,Line of Fire,Critical,Yes
V3-0342,Unsafe Act,Drilling Site,tank entry,"during routine field activity, at the Drilling Site, the maintenance group was involved in tank entry near the pump area. Before the task progressed, the team verified the required authorization. The equipment was within the approved operating condition. The planned barriers remained effective during the observation.",English,NO,No credible precursor identified,Precaution confirmed,Confined Space,Low,No
V3-1400,Unsafe Act,Drilling Site,crane operation,"during the afternoon shift, at the Drilling Site, a contractor was involved in crane operation near the maintenance area. The worker or crew proceeded with the task after an unexpected change in conditions. This created a situation involving unexpected pressure in the process line. The activity was paused and the affected equipment was secured.",English,YES,Control failure,Unexpected hazard identified,Energy Isolation,Critical,Yes
V3-0384,Safety Observation,Compressor Station 2,vessel cleaning,"while preparing the work area, at the Compressor Station 2, a maintenance technician was involved in vessel cleaning near the storage area. Before the task progressed, the team confirmed communication with the control room. The required separation was maintained. The observation did not identify a credible high-consequence exposure.",English,NO,No credible precursor identified,Procedure followed,Energy Isolation,Routine,No
V3-0510,Near Miss,Loading Terminal,tank entry,"during the morning shift, at the Loading Terminal, A warning sign had shifted from its original position and was restored before work started. The observation was associated with tank entry near the maintenance area. The issue had no impact on the work boundary. The team corrected the issue before normal work continued.",English,NO,No credible precursor identified,Work area controlled,Confined Space,Low,No
V3-0247,Unsafe Condition,Gas Processing Unit,pipeline repair,"during routine field activity, at the Gas Processing Unit, A worker noticed a loose hand tool on the work platform and secured it before the task began. The observation was associated with pipeline repair near the process line. No person was exposed to the condition. The team corrected the issue before normal work continued.",English,NO,No credible precursor identified,Precaution confirmed,Confined Space,Low,No
V3-0879,Near Miss,Maintenance Workshop,grinding,"shortly after the crew arrived, at the Maintenance Workshop, the electrical crew was involved in grinding near the pipeline corridor. The worker or crew continued the activity after a required barrier was found to be ineffective. This created a situation involving movement of a vehicle through the work area. The activity was paused and the affected equipment was secured.",English,YES,Uncontrolled hazard,Unexpected hazard identified,Hot Work,High,Yes
V3-1176,Unsafe Act,Gas Processing Unit,crane operation,"before the evening shutdown, at the Gas Processing Unit, the lifting team was involved in crane operation near the storage area. The worker or crew continued the activity after a required barrier was found to be ineffective. This created a situation involving uncontrolled movement of a suspended load. The supervisor stopped the activity and moved the crew to a safe location.",English,YES,Barrier failure,Control not verified,Line of Fire,Critical,Yes
V3-0562,Unsafe Condition,Tank Farm,tank entry,"shortly after the crew arrived, at the Tank Farm, The team noticed a damaged label on equipment and replaced it before continuing. The observation was associated with tank entry near the elevated work platform. The crew maintained the required separation throughout. The team corrected the issue before normal work continued.",English,NO,No credible precursor identified,Control verified,Line of Fire,Routine,No
V3-0529,Near Miss,Gas Processing Unit,lifting operation,"before the evening shutdown, at the Gas Processing Unit, a contractor was involved in lifting operation near the pump area. Before the task progressed, the team reviewed the work instructions before starting. The team stayed within the designated work area. The work proceeded without an uncontrolled change in conditions.",English,NO,No credible precursor identified,Procedure followed,Line of Fire,Low,No
V3-0453,Safety Observation,Refinery Area A,electrical maintenance,"during the morning shift, at the Refinery Area A, the maintenance group was involved in electrical maintenance near the tank farm. Before the task progressed, the team reviewed the isolation status before starting. The equipment was within the approved operating condition. The surrounding conditions remained stable throughout the task.",English,NO,No credible precursor identified,Procedure followed,Hot Work,Routine,No
V3-1489,Unsafe Condition,Maintenance Workshop,crane operation,"shortly after the crew arrived, at the Maintenance Workshop, a vehicle operator was involved in crane operation near the pipeline corridor. The worker or crew moved into the work area while an important safeguard was still being checked. This created a situation involving temporary loss of a protective barrier. The supervisor intervened before the task could continue.",English,YES,Barrier failure,Unsafe position observed,Line of Fire,Critical,Yes
V3-0466,Unsafe Condition,Tank Farm,lifting operation,"during routine field activity, at the Tank Farm, the electrical crew was involved in lifting operation near the valve station. Before the task progressed, the team confirmed that the access route was clear. The required safeguards were available. The activity continued under the planned controls.",English,NO,No credible precursor identified,Precaution confirmed,Energy Isolation,Routine,No
V3-0909,Near Miss,Pipeline Station 3,vessel cleaning,"at the start of the work period, at the Pipeline Station 3, the electrical crew was involved in vessel cleaning near the utility yard. The worker or crew began work before the isolation status was fully verified. This created a situation involving unexpected pressure in the process line. The supervisor stopped the activity and moved the crew to a safe location.",English,YES,Control failure,Barrier ineffective,Confined Space,High,Yes
V3-0952,Near Miss,Compressor Station 2,vessel cleaning,"during routine field activity, at the Compressor Station 2, the inspection team was involved in vessel cleaning near the utility yard. The worker or crew started the task before the required control had been confirmed. This created a situation involving an active energy source that had not been fully controlled. The operation was halted until the required protection was established.",English,YES,Uncontrolled hazard,Personnel exposed to hazard,Energy Isolation,Critical,Yes
V3-0695,Unsafe Condition,Gas Processing Unit,electrical maintenance,"during a planned maintenance window, at the Gas Processing Unit, the site team was involved in electrical maintenance near the tank farm. Before the task progressed, the team reviewed the isolation status before starting. The required safeguards were available. No significant control breakdown was identified.",English,NO,No credible precursor identified,No personnel exposure,Confined Space,Routine,No
V3-1130,Near Miss,Compressor Station 2,lifting operation,"shortly after the crew arrived, at the Compressor Station 2, the lifting team was involved in lifting operation near the process line. The worker or crew moved into the work area while an important safeguard was still being checked. This created a situation involving exposure to an energized component. Work was suspended until the missing control was restored.",English,YES,Control failure,Unexpected hazard identified,Hot Work,High,Yes
V3-0954,Near Miss,Production Area B,vessel cleaning,"while preparing the work area, at the Production Area B, the electrical crew was involved in vessel cleaning near the workshop. The worker or crew approached the operating equipment without maintaining the expected separation. This created a situation involving movement of a vehicle through the work area. The team withdrew from the area and reassessed the work conditions.",English,YES,Barrier failure,Personnel exposed to hazard,Energy Isolation,High,Yes
V3-1362,Unsafe Condition,Drilling Site,grinding,"during routine field activity, at the Drilling Site, a contractor was involved in grinding near the loading point. The worker or crew continued the activity after a required barrier was found to be ineffective. This created a situation involving possible release of stored energy. The area was isolated while the condition was investigated.",English,YES,Control failure,Unsafe position observed,Energy Isolation,High,Yes
V3-1300,Unsafe Condition,Tank Farm,pipeline repair,"shortly after the crew arrived, at the Tank Farm, a vehicle operator was involved in pipeline repair near the valve station. The worker or crew positioned personnel closer to the active equipment than permitted. This created a situation involving loss of separation from operating machinery. The supervisor stopped the activity and moved the crew to a safe location.",English,YES,Energy exposure,Unexpected hazard identified,Hot Work,High,Yes
V3-1495,Unsafe Condition,Tank Farm,vehicle movement,"during the afternoon shift, at the Tank Farm, a maintenance technician was involved in vehicle movement near the pump area. The worker or crew approached the operating equipment without maintaining the expected separation. This created a situation involving uncontrolled movement of a suspended load. The supervisor intervened before the task could continue.",English,YES,Unsafe positioning,Control not verified,Energy Isolation,High,Yes
V3-1163,Near Miss,Compressor Station 2,electrical maintenance,"at the start of the work period, at the Compressor Station 2, a field operator was involved in electrical maintenance near the process line. The worker or crew continued preparation while a critical control remained incomplete. This created a situation involving unexpected pressure in the process line. The operation was halted until the required protection was established.",English,YES,Barrier failure,Personnel exposed to hazard,Confined Space,Critical,Yes
V3-0978,Near Miss,Tank Farm,crane operation,"shortly after the crew arrived, at the Tank Farm, a maintenance technician was involved in crane operation near the electrical room. The worker or crew started the task before the required control had been confirmed. This created a situation involving possible release of stored energy. The supervisor intervened before the task could continue.",English,YES,Unsafe positioning,Unsafe position observed,Confined Space,High,Yes
V3-0114,Unsafe Act,Maintenance Workshop,crane operation,"while preparing the work area, at the Maintenance Workshop, A worker reported a minor equipment defect that did not affect the active task and the item was tagged for follow-up. The observation was associated with crane operation near the storage area. The equipment remained isolated from personnel activity. The team corrected the issue before normal work continued.",English,NO,No credible precursor identified,No personnel exposure,Energy Isolation,Routine,No
V3-0411,Unsafe Act,Production Area B,welding,"during routine field activity, at the Production Area B, A worker noticed a loose hand tool on the work platform and secured it before the task began. The observation was associated with welding near the workshop. The task had not started when the issue was identified. The team corrected the issue before normal work continued.",English,NO,No credible precursor identified,Precaution confirmed,Hot Work,Low,No
V3-1466,Unsafe Act,Production Area B,pipeline repair,"before the evening shutdown, at the Production Area B, the site team was involved in pipeline repair near the compressor bay. The worker or crew approached the operating equipment without maintaining the expected separation. This created a situation involving unexpected movement of equipment. The area was isolated while the condition was investigated.",English,YES,Energy exposure,Control not verified,Energy Isolation,Critical,Yes
V3-0849,Unsafe Condition,Gas Processing Unit,vessel cleaning,"during a planned maintenance window, at the Gas Processing Unit, the site team was involved in vessel cleaning near the utility yard. The worker or crew began work before the isolation status was fully verified. This created a situation involving possible release of stored energy. The supervisor intervened before the task could continue.",English,YES,Energy exposure,Barrier ineffective,Energy Isolation,Critical,Yes
V3-0390,Unsafe Condition,Utility Section,pipeline repair,"during a planned maintenance window, at the Utility Section, a vehicle operator was involved in pipeline repair near the loading point. Before the task progressed, the team reviewed the work instructions before starting. The planned precautions were maintained. The work proceeded without an uncontrolled change in conditions.",English,NO,No credible precursor identified,Procedure followed,Energy Isolation,Low,No
V3-1444,Near Miss,Pipeline Station 3,tank entry,"during the afternoon shift, at the Pipeline Station 3, a welding crew was involved in tank entry near the maintenance area. The worker or crew started the operation while another crew was still working inside the affected area. This created a situation involving unexpected movement of equipment. The operation was halted until the required protection was established.",English,YES,Energy exposure,Unexpected hazard identified,Confined Space,Critical,Yes
V3-0630,Near Miss,Refinery Area A,tank entry,"at the start of the work period, at the Refinery Area A, the electrical crew was involved in tank entry near the equipment bay. Before the task progressed, the team checked the condition of the equipment before use. The supervisor remained available. The work proceeded without an uncontrolled change in conditions.",English,NO,No credible precursor identified,Work area controlled,Hot Work,Low,No
V3-0153,Unsafe Condition,Loading Terminal,vehicle movement,"during routine field activity, at the Loading Terminal, the maintenance group was involved in vehicle movement near the elevated work platform. Before the task progressed, the team reviewed the work instructions before starting. The planned precautions were maintained. The observation did not identify a credible high-consequence exposure.",English,NO,No credible precursor identified,Control verified,Confined Space,Routine,No
V3-0881,Unsafe Act,Utility Section,grinding,"during the afternoon shift, at the Utility Section, a vehicle operator was involved in grinding near the pump area. The worker or crew proceeded with the task after an unexpected change in conditions. This created a situation involving loss of separation from operating machinery. The crew stopped work and the control measures were reviewed.",English,YES,Energy exposure,Unexpected hazard identified,Confined Space,Critical,Yes
V3-0121,Unsafe Act,Refinery Area A,vehicle movement,"while preparing the work area, at the Refinery Area A, A temporary access obstruction was identified and removed before personnel entered the area. The observation was associated with vehicle movement near the tank farm. No person was exposed to the condition. The team corrected the issue before normal work continued.",English,NO,No credible precursor identified,Work area controlled,Energy Isolation,Routine,No
V3-0669,Unsafe Condition,Pipeline Station 3,grinding,"during a planned maintenance window, at the Pipeline Station 3, A warning sign had shifted from its original position and was restored before work started. The observation was associated with grinding near the process line. The crew maintained the required separation throughout. The team corrected the issue before normal work continued.",English,NO,No credible precursor identified,No personnel exposure,Hot Work,Routine,No
V3-0822,Unsafe Condition,Drilling Site,vehicle movement,"shortly after the crew arrived, at the Drilling Site, a vehicle operator was involved in vehicle movement near the tank farm. The worker or crew continued the activity after a required barrier was found to be ineffective. This created a situation involving an active energy source that had not been fully controlled. The area was isolated while the condition was investigated.",English,YES,Control failure,Personnel exposed to hazard,Hot Work,High,Yes
V3-0031,Near Miss,Loading Terminal,crane operation,"during routine field activity, at the Loading Terminal, A worker noticed a loose hand tool on the work platform and secured it before the task began. The observation was associated with crane operation near the loading point. The observation involved housekeeping rather than an active energy source. The team corrected the issue before normal work continued.",English,NO,No credible precursor identified,Control verified,Line of Fire,Routine,No
V3-0284,Near Miss,Loading Terminal,compressor maintenance,"during the morning shift, at the Loading Terminal, the lifting team was involved in compressor maintenance near the utility yard. Before the task progressed, the team inspected the surrounding area before beginning. The supervisor remained available. The activity continued under the planned controls.",English,NO,No credible precursor identified,No personnel exposure,Hot Work,Routine,No
V3-0285,Unsafe Act,Refinery Area A,tank entry,"during routine field activity, at the Refinery Area A, A routine inspection identified a small housekeeping deviation with no personnel exposure. The observation was associated with tank entry near the compressor bay. The observation involved housekeeping rather than an active energy source. The team corrected the issue before normal work continued.",English,NO,No credible precursor identified,Work area controlled,Energy Isolation,Low,No
V3-1328,Unsafe Condition,Tank Farm,pipeline repair,"during a planned maintenance window, at the Tank Farm, a maintenance technician was involved in pipeline repair near the workshop. The worker or crew continued preparation while a critical control remained incomplete. This created a situation involving unexpected pressure in the process line. Work was suspended until the missing control was restored.",English,YES,Unsafe positioning,Barrier ineffective,Energy Isolation,High,Yes
V3-0574,Unsafe Condition,Gas Processing Unit,electrical maintenance,"during the afternoon shift, at the Gas Processing Unit, A worker noticed a loose hand tool on the work platform and secured it before the task began. The observation was associated with electrical maintenance near the compressor bay. The equipment remained isolated from personnel activity. The team corrected the issue before normal work continued.",English,NO,No credible precursor identified,Precaution confirmed,Hot Work,Low,No
V3-1383,Near Miss,Utility Section,crane operation,"before the evening shutdown, at the Utility Section, a contractor was involved in crane operation near the pump area. The worker or crew continued the activity after a required barrier was found to be ineffective. This created a situation involving uncontrolled movement of a suspended load. The supervisor intervened before the task could continue.",English,YES,Energy exposure,Unexpected hazard identified,Line of Fire,High,Yes
V3-0393,Near Miss,Maintenance Workshop,welding,"while preparing the work area, at the Maintenance Workshop, a contractor was involved in welding near the utility yard. Before the task progressed, the team confirmed that the access route was clear. The work area remained controlled. No significant control breakdown was identified.",English,NO,No credible precursor identified,No personnel exposure,Line of Fire,Low,No
V3-0139,Near Miss,Compressor Station 2,tank entry,"during routine field activity, at the Compressor Station 2, A worker reported a minor equipment defect that did not affect the active task and the item was tagged for follow-up. The observation was associated with tank entry near the tank farm. No person was exposed to the condition. The team corrected the issue before normal work continued.",English,NO,No credible precursor identified,No personnel exposure,Energy Isolation,Routine,No
V3-0133,Safety Observation,Production Area B,pipeline repair,"while preparing the work area, at the Production Area B, A small housekeeping issue was observed beside the work area and was corrected immediately. The observation was associated with pipeline repair near the compressor bay. The observation involved housekeeping rather than an active energy source. The team corrected the issue before normal work continued.",English,NO,No credible precursor identified,Work area controlled,Energy Isolation,Routine,No
V3-0440,Safety Observation,Refinery Area A,welding,"during routine field activity, at the Refinery Area A, a vehicle operator was involved in welding near the maintenance area. Before the task progressed, the team checked the condition of the equipment before use. The work authorization was valid. No hazardous deviation was observed.",English,NO,No credible precursor identified,Control verified,Confined Space,Low,No
V3-0409,Near Miss,Drilling Site,crane operation,"shortly after the crew arrived, at the Drilling Site, A worker noticed a loose hand tool on the work platform and secured it before the task began. The observation was associated with crane operation near the storage area. The observation involved housekeeping rather than an active energy source. The team corrected the issue before normal work continued.",English,NO,No credible precursor identified,Procedure followed,Hot Work,Low,No
V3-0213,Unsafe Act,Gas Processing Unit,welding,"during a planned maintenance window, at the Gas Processing Unit, The crew found minor surface damage on a non-critical component during inspection and reported it for maintenance. The observation was associated with welding near the storage area. No person was exposed to the condition. The team corrected the issue before normal work continued.",English,NO,No credible precursor identified,Precaution confirmed,Energy Isolation,Low,No
V3-1187,Unsafe Act,Loading Terminal,electrical maintenance,"while preparing the work area, at the Loading Terminal, a maintenance technician was involved in electrical maintenance near the elevated work platform. The worker or crew began work before the isolation status was fully verified. This created a situation involving unexpected movement of equipment. Work was suspended until the missing control was restored.",English,YES,Unsafe positioning,Unsafe position observed,Confined Space,High,Yes
V3-0768,Unsafe Act,Loading Terminal,grinding,"during routine field activity, at the Loading Terminal, a vehicle operator was involved in grinding near the compressor bay. The worker or crew entered the restricted area before the required authorization was confirmed. This created a situation involving an active energy source that had not been fully controlled. The activity was paused and the affected equipment was secured.",English,YES,Unsafe positioning,Unsafe position observed,Confined Space,High,Yes
V3-0831,Unsafe Condition,Tank Farm,crane operation,"during a planned maintenance window, at the Tank Farm, a maintenance technician was involved in crane operation near the utility yard. The worker or crew began work before the isolation status was fully verified. This created a situation involving uncontrolled movement of a suspended load. The crew stopped work and the control measures were reviewed.",English,YES,Control failure,Unexpected hazard identified,Line of Fire,High,Yes
V3-0682,Unsafe Condition,Utility Section,tank entry,"during a planned maintenance window, at the Utility Section, a vehicle operator was involved in tank entry near the equipment bay. Before the task progressed, the team verified the required authorization. The required safeguards were available. The activity continued under the planned controls.",English,NO,No credible precursor identified,Precaution confirmed,Confined Space,Low,No
V3-0414,Safety Observation,Maintenance Workshop,vessel cleaning,"during the afternoon shift, at the Maintenance Workshop, A routine inspection identified a small housekeeping deviation with no personnel exposure. The observation was associated with vessel cleaning near the process line. The condition was corrected before it could affect the work. The team corrected the issue before normal work continued.",English,NO,No credible precursor identified,Procedure followed,Hot Work,Routine,No
V3-1090,Near Miss,Drilling Site,compressor maintenance,"during the morning shift, at the Drilling Site, the lifting team was involved in compressor maintenance near the valve station. The worker or crew proceeded with the task after an unexpected change in conditions. This created a situation involving movement of a vehicle through the work area. The crew stopped work and the control measures were reviewed.",English,YES,Unsafe positioning,Control not verified,Hot Work,High,Yes
V3-0834,Unsafe Condition,Gas Processing Unit,electrical maintenance,"during the afternoon shift, at the Gas Processing Unit, the site team was involved in electrical maintenance near the tank farm. The worker or crew positioned personnel closer to the active equipment than permitted. This created a situation involving unexpected pressure in the process line. The supervisor intervened before the task could continue.",English,YES,Unsafe positioning,Barrier ineffective,Hot Work,High,Yes
V3-0610,Near Miss,Maintenance Workshop,crane operation,"shortly after the crew arrived, at the Maintenance Workshop, A routine inspection identified a small housekeeping deviation with no personnel exposure. The observation was associated with crane operation near the electrical room. The affected item was outside the active work path. The team corrected the issue before normal work continued.",English,NO,No credible precursor identified,No personnel exposure,Hot Work,Low,No
V3-0561,Unsafe Act,Production Area B,crane operation,"during routine field activity, at the Production Area B, a maintenance technician was involved in crane operation near the equipment bay. Before the task progressed, the team confirmed that the access route was clear. The required separation was maintained. No significant control breakdown was identified.",English,NO,No credible precursor identified,Control verified,Line of Fire,Routine,No
V3-1011,Unsafe Condition,Gas Processing Unit,crane operation,"at the start of the work period, at the Gas Processing Unit, a welding crew was involved in crane operation near the workshop. The worker or crew started the task before the required control had been confirmed. This created a situation involving loss of separation from operating machinery. The team withdrew from the area and reassessed the work conditions.",English,YES,Barrier failure,Unexpected hazard identified,Line of Fire,High,Yes
V3-0982,Unsafe Act,Pipeline Station 3,tank entry,"at the start of the work period, at the Pipeline Station 3, the electrical crew was involved in tank entry near the compressor bay. The worker or crew started the operation while another crew was still working inside the affected area. This created a situation involving exposure to an energized component. The team withdrew from the area and reassessed the work conditions.",English,YES,Unsafe positioning,Barrier ineffective,Confined Space,High,Yes
V3-1113,Near Miss,Refinery Area A,vessel cleaning,"at the start of the work period, at the Refinery Area A, a maintenance technician was involved in vessel cleaning near the compressor bay. The worker or crew started the task before the required control had been confirmed. This created a situation involving an active energy source that had not been fully controlled. Work was suspended until the missing control was restored.",English,YES,Barrier failure,Unsafe position observed,Confined Space,Critical,Yes
V3-0452,Unsafe Condition,Compressor Station 2,pipeline repair,"during routine field activity, at the Compressor Station 2, A temporary access obstruction was identified and removed before personnel entered the area. The observation was associated with pipeline repair near the workshop. The equipment remained isolated from personnel activity. The team corrected the issue before normal work continued.",English,NO,No credible precursor identified,Procedure followed,Line of Fire,Low,No
V3-0276,Safety Observation,Gas Processing Unit,compressor maintenance,"before the evening shutdown, at the Gas Processing Unit, the inspection team was involved in compressor maintenance near the compressor bay. Before the task progressed, the team inspected the surrounding area before beginning. The work authorization was valid. No hazardous deviation was observed.",English,NO,No credible precursor identified,Work area controlled,Hot Work,Routine,No
V3-0797,Unsafe Condition,Pipeline Station 3,crane operation,"while preparing the work area, at the Pipeline Station 3, the electrical crew was involved in crane operation near the production unit. The worker or crew continued the activity after a required barrier was found to be ineffective. This created a situation involving an unplanned change in the work environment. The operation was halted until the required protection was established.",English,YES,Uncontrolled hazard,Barrier ineffective,Energy Isolation,Critical,Yes
V3-0988,Near Miss,Maintenance Workshop,welding,"while preparing the work area, at the Maintenance Workshop, the lifting team was involved in welding near the elevated work platform. The worker or crew entered the restricted area before the required authorization was confirmed. This created a situation involving unexpected movement of equipment. The supervisor stopped the activity and moved the crew to a safe location.",English,YES,Barrier failure,Unsafe position observed,Energy Isolation,High,Yes
V3-1440,Unsafe Act,Production Area B,electrical maintenance,"before the evening shutdown, at the Production Area B, the lifting team was involved in electrical maintenance near the electrical room. The worker or crew began work before the isolation status was fully verified. This created a situation involving an active energy source that had not been fully controlled. The crew stopped work and the control measures were reviewed.",English,YES,Uncontrolled hazard,Personnel exposed to hazard,Line of Fire,Critical,Yes
V3-1355,Unsafe Act,Pipeline Station 3,vehicle movement,"during the afternoon shift, at the Pipeline Station 3, the site team was involved in vehicle movement near the loading point. The worker or crew continued preparation while a critical control remained incomplete. This created a situation involving unexpected pressure in the process line. The supervisor intervened before the task could continue.",English,YES,Energy exposure,Personnel exposed to hazard,Hot Work,Critical,Yes
V3-0598,Unsafe Condition,Refinery Area A,pipeline repair,"during a planned maintenance window, at the Refinery Area A, A worker reported a minor equipment defect that did not affect the active task and the item was tagged for follow-up. The observation was associated with pipeline repair near the equipment bay. The observation involved housekeeping rather than an active energy source. The team corrected the issue before normal work continued.",English,NO,No credible precursor identified,Control verified,Hot Work,Routine,No
V3-0351,Unsafe Act,Production Area B,lifting operation,"before the evening shutdown, at the Production Area B, A small housekeeping issue was observed beside the work area and was corrected immediately. The observation was associated with lifting operation near the workshop. The observation involved housekeeping rather than an active energy source. The team corrected the issue before normal work continued.",English,NO,No credible precursor identified,Work area controlled,Confined Space,Routine,No
V3-0502,Safety Observation,Refinery Area A,electrical maintenance,"during the afternoon shift, at the Refinery Area A, a vehicle operator was involved in electrical maintenance near the production unit. Before the task progressed, the team completed the pre-job safety discussion. The work area remained controlled. The planned barriers remained effective during the observation.",English,NO,No credible precursor identified,Precaution confirmed,Energy Isolation,Routine,No
V3-1097,Unsafe Condition,Pipeline Station 3,crane operation,"during a planned maintenance window, at the Pipeline Station 3, a contractor was involved in crane operation near the valve station. The worker or crew continued preparation while a critical control remained incomplete. This created a situation involving unexpected pressure in the process line. Work was suspended until the missing control was restored.",English,YES,Unsafe positioning,Personnel exposed to hazard,Hot Work,High,Yes
V3-1268,Unsafe Act,Drilling Site,compressor maintenance,"at the start of the work period, at the Drilling Site, the maintenance group was involved in compressor maintenance near the pipeline corridor. The worker or crew started the operation while another crew was still working inside the affected area. This created a situation involving unexpected pressure in the process line. The area was isolated while the condition was investigated.",English,YES,Unsafe positioning,Control not verified,Confined Space,Critical,Yes
V3-1206,Unsafe Act,Utility Section,compressor maintenance,"during a planned maintenance window, at the Utility Section, a contractor was involved in compressor maintenance near the process line. The worker or crew continued preparation while a critical control remained incomplete. This created a situation involving loss of separation from operating machinery. Work was suspended until the missing control was restored.",English,YES,Barrier failure,Barrier ineffective,Confined Space,High,Yes
V3-0937,Unsafe Condition,Pipeline Station 3,lifting operation,"during the morning shift, at the Pipeline Station 3, the inspection team was involved in lifting operation near the pump area. The worker or crew continued the activity after a required barrier was found to be ineffective. This created a situation involving an active energy source that had not been fully controlled. The team withdrew from the area and reassessed the work conditions.",English,YES,Unsafe positioning,Unsafe position observed,Energy Isolation,Critical,Yes
V3-1036,Near Miss,Production Area B,compressor maintenance,"before the evening shutdown, at the Production Area B, the site team was involved in compressor maintenance near the electrical room. The worker or crew approached the operating equipment without maintaining the expected separation. This created a situation involving unexpected pressure in the process line. The activity was paused and the affected equipment was secured.",English,YES,Unsafe positioning,Unexpected hazard identified,Energy Isolation,High,Yes
V3-0192,Unsafe Condition,Pipeline Station 3,lifting operation,"during routine field activity, at the Pipeline Station 3, a contractor was involved in lifting operation near the compressor bay. Before the task progressed, the team checked the condition of the equipment before use. The work area remained controlled. The surrounding conditions remained stable throughout the task.",English,NO,No credible precursor identified,Work area controlled,Hot Work,Routine,No
V3-0442,Safety Observation,Gas Processing Unit,welding,"during the morning shift, at the Gas Processing Unit, the inspection team was involved in welding near the maintenance area. Before the task progressed, the team confirmed that the access route was clear. The access controls remained in place. No significant control breakdown was identified.",English,NO,No credible precursor identified,Precaution confirmed,Hot Work,Routine,No
V3-1010,Unsafe Condition,Compressor Station 2,compressor maintenance,"shortly after the crew arrived, at the Compressor Station 2, a maintenance technician was involved in compressor maintenance near the maintenance area. The worker or crew started the operation while another crew was still working inside the affected area. This created a situation involving temporary loss of a protective barrier. The supervisor stopped the activity and moved the crew to a safe location.",English,YES,Barrier failure,Unsafe position observed,Line of Fire,High,Yes
V3-0919,Near Miss,Tank Farm,electrical maintenance,"before the evening shutdown, at the Tank Farm, a welding crew was involved in electrical maintenance near the workshop. The worker or crew started the task before the required control had been confirmed. This created a situation involving an active energy source that had not been fully controlled. The team withdrew from the area and reassessed the work conditions.",English,YES,Control failure,Personnel exposed to hazard,Energy Isolation,Critical,Yes
V3-0995,Unsafe Act,Production Area B,tank entry,"during a planned maintenance window, at the Production Area B, the lifting team was involved in tank entry near the valve station. The worker or crew positioned personnel closer to the active equipment than permitted. This created a situation involving an active energy source that had not been fully controlled. The activity was paused and the affected equipment was secured.",English,YES,Control failure,Unexpected hazard identified,Hot Work,High,Yes
V3-0028,Safety Observation,Refinery Area A,welding,"during routine field activity, at the Refinery Area A, A worker reported a minor equipment defect that did not affect the active task and the item was tagged for follow-up. The observation was associated with welding near the loading point. The task had not started when the issue was identified. The team corrected the issue before normal work continued.",English,NO,No credible precursor identified,Procedure followed,Energy Isolation,Low,No
V3-0969,Near Miss,Utility Section,grinding,"during routine field activity, at the Utility Section, a vehicle operator was involved in grinding near the compressor bay. The worker or crew entered the restricted area before the required authorization was confirmed. This created a situation involving exposure to an energized component. The operation was halted until the required protection was established.",English,YES,Control failure,Unexpected hazard identified,Hot Work,Critical,Yes
V3-0892,Near Miss,Tank Farm,vehicle movement,"before the evening shutdown, at the Tank Farm, a field operator was involved in vehicle movement near the pipeline corridor. The worker or crew entered the restricted area before the required authorization was confirmed. This created a situation involving unexpected movement of equipment. The crew stopped work and the control measures were reviewed.",English,YES,Unsafe positioning,Unexpected hazard identified,Hot Work,High,Yes
V3-1418,Unsafe Act,Utility Section,welding,"at the start of the work period, at the Utility Section, the maintenance group was involved in welding near the production unit. The worker or crew continued the activity after a required barrier was found to be ineffective. This created a situation involving an active energy source that had not been fully controlled. The operation was halted until the required protection was established.",English,YES,Uncontrolled hazard,Unsafe position observed,Energy Isolation,Critical,Yes
V3-0174,Near Miss,Utility Section,pipeline repair,"during a planned maintenance window, at the Utility Section, a field operator was involved in pipeline repair near the process line. Before the task progressed, the team reviewed the isolation status before starting. The required separation was maintained. The planned barriers remained effective during the observation.",English,NO,No credible precursor identified,Work area controlled,Confined Space,Routine,No
V3-0333,Unsafe Condition,Tank Farm,welding,"during routine field activity, at the Tank Farm, A routine inspection identified a small housekeeping deviation with no personnel exposure. The observation was associated with welding near the equipment bay. The condition was corrected before it could affect the work. The team corrected the issue before normal work continued.",English,NO,No credible precursor identified,No personnel exposure,Hot Work,Routine,No
V3-0639,Safety Observation,Drilling Site,vehicle movement,"during routine field activity, at the Drilling Site, the inspection team was involved in vehicle movement near the pump area. Before the task progressed, the team inspected the surrounding area before beginning. The access controls remained in place. The activity continued under the planned controls.",English,NO,No credible precursor identified,Work area controlled,Hot Work,Low,No
V3-1488,Unsafe Act,Tank Farm,vessel cleaning,"while preparing the work area, at the Tank Farm, a welding crew was involved in vessel cleaning near the compressor bay. The worker or crew continued preparation while a critical control remained incomplete. This created a situation involving temporary loss of a protective barrier. The operation was halted until the required protection was established.",English,YES,Uncontrolled hazard,Control not verified,Line of Fire,Critical,Yes
V3-0270,Near Miss,Tank Farm,crane operation,"shortly after the crew arrived, at the Tank Farm, the site team was involved in crane operation near the storage area. Before the task progressed, the team checked the condition of the lifting equipment. The access controls remained in place. No significant control breakdown was identified.",English,NO,No credible precursor identified,Procedure followed,Energy Isolation,Low,No
V3-0701,Safety Observation,Drilling Site,lifting operation,"during the morning shift, at the Drilling Site, A temporary access obstruction was identified and removed before personnel entered the area. The observation was associated with lifting operation near the tank farm. The condition was corrected before it could affect the work. The team corrected the issue before normal work continued.",English,NO,No credible precursor identified,No personnel exposure,Line of Fire,Routine,No
V3-1093,Unsafe Condition,Refinery Area A,vehicle movement,"before the evening shutdown, at the Refinery Area A, the inspection team was involved in vehicle movement near the pump area. The worker or crew continued the activity after a required barrier was found to be ineffective. This created a situation involving uncontrolled movement of a suspended load. The activity was paused and the affected equipment was secured.",English,YES,Uncontrolled hazard,Unsafe position observed,Confined Space,Critical,Yes
V3-0135,Unsafe Condition,Production Area B,compressor maintenance,"before the evening shutdown, at the Production Area B, A routine inspection identified a small housekeeping deviation with no personnel exposure. The observation was associated with compressor maintenance near the utility yard. The affected item was outside the active work path. The team corrected the issue before normal work continued.",English,NO,No credible precursor identified,Control verified,Line of Fire,Low,No
V3-0187,Unsafe Act,Drilling Site,crane operation,"during routine field activity, at the Drilling Site, a welding crew was involved in crane operation near the electrical room. Before the task progressed, the team inspected the surrounding area before beginning. The approved sequence was followed. The activity continued under the planned controls.",English,NO,No credible precursor identified,Work area controlled,Line of Fire,Routine,No
V3-1445,Near Miss,Pipeline Station 3,compressor maintenance,"before the evening shutdown, at the Pipeline Station 3, a contractor was involved in compressor maintenance near the pipeline corridor. The worker or crew started the task before the required control had been confirmed. This created a situation involving exposure to an energized component. The team withdrew from the area and reassessed the work conditions.",English,YES,Unsafe positioning,Barrier ineffective,Energy Isolation,High,Yes
V3-1047,Unsafe Act,Production Area B,compressor maintenance,"during a planned maintenance window, at the Production Area B, a maintenance technician was involved in compressor maintenance near the maintenance area. The worker or crew continued preparation while a critical control remained incomplete. This created a situation involving loss of separation from operating machinery. The activity was paused and the affected equipment was secured.",English,YES,Energy exposure,Personnel exposed to hazard,Confined Space,High,Yes
V3-1172,Unsafe Condition,Pipeline Station 3,compressor maintenance,"during the morning shift, at the Pipeline Station 3, a welding crew was involved in compressor maintenance near the loading point. The worker or crew positioned personnel closer to the active equipment than permitted. This created a situation involving an unplanned change in the work environment. The supervisor stopped the activity and moved the crew to a safe location.",English,YES,Barrier failure,Control not verified,Hot Work,Critical,Yes
V3-0252,Safety Observation,Loading Terminal,vehicle movement,"during the morning shift, at the Loading Terminal, The crew found minor surface damage on a non-critical component during inspection and reported it for maintenance. The observation was associated with vehicle movement near the valve station. The equipment remained isolated from personnel activity. The team corrected the issue before normal work continued.",English,NO,No credible precursor identified,Procedure followed,Energy Isolation,Routine,No
V3-1414,Near Miss,Drilling Site,electrical maintenance,"during the afternoon shift, at the Drilling Site, the site team was involved in electrical maintenance near the loading point. The worker or crew continued the activity after a required barrier was found to be ineffective. This created a situation involving temporary loss of a protective barrier. The team withdrew from the area and reassessed the work conditions.",English,YES,Control failure,Personnel exposed to hazard,Hot Work,Critical,Yes
V3-0124,Near Miss,Refinery Area A,crane operation,"during the morning shift, at the Refinery Area A, A routine inspection identified a small housekeeping deviation with no personnel exposure. The observation was associated with crane operation near the pump area. The equipment remained isolated from personnel activity. The team corrected the issue before normal work continued.",English,NO,No credible precursor identified,Control verified,Confined Space,Low,No
V3-0646,Safety Observation,Loading Terminal,pipeline repair,"shortly after the crew arrived, at the Loading Terminal, a contractor was involved in pipeline repair near the process line. Before the task progressed, the team checked the condition of the lifting equipment. The work area remained controlled. The surrounding conditions remained stable throughout the task.",English,NO,No credible precursor identified,Procedure followed,Confined Space,Low,No
V3-1184,Unsafe Condition,Refinery Area A,pipeline repair,"during the afternoon shift, at the Refinery Area A, the lifting team was involved in pipeline repair near the maintenance area. The worker or crew positioned personnel closer to the active equipment than permitted. This created a situation involving temporary loss of a protective barrier. Work was suspended until the missing control was restored.",English,YES,Barrier failure,Unsafe position observed,Hot Work,High,Yes
V3-0163,Safety Observation,Refinery Area A,vehicle movement,"shortly after the crew arrived, at the Refinery Area A, a welding crew was involved in vehicle movement near the storage area. Before the task progressed, the team confirmed that the access route was clear. The required separation was maintained. The crew completed the activity without a serious exposure.",English,NO,No credible precursor identified,Control verified,Confined Space,Low,No
V3-1173,Unsafe Condition,Pipeline Station 3,lifting operation,"during the afternoon shift, at the Pipeline Station 3, a contractor was involved in lifting operation near the loading point. The worker or crew continued the activity after a required barrier was found to be ineffective. This created a situation involving an unplanned change in the work environment. The team withdrew from the area and reassessed the work conditions.",English,YES,Energy exposure,Unexpected hazard identified,Confined Space,High,Yes
V3-0533,Near Miss,Refinery Area A,tank entry,"before the evening shutdown, at the Refinery Area A, A worker reported a minor equipment defect that did not affect the active task and the item was tagged for follow-up. The observation was associated with tank entry near the compressor bay. The affected item was outside the active work path. The team corrected the issue before normal work continued.",English,NO,No credible precursor identified,Precaution confirmed,Confined Space,Low,No
V3-0176,Unsafe Condition,Refinery Area A,vessel cleaning,"shortly after the crew arrived, at the Refinery Area A, the site team was involved in vessel cleaning near the equipment bay. Before the task progressed, the team verified the required authorization. The work area remained controlled. No significant control breakdown was identified.",English,NO,No credible precursor identified,No personnel exposure,Hot Work,Low,No
V3-0044,Unsafe Act,Refinery Area A,crane operation,"at the start of the work period, at the Refinery Area A, A temporary access obstruction was identified and removed before personnel entered the area. The observation was associated with crane operation near the compressor bay. The crew maintained the required separation throughout. The team corrected the issue before normal work continued.",English,NO,No credible precursor identified,No personnel exposure,Hot Work,Routine,No
V3-1398,Unsafe Condition,Gas Processing Unit,tank entry,"during routine field activity, at the Gas Processing Unit, the inspection team was involved in tank entry near the valve station. The worker or crew positioned personnel closer to the active equipment than permitted. This created a situation involving an active energy source that had not been fully controlled. The operation was halted until the required protection was established.",English,YES,Energy exposure,Personnel exposed to hazard,Line of Fire,Critical,Yes
V3-1032,Near Miss,Refinery Area A,grinding,"during the morning shift, at the Refinery Area A, a welding crew was involved in grinding near the tank farm. The worker or crew approached the operating equipment without maintaining the expected separation. This created a situation involving movement of a vehicle through the work area. The area was isolated while the condition was investigated.",English,YES,Unsafe positioning,Control not verified,Energy Isolation,Critical,Yes
V3-0597,Unsafe Condition,Refinery Area A,welding,"during routine field activity, at the Refinery Area A, the site team was involved in welding near the process line. Before the task progressed, the team reviewed the work instructions before starting. The equipment was within the approved operating condition. The planned barriers remained effective during the observation.",English,NO,No credible precursor identified,Control verified,Hot Work,Routine,No
V3-1327,Near Miss,Compressor Station 2,vessel cleaning,"while preparing the work area, at the Compressor Station 2, a contractor was involved in vessel cleaning near the electrical room. The worker or crew continued preparation while a critical control remained incomplete. This created a situation involving temporary loss of a protective barrier. The area was isolated while the condition was investigated.",English,YES,Uncontrolled hazard,Unsafe position observed,Line of Fire,Critical,Yes
V3-0538,Unsafe Condition,Drilling Site,tank entry,"at the start of the work period, at the Drilling Site, a vehicle operator was involved in tank entry near the maintenance area. Before the task progressed, the team inspected the surrounding area before beginning. The access controls remained in place. The crew completed the activity without a serious exposure.",English,NO,No credible precursor identified,Work area controlled,Line of Fire,Low,No
V3-0388,Safety Observation,Refinery Area A,pipeline repair,"at the start of the work period, at the Refinery Area A, a welding crew was involved in pipeline repair near the valve station. Before the task progressed, the team reviewed the isolation status before starting. The planned precautions were maintained. The planned barriers remained effective during the observation.",English,NO,No credible precursor identified,Control verified,Hot Work,Routine,No
V3-0865,Near Miss,Loading Terminal,crane operation,"at the start of the work period, at the Loading Terminal, the electrical crew was involved in crane operation near the workshop. The worker or crew continued the activity after a required barrier was found to be ineffective. This created a situation involving an active energy source that had not been fully controlled. The supervisor stopped the activity and moved the crew to a safe location.",English,YES,Barrier failure,Barrier ineffective,Hot Work,Critical,Yes
V3-1359,Unsafe Act,Pipeline Station 3,grinding,"during routine field activity, at the Pipeline Station 3, a welding crew was involved in grinding near the utility yard. The worker or crew began work before the isolation status was fully verified. This created a situation involving an unplanned change in the work environment. The crew stopped work and the control measures were reviewed.",English,YES,Control failure,Unsafe position observed,Energy Isolation,High,Yes
V3-0877,Unsafe Condition,Compressor Station 2,grinding,"before the evening shutdown, at the Compressor Station 2, a field operator was involved in grinding near the process line. The worker or crew moved into the work area while an important safeguard was still being checked. This created a situation involving uncontrolled movement of a suspended load. The supervisor intervened before the task could continue.",English,YES,Unsafe positioning,Barrier ineffective,Confined Space,High,Yes
V3-0541,Unsafe Act,Pipeline Station 3,electrical maintenance,"shortly after the crew arrived, at the Pipeline Station 3, the electrical crew was involved in electrical maintenance near the workshop. Before the task progressed, the team confirmed the work boundary with the supervisor. The required safeguards were available. The planned barriers remained effective during the observation.",English,NO,No credible precursor identified,Precaution confirmed,Line of Fire,Low,No
V3-1468,Unsafe Condition,Loading Terminal,vehicle movement,"during a planned maintenance window, at the Loading Terminal, the inspection team was involved in vehicle movement near the storage area. The worker or crew started the operation while another crew was still working inside the affected area. This created a situation involving loss of separation from operating machinery. The area was isolated while the condition was investigated.",English,YES,Barrier failure,Control not verified,Energy Isolation,High,Yes
V3-0650,Near Miss,Refinery Area A,lifting operation,"during a planned maintenance window, at the Refinery Area A, the inspection team was involved in lifting operation near the loading point. Before the task progressed, the team inspected the surrounding area before beginning. The approved sequence was followed. The crew completed the activity without a serious exposure.",English,NO,No credible precursor identified,Procedure followed,Energy Isolation,Low,No
V3-0426,Safety Observation,Pipeline Station 3,compressor maintenance,"during the afternoon shift, at the Pipeline Station 3, the electrical crew was involved in compressor maintenance near the workshop. Before the task progressed, the team reviewed the work instructions before starting. The team stayed within the designated work area. The work proceeded without an uncontrolled change in conditions.",English,NO,No credible precursor identified,No personnel exposure,Confined Space,Routine,No
V3-0318,Safety Observation,Tank Farm,vessel cleaning,"while preparing the work area, at the Tank Farm, a welding crew was involved in vessel cleaning near the electrical room. Before the task progressed, the team verified the required authorization. The required separation was maintained. No significant control breakdown was identified.",English,NO,No credible precursor identified,Control verified,Line of Fire,Routine,No
V3-0168,Safety Observation,Gas Processing Unit,welding,"during the morning shift, at the Gas Processing Unit, A worker reported a minor equipment defect that did not affect the active task and the item was tagged for follow-up. The observation was associated with welding near the elevated work platform. The equipment remained isolated from personnel activity. The team corrected the issue before normal work continued.",English,NO,No credible precursor identified,Precaution confirmed,Line of Fire,Routine,No
V3-0727,Safety Observation,Production Area B,compressor maintenance,"at the start of the work period, at the Production Area B, A temporary access obstruction was identified and removed before personnel entered the area. The observation was associated with compressor maintenance near the elevated work platform. The condition was corrected before it could affect the work. The team corrected the issue before normal work continued.",English,NO,No credible precursor identified,Control verified,Confined Space,Low,No
V3-0883,Unsafe Act,Production Area B,tank entry,"shortly after the crew arrived, at the Production Area B, the electrical crew was involved in tank entry near the production unit. The worker or crew approached the operating equipment without maintaining the expected separation. This created a situation involving uncontrolled movement of a suspended load. The crew stopped work and the control measures were reviewed.",English,YES,Control failure,Personnel exposed to hazard,Line of Fire,High,Yes
V3-0564,Near Miss,Pipeline Station 3,vehicle movement,"during a planned maintenance window, at the Pipeline Station 3, a maintenance technician was involved in vehicle movement near the loading point. Before the task progressed, the team checked the condition of the equipment before use. The work authorization was valid. The work proceeded without an uncontrolled change in conditions.",English,NO,No credible precursor identified,Precaution confirmed,Confined Space,Routine,No
V3-1191,Unsafe Act,Pipeline Station 3,pipeline repair,"at the start of the work period, at the Pipeline Station 3, a maintenance technician was involved in pipeline repair near the compressor bay. The worker or crew continued preparation while a critical control remained incomplete. This created a situation involving temporary loss of a protective barrier. The crew stopped work and the control measures were reviewed.",English,YES,Barrier failure,Personnel exposed to hazard,Confined Space,High,Yes
V3-0495,Unsafe Act,Gas Processing Unit,lifting operation,"before the evening shutdown, at the Gas Processing Unit, a vehicle operator was involved in lifting operation near the pump area. Before the task progressed, the team checked the condition of the lifting equipment. The team stayed within the designated work area. The work proceeded without an uncontrolled change in conditions.",English,NO,No credible precursor identified,Control verified,Line of Fire,Routine,No
V3-0485,Unsafe Act,Utility Section,crane operation,"shortly after the crew arrived, at the Utility Section, the electrical crew was involved in crane operation near the pipeline corridor. Before the task progressed, the team confirmed communication with the control room. The access controls remained in place. The observation did not identify a credible high-consequence exposure.",English,NO,No credible precursor identified,Control verified,Hot Work,Low,No
V3-0394,Unsafe Condition,Pipeline Station 3,tank entry,"while preparing the work area, at the Pipeline Station 3, a welding crew was involved in tank entry near the valve station. Before the task progressed, the team checked the condition of the lifting equipment. The work authorization was valid. The crew completed the activity without a serious exposure.",English,NO,No credible precursor identified,Precaution confirmed,Energy Isolation,Routine,No
V3-1021,Unsafe Condition,Maintenance Workshop,electrical maintenance,"at the start of the work period, at the Maintenance Workshop, a contractor was involved in electrical maintenance near the pipeline corridor. The worker or crew continued preparation while a critical control remained incomplete. This created a situation involving an active energy source that had not been fully controlled. Work was suspended until the missing control was restored.",English,YES,Barrier failure,Unexpected hazard identified,Hot Work,Critical,Yes
V3-0694,Safety Observation,Production Area B,pipeline repair,"during a planned maintenance window, at the Production Area B, a contractor was involved in pipeline repair near the utility yard. Before the task progressed, the team verified the required authorization. The work authorization was valid. The activity continued under the planned controls.",English,NO,No credible precursor identified,Work area controlled,Hot Work,Routine,No
V3-1318,Unsafe Act,Tank Farm,pipeline repair,"shortly after the crew arrived, at the Tank Farm, a maintenance technician was involved in pipeline repair near the utility yard. The worker or crew entered the restricted area before the required authorization was confirmed. This created a situation involving an active energy source that had not been fully controlled. The area was isolated while the condition was investigated.",English,YES,Uncontrolled hazard,Personnel exposed to hazard,Energy Isolation,High,Yes
V3-1147,Near Miss,Compressor Station 2,vehicle movement,"shortly after the crew arrived, at the Compressor Station 2, the site team was involved in vehicle movement near the elevated work platform. The worker or crew entered the restricted area before the required authorization was confirmed. This created a situation involving unexpected movement of equipment. The activity was paused and the affected equipment was secured.",English,YES,Energy exposure,Control not verified,Confined Space,Critical,Yes
V3-0199,Safety Observation,Maintenance Workshop,crane operation,"before the evening shutdown, at the Maintenance Workshop, the site team was involved in crane operation near the process line. Before the task progressed, the team confirmed that the access route was clear. The work area remained controlled. The planned barriers remained effective during the observation.",English,NO,No credible precursor identified,Procedure followed,Confined Space,Routine,No
V3-0874,Unsafe Condition,Pipeline Station 3,pipeline repair,"shortly after the crew arrived, at the Pipeline Station 3, the site team was involved in pipeline repair near the tank farm. The worker or crew moved into the work area while an important safeguard was still being checked. This created a situation involving an unplanned change in the work environment. The activity was paused and the affected equipment was secured.",English,YES,Energy exposure,Unexpected hazard identified,Confined Space,High,Yes
V3-1007,Unsafe Act,Gas Processing Unit,crane operation,"during routine field activity, at the Gas Processing Unit, a field operator was involved in crane operation near the valve station. The worker or crew entered the restricted area before the required authorization was confirmed. This created a situation involving an active energy source that had not been fully controlled. The team withdrew from the area and reassessed the work conditions.",English,YES,Energy exposure,Personnel exposed to hazard,Energy Isolation,High,Yes
V3-0611,Near Miss,Maintenance Workshop,pipeline repair,"while preparing the work area, at the Maintenance Workshop, a field operator was involved in pipeline repair near the electrical room. Before the task progressed, the team inspected the surrounding area before beginning. The required separation was maintained. The activity continued under the planned controls.",English,NO,No credible precursor identified,Control verified,Line of Fire,Low,No
V3-0980,Unsafe Condition,Refinery Area A,vessel cleaning,"while preparing the work area, at the Refinery Area A, a welding crew was involved in vessel cleaning near the pipeline corridor. The worker or crew started the operation while another crew was still working inside the affected area. This created a situation involving unexpected movement of equipment. The area was isolated while the condition was investigated.",English,YES,Uncontrolled hazard,Control not verified,Energy Isolation,High,Yes
V3-0789,Near Miss,Tank Farm,welding,"during a planned maintenance window, at the Tank Farm, the lifting team was involved in welding near the pipeline corridor. The worker or crew began work before the isolation status was fully verified. This created a situation involving possible release of stored energy. The supervisor stopped the activity and moved the crew to a safe location.",English,YES,Control failure,Control not verified,Hot Work,High,Yes
V3-0339,Near Miss,Tank Farm,vessel cleaning,"during routine field activity, at the Tank Farm, A worker noticed a loose hand tool on the work platform and secured it before the task began. The observation was associated with vessel cleaning near the compressor bay. The equipment remained isolated from personnel activity. The team corrected the issue before normal work continued.",English,NO,No credible precursor identified,Precaution confirmed,Hot Work,Low,No
V3-0662,Near Miss,Gas Processing Unit,vessel cleaning,"during routine field activity, at the Gas Processing Unit, the electrical crew was involved in vessel cleaning near the production unit. Before the task progressed, the team confirmed communication with the control room. The supervisor remained available. The surrounding conditions remained stable throughout the task.",English,NO,No credible precursor identified,Precaution confirmed,Line of Fire,Low,No
V3-0115,Near Miss,Tank Farm,pipeline repair,"before the evening shutdown, at the Tank Farm, A temporary access obstruction was identified and removed before personnel entered the area. The observation was associated with pipeline repair near the pipeline corridor. The condition was corrected before it could affect the work. The team corrected the issue before normal work continued.",English,NO,No credible precursor identified,Work area controlled,Confined Space,Routine,No
V3-0193,Unsafe Condition,Maintenance Workshop,vehicle movement,"before the evening shutdown, at the Maintenance Workshop, a maintenance technician was involved in vehicle movement near the equipment bay. Before the task progressed, the team checked the condition of the equipment before use. The required safeguards were available. The crew completed the activity without a serious exposure.",English,NO,No credible precursor identified,No personnel exposure,Confined Space,Low,No
V3-0173,Unsafe Act,Maintenance Workshop,vessel cleaning,"at the start of the work period, at the Maintenance Workshop, A routine inspection identified a small housekeeping deviation with no personnel exposure. The observation was associated with vessel cleaning near the compressor bay. The affected item was outside the active work path. The team corrected the issue before normal work continued.",English,NO,No credible precursor identified,Procedure followed,Line of Fire,Routine,No
V3-1402,Near Miss,Loading Terminal,compressor maintenance,"shortly after the crew arrived, at the Loading Terminal, a vehicle operator was involved in compressor maintenance near the pipeline corridor. The worker or crew continued the activity after a required barrier was found to be ineffective. This created a situation involving an unplanned change in the work environment. Work was suspended until the missing control was restored.",English,YES,Uncontrolled hazard,Unsafe position observed,Hot Work,Critical,Yes
V3-0964,Near Miss,Pipeline Station 3,welding,"at the start of the work period, at the Pipeline Station 3, the electrical crew was involved in welding near the electrical room. The worker or crew started the task before the required control had been confirmed. This created a situation involving an active energy source that had not been fully controlled. The supervisor stopped the activity and moved the crew to a safe location.",English,YES,Unsafe positioning,Personnel exposed to hazard,Hot Work,High,Yes
V3-0311,Unsafe Act,Refinery Area A,pipeline repair,"during a planned maintenance window, at the Refinery Area A, A small housekeeping issue was observed beside the work area and was corrected immediately. The observation was associated with pipeline repair near the pipeline corridor. The condition was corrected before it could affect the work. The team corrected the issue before normal work continued.",English,NO,No credible precursor identified,Precaution confirmed,Hot Work,Low,No
V3-0245,Unsafe Act,Loading Terminal,vehicle movement,"during the afternoon shift, at the Loading Terminal, the electrical crew was involved in vehicle movement near the loading point. Before the task progressed, the team reviewed the isolation status before starting. The required safeguards were available. The activity continued under the planned controls.",English,NO,No credible precursor identified,Work area controlled,Hot Work,Routine,No
V3-1134,Unsafe Condition,Pipeline Station 3,lifting operation,"while preparing the work area, at the Pipeline Station 3, a welding crew was involved in lifting operation near the tank farm. The worker or crew approached the operating equipment without maintaining the expected separation. This created a situation involving an active energy source that had not been fully controlled. Work was suspended until the missing control was restored.",English,YES,Energy exposure,Unsafe position observed,Energy Isolation,Critical,Yes
V3-1343,Unsafe Act,Production Area B,vehicle movement,"at the start of the work period, at the Production Area B, the lifting team was involved in vehicle movement near the loading point. The worker or crew started the operation while another crew was still working inside the affected area. This created a situation involving loss of separation from operating machinery. The area was isolated while the condition was investigated.",English,YES,Barrier failure,Barrier ineffective,Line of Fire,High,Yes
V3-0589,Unsafe Condition,Production Area B,grinding,"before the evening shutdown, at the Production Area B, the electrical crew was involved in grinding near the pump area. Before the task progressed, the team inspected the surrounding area before beginning. The required safeguards were available. The activity continued under the planned controls.",English,NO,No credible precursor identified,Precaution confirmed,Confined Space,Low,No
V3-0984,Unsafe Condition,Loading Terminal,crane operation,"during routine field activity, at the Loading Terminal, a contractor was involved in crane operation near the utility yard. The worker or crew approached the operating equipment without maintaining the expected separation. This created a situation involving possible release of stored energy. The activity was paused and the affected equipment was secured.",English,YES,Energy exposure,Control not verified,Confined Space,Critical,Yes
V3-0987,Unsafe Act,Production Area B,lifting operation,"while preparing the work area, at the Production Area B, the electrical crew was involved in lifting operation near the utility yard. The worker or crew started the operation while another crew was still working inside the affected area. This created a situation involving possible release of stored energy. The area was isolated while the condition was investigated.",English,YES,Control failure,Barrier ineffective,Energy Isolation,High,Yes
V3-0243,Unsafe Act,Production Area B,pipeline repair,"before the evening shutdown, at the Production Area B, the electrical crew was involved in pipeline repair near the storage area. Before the task progressed, the team checked the condition of the equipment before use. The team stayed within the designated work area. No significant control breakdown was identified.",English,NO,No credible precursor identified,Precaution confirmed,Hot Work,Low,No
V3-0804,Unsafe Condition,Tank Farm,compressor maintenance,"during the morning shift, at the Tank Farm, a vehicle operator was involved in compressor maintenance near the compressor bay. The worker or crew entered the restricted area before the required authorization was confirmed. This created a situation involving uncontrolled movement of a suspended load. The team withdrew from the area and reassessed the work conditions.",English,YES,Uncontrolled hazard,Unsafe position observed,Line of Fire,Critical,Yes
V3-0427,Near Miss,Pipeline Station 3,crane operation,"at the start of the work period, at the Pipeline Station 3, The crew found minor surface damage on a non-critical component during inspection and reported it for maintenance. The observation was associated with crane operation near the maintenance area. The equipment remained isolated from personnel activity. The team corrected the issue before normal work continued.",English,NO,No credible precursor identified,Precaution confirmed,Hot Work,Routine,No
V3-0104,Safety Observation,Compressor Station 2,welding,"before the evening shutdown, at the Compressor Station 2, A temporary access obstruction was identified and removed before personnel entered the area. The observation was associated with welding near the electrical room. The condition was corrected before it could affect the work. The team corrected the issue before normal work continued.",English,NO,No credible precursor identified,Work area controlled,Hot Work,Low,No
V3-0219,Near Miss,Drilling Site,pipeline repair,"at the start of the work period, at the Drilling Site, the site team was involved in pipeline repair near the process line. Before the task progressed, the team reviewed the work instructions before starting. The work authorization was valid. The work proceeded without an uncontrolled change in conditions.",English,NO,No credible precursor identified,No personnel exposure,Confined Space,Low,No
V3-1111,Unsafe Act,Production Area B,compressor maintenance,"during the afternoon shift, at the Production Area B, a field operator was involved in compressor maintenance near the maintenance area. The worker or crew moved into the work area while an important safeguard was still being checked. This created a situation involving possible release of stored energy. The area was isolated while the condition was investigated.",English,YES,Energy exposure,Control not verified,Line of Fire,High,Yes
V3-0359,Safety Observation,Utility Section,welding,"at the start of the work period, at the Utility Section, the maintenance group was involved in welding near the production unit. Before the task progressed, the team checked the condition of the lifting equipment. The access controls remained in place. No hazardous deviation was observed.",English,NO,No credible precursor identified,Control verified,Hot Work,Routine,No
V3-0083,Unsafe Act,Loading Terminal,compressor maintenance,"shortly after the crew arrived, at the Loading Terminal, the site team was involved in compressor maintenance near the loading point. Before the task progressed, the team checked the condition of the lifting equipment. The equipment was within the approved operating condition. No significant control breakdown was identified.",English,NO,No credible precursor identified,Precaution confirmed,Confined Space,Routine,No
V3-1379,Unsafe Act,Maintenance Workshop,grinding,"during routine field activity, at the Maintenance Workshop, a vehicle operator was involved in grinding near the tank farm. The worker or crew continued the activity after a required barrier was found to be ineffective. This created a situation involving movement of a vehicle through the work area. Work was suspended until the missing control was restored.",English,YES,Control failure,Personnel exposed to hazard,Line of Fire,High,Yes
V3-1417,Unsafe Act,Gas Processing Unit,vehicle movement,"at the start of the work period, at the Gas Processing Unit, a field operator was involved in vehicle movement near the production unit. The worker or crew continued preparation while a critical control remained incomplete. This created a situation involving unexpected pressure in the process line. The supervisor intervened before the task could continue.",English,YES,Control failure,Unexpected hazard identified,Confined Space,Critical,Yes
V3-1423,Unsafe Condition,Production Area B,tank entry,"shortly after the crew arrived, at the Production Area B, the site team was involved in tank entry near the compressor bay. The worker or crew proceeded with the task after an unexpected change in conditions. This created a situation involving possible release of stored energy. The activity was paused and the affected equipment was secured.",English,YES,Energy exposure,Control not verified,Energy Isolation,High,Yes
V3-0686,Unsafe Act,Pipeline Station 3,pipeline repair,"while preparing the work area, at the Pipeline Station 3, the lifting team was involved in pipeline repair near the utility yard. Before the task progressed, the team confirmed that the access route was clear. The required separation was maintained. The work proceeded without an uncontrolled change in conditions.",English,NO,No credible precursor identified,No personnel exposure,Hot Work,Low,No
V3-1016,Unsafe Condition,Utility Section,tank entry,"during the afternoon shift, at the Utility Section, the inspection team was involved in tank entry near the process line. The worker or crew started the task before the required control had been confirmed. This created a situation involving unexpected pressure in the process line. The activity was paused and the affected equipment was secured.",English,YES,Barrier failure,Personnel exposed to hazard,Energy Isolation,High,Yes
V3-0927,Near Miss,Refinery Area A,tank entry,"before the evening shutdown, at the Refinery Area A, the inspection team was involved in tank entry near the tank farm. The worker or crew started the task before the required control had been confirmed. This created a situation involving an active energy source that had not been fully controlled. The operation was halted until the required protection was established.",English,YES,Control failure,Personnel exposed to hazard,Energy Isolation,Critical,Yes
V3-1126,Unsafe Condition,Compressor Station 2,tank entry,"while preparing the work area, at the Compressor Station 2, the lifting team was involved in tank entry near the equipment bay. The worker or crew began work before the isolation status was fully verified. This created a situation involving temporary loss of a protective barrier. The supervisor intervened before the task could continue.",English,YES,Control failure,Control not verified,Confined Space,Critical,Yes
V3-1101,Unsafe Condition,Refinery Area A,lifting operation,"shortly after the crew arrived, at the Refinery Area A, the lifting team was involved in lifting operation near the electrical room. The worker or crew began work before the isolation status was fully verified. This created a situation involving temporary loss of a protective barrier. The team withdrew from the area and reassessed the work conditions.",English,YES,Barrier failure,Barrier ineffective,Line of Fire,High,Yes
V3-0329,Near Miss,Drilling Site,welding,"during the afternoon shift, at the Drilling Site, the electrical crew was involved in welding near the storage area. Before the task progressed, the team reviewed the work instructions before starting. The team stayed within the designated work area. The work proceeded without an uncontrolled change in conditions.",English,NO,No credible precursor identified,Work area controlled,Energy Isolation,Routine,No
V3-0612,Unsafe Condition,Maintenance Workshop,tank entry,"during the morning shift, at the Maintenance Workshop, the maintenance group was involved in tank entry near the utility yard. Before the task progressed, the team completed the pre-job safety discussion. The work area remained controlled. The planned barriers remained effective during the observation.",English,NO,No credible precursor identified,Procedure followed,Confined Space,Routine,No
V3-1483,Near Miss,Loading Terminal,vessel cleaning,"during the morning shift, at the Loading Terminal, the lifting team was involved in vessel cleaning near the process line. The worker or crew approached the operating equipment without maintaining the expected separation. This created a situation involving unexpected movement of equipment. The supervisor intervened before the task could continue.",English,YES,Control failure,Unsafe position observed,Line of Fire,High,Yes
V3-1390,Near Miss,Pipeline Station 3,crane operation,"during a planned maintenance window, at the Pipeline Station 3, the electrical crew was involved in crane operation near the storage area. The worker or crew started the operation while another crew was still working inside the affected area. This created a situation involving possible release of stored energy. The area was isolated while the condition was investigated.",English,YES,Energy exposure,Unsafe position observed,Energy Isolation,High,Yes
V3-0360,Safety Observation,Loading Terminal,vessel cleaning,"during the afternoon shift, at the Loading Terminal, the site team was involved in vessel cleaning near the electrical room. Before the task progressed, the team checked the condition of the equipment before use. The work authorization was valid. The activity continued under the planned controls.",English,NO,No credible precursor identified,Procedure followed,Confined Space,Routine,No
V3-0275,Safety Observation,Production Area B,welding,"during the afternoon shift, at the Production Area B, A routine inspection identified a small housekeeping deviation with no personnel exposure. The observation was associated with welding near the storage area. The condition was corrected before it could affect the work. The team corrected the issue before normal work continued.",English,NO,No credible precursor identified,No personnel exposure,Confined Space,Routine,No
V3-0255,Near Miss,Production Area B,grinding,"shortly after the crew arrived, at the Production Area B, the site team was involved in grinding near the pump area. Before the task progressed, the team reviewed the isolation status before starting. The work authorization was valid. No significant control breakdown was identified.",English,NO,No credible precursor identified,Precaution confirmed,Line of Fire,Routine,No
V3-0747,Safety Observation,Loading Terminal,compressor maintenance,"during routine field activity, at the Loading Terminal, the maintenance group was involved in compressor maintenance near the electrical room. Before the task progressed, the team verified the required authorization. The required safeguards were available. The crew completed the activity without a serious exposure.",English,NO,No credible precursor identified,Precaution confirmed,Hot Work,Routine,No
V3-0986,Unsafe Act,Utility Section,electrical maintenance,"during routine field activity, at the Utility Section, the maintenance group was involved in electrical maintenance near the storage area. The worker or crew proceeded with the task after an unexpected change in conditions. This created a situation involving uncontrolled movement of a suspended load. The crew stopped work and the control measures were reviewed.",English,YES,Barrier failure,Control not verified,Line of Fire,High,Yes
V3-0496,Unsafe Condition,Maintenance Workshop,tank entry,"while preparing the work area, at the Maintenance Workshop, the lifting team was involved in tank entry near the equipment bay. Before the task progressed, the team inspected the surrounding area before beginning. The required safeguards were available. The planned barriers remained effective during the observation.",English,NO,No credible precursor identified,Procedure followed,Line of Fire,Routine,No
V3-1322,Unsafe Condition,Production Area B,tank entry,"before the evening shutdown, at the Production Area B, the lifting team was involved in tank entry near the workshop. The worker or crew approached the operating equipment without maintaining the expected separation. This created a situation involving possible release of stored energy. The supervisor stopped the activity and moved the crew to a safe location.",English,YES,Barrier failure,Barrier ineffective,Confined Space,Critical,Yes
V3-0771,Unsafe Condition,Tank Farm,pipeline repair,"during the morning shift, at the Tank Farm, a maintenance technician was involved in pipeline repair near the elevated work platform. The worker or crew positioned personnel closer to the active equipment than permitted. This created a situation involving an unplanned change in the work environment. The supervisor intervened before the task could continue.",English,YES,Uncontrolled hazard,Personnel exposed to hazard,Hot Work,Critical,Yes
V3-0262,Unsafe Condition,Gas Processing Unit,pipeline repair,"while preparing the work area, at the Gas Processing Unit, a welding crew was involved in pipeline repair near the production unit. Before the task progressed, the team confirmed communication with the control room. The required safeguards were available. The crew completed the activity without a serious exposure.",English,NO,No credible precursor identified,Work area controlled,Hot Work,Routine,No
V3-0523,Safety Observation,Tank Farm,vessel cleaning,"during routine field activity, at the Tank Farm, the lifting team was involved in vessel cleaning near the electrical room. Before the task progressed, the team verified the required authorization. The work area remained controlled. The observation did not identify a credible high-consequence exposure.",English,NO,No credible precursor identified,Procedure followed,Energy Isolation,Low,No
V3-0129,Near Miss,Drilling Site,tank entry,"during routine field activity, at the Drilling Site, a maintenance technician was involved in tank entry near the equipment bay. Before the task progressed, the team verified the required authorization. The access controls remained in place. The activity continued under the planned controls.",English,NO,No credible precursor identified,Work area controlled,Confined Space,Routine,No
V3-0749,Unsafe Act,Pipeline Station 3,crane operation,"shortly after the crew arrived, at the Pipeline Station 3, the maintenance group was involved in crane operation near the maintenance area. Before the task progressed, the team verified the required authorization. The planned precautions were maintained. No significant control breakdown was identified.",English,NO,No credible precursor identified,Work area controlled,Hot Work,Low,No
V3-0130,Safety Observation,Maintenance Workshop,grinding,"at the start of the work period, at the Maintenance Workshop, the lifting team was involved in grinding near the process line. Before the task progressed, the team checked the condition of the equipment before use. The planned precautions were maintained. No significant control breakdown was identified.",English,NO,No credible precursor identified,Work area controlled,Line of Fire,Low,No
V3-0607,Unsafe Act,Utility Section,crane operation,"during a planned maintenance window, at the Utility Section, the electrical crew was involved in crane operation near the workshop. Before the task progressed, the team verified the required authorization. The equipment was within the approved operating condition. No significant control breakdown was identified.",English,NO,No credible precursor identified,Control verified,Hot Work,Low,No
V3-0161,Unsafe Act,Production Area B,grinding,"during a planned maintenance window, at the Production Area B, the site team was involved in grinding near the workshop. Before the task progressed, the team reviewed the isolation status before starting. The team stayed within the designated work area. The work proceeded without an uncontrolled change in conditions.",English,NO,No credible precursor identified,Precaution confirmed,Line of Fire,Low,No
V3-0429,Safety Observation,Maintenance Workshop,tank entry,"during routine field activity, at the Maintenance Workshop, a maintenance technician was involved in tank entry near the process line. Before the task progressed, the team reviewed the work instructions before starting. The supervisor remained available. The activity continued under the planned controls.",English,NO,No credible precursor identified,No personnel exposure,Confined Space,Routine,No
V3-0149,Unsafe Condition,Tank Farm,vessel cleaning,"at the start of the work period, at the Tank Farm, the site team was involved in vessel cleaning near the loading point. Before the task progressed, the team reviewed the work instructions before starting. The equipment was within the approved operating condition. The planned barriers remained effective during the observation.",English,NO,No credible precursor identified,Control verified,Hot Work,Low,No
V3-0981,Unsafe Act,Drilling Site,tank entry,"shortly after the crew arrived, at the Drilling Site, a maintenance technician was involved in tank entry near the production unit. The worker or crew began work before the isolation status was fully verified. This created a situation involving loss of separation from operating machinery. Work was suspended until the missing control was restored.",English,YES,Energy exposure,Unsafe position observed,Hot Work,Critical,Yes
V3-1281,Near Miss,Utility Section,grinding,"during the afternoon shift, at the Utility Section, the inspection team was involved in grinding near the storage area. The worker or crew continued the activity after a required barrier was found to be ineffective. This created a situation involving movement of a vehicle through the work area. The supervisor stopped the activity and moved the crew to a safe location.",English,YES,Barrier failure,Control not verified,Energy Isolation,Critical,Yes
V3-0412,Unsafe Act,Loading Terminal,tank entry,"at the start of the work period, at the Loading Terminal, a contractor was involved in tank entry near the pipeline corridor. Before the task progressed, the team verified the required authorization. The planned precautions were maintained. The activity continued under the planned controls.",English,NO,No credible precursor identified,Work area controlled,Hot Work,Low,No
V3-0445,Near Miss,Gas Processing Unit,electrical maintenance,"while preparing the work area, at the Gas Processing Unit, A worker reported a minor equipment defect that did not affect the active task and the item was tagged for follow-up. The observation was associated with electrical maintenance near the compressor bay. The task had not started when the issue was identified. The team corrected the issue before normal work continued.",English,NO,No credible precursor identified,Work area controlled,Energy Isolation,Low,No
V3-1334,Unsafe Condition,Production Area B,vehicle movement,"at the start of the work period, at the Production Area B, a field operator was involved in vehicle movement near the maintenance area. The worker or crew entered the restricted area before the required authorization was confirmed. This created a situation involving loss of separation from operating machinery. The supervisor intervened before the task could continue.",English,YES,Control failure,Personnel exposed to hazard,Hot Work,High,Yes
V3-0716,Unsafe Condition,Compressor Station 2,vehicle movement,"while preparing the work area, at the Compressor Station 2, A small housekeeping issue was observed beside the work area and was corrected immediately. The observation was associated with vehicle movement near the elevated work platform. The issue had no impact on the work boundary. The team corrected the issue before normal work continued.",English,NO,No credible precursor identified,Procedure followed,Confined Space,Routine,No
V3-1164,Near Miss,Compressor Station 2,lifting operation,"while preparing the work area, at the Compressor Station 2, a maintenance technician was involved in lifting operation near the pump area. The worker or crew positioned personnel closer to the active equipment than permitted. This created a situation involving exposure to an energized component. The operation was halted until the required protection was established.",English,YES,Unsafe positioning,Control not verified,Confined Space,Critical,Yes
V3-0582,Near Miss,Pipeline Station 3,grinding,"during the morning shift, at the Pipeline Station 3, a vehicle operator was involved in grinding near the pump area. Before the task progressed, the team confirmed communication with the control room. The approved sequence was followed. No significant control breakdown was identified.",English,NO,No credible precursor identified,Precaution confirmed,Hot Work,Low,No
V3-0505,Unsafe Act,Tank Farm,tank entry,"at the start of the work period, at the Tank Farm, the electrical crew was involved in tank entry near the elevated work platform. Before the task progressed, the team verified the required authorization. The planned precautions were maintained. The surrounding conditions remained stable throughout the task.",English,NO,No credible precursor identified,No personnel exposure,Hot Work,Low,No
V3-0125,Near Miss,Gas Processing Unit,tank entry,"during a planned maintenance window, at the Gas Processing Unit, a contractor was involved in tank entry near the workshop. Before the task progressed, the team checked the condition of the equipment before use. The planned precautions were maintained. The surrounding conditions remained stable throughout the task.",English,NO,No credible precursor identified,Control verified,Energy Isolation,Routine,No
V3-0326,Unsafe Act,Pipeline Station 3,tank entry,"at the start of the work period, at the Pipeline Station 3, the site team was involved in tank entry near the equipment bay. Before the task progressed, the team confirmed that the access route was clear. The work authorization was valid. The work proceeded without an uncontrolled change in conditions.",English,NO,No credible precursor identified,Precaution confirmed,Energy Isolation,Low,No
V3-1473,Near Miss,Maintenance Workshop,lifting operation,"during routine field activity, at the Maintenance Workshop, the lifting team was involved in lifting operation near the equipment bay. The worker or crew entered the restricted area before the required authorization was confirmed. This created a situation involving possible release of stored energy. The crew stopped work and the control measures were reviewed.",English,YES,Unsafe positioning,Personnel exposed to hazard,Hot Work,High,Yes
V3-0003,Unsafe Act,Maintenance Workshop,tank entry,"during the afternoon shift, at the Maintenance Workshop, a welding crew was involved in tank entry near the equipment bay. Before the task progressed, the team checked the condition of the equipment before use. The supervisor remained available. No significant control breakdown was identified.",English,NO,No credible precursor identified,Work area controlled,Line of Fire,Low,No
V3-0045,Near Miss,Drilling Site,crane operation,"during the morning shift, at the Drilling Site, a vehicle operator was involved in crane operation near the utility yard. Before the task progressed, the team confirmed the work boundary with the supervisor. The access controls remained in place. The work proceeded without an uncontrolled change in conditions.",English,NO,No credible precursor identified,Procedure followed,Line of Fire,Low,No
V3-0092,Near Miss,Compressor Station 2,vehicle movement,"before the evening shutdown, at the Compressor Station 2, a vehicle operator was involved in vehicle movement near the utility yard. Before the task progressed, the team inspected the surrounding area before beginning. The required safeguards were available. No significant control breakdown was identified.",English,NO,No credible precursor identified,Precaution confirmed,Confined Space,Low,No
V3-0112,Unsafe Condition,Compressor Station 2,crane operation,"during the morning shift, at the Compressor Station 2, The team noticed a damaged label on equipment and replaced it before continuing. The observation was associated with crane operation near the loading point. The observation involved housekeeping rather than an active energy source. The team corrected the issue before normal work continued.",English,NO,No credible precursor identified,Work area controlled,Line of Fire,Routine,No
V3-0475,Unsafe Act,Maintenance Workshop,vehicle movement,"during the morning shift, at the Maintenance Workshop, A worker reported a minor equipment defect that did not affect the active task and the item was tagged for follow-up. The observation was associated with vehicle movement near the valve station. The task had not started when the issue was identified. The team corrected the issue before normal work continued.",English,NO,No credible precursor identified,No personnel exposure,Hot Work,Low,No
V3-0867,Near Miss,Production Area B,welding,"during the afternoon shift, at the Production Area B, a vehicle operator was involved in welding near the elevated work platform. The worker or crew continued preparation while a critical control remained incomplete. This created a situation involving unexpected movement of equipment. The supervisor intervened before the task could continue.",English,YES,Barrier failure,Unsafe position observed,Energy Isolation,High,Yes
V3-1200,Unsafe Act,Refinery Area A,welding,"during the afternoon shift, at the Refinery Area A, a welding crew was involved in welding near the loading point. The worker or crew proceeded with the task after an unexpected change in conditions. This created a situation involving an active energy source that had not been fully controlled. The supervisor stopped the activity and moved the crew to a safe location.",English,YES,Uncontrolled hazard,Unsafe position observed,Energy Isolation,High,Yes
V3-0128,Near Miss,Loading Terminal,vehicle movement,"during the afternoon shift, at the Loading Terminal, the site team was involved in vehicle movement near the storage area. Before the task progressed, the team reviewed the isolation status before starting. The required safeguards were available. The surrounding conditions remained stable throughout the task.",English,NO,No credible precursor identified,Precaution confirmed,Hot Work,Low,No
V3-0852,Unsafe Condition,Production Area B,crane operation,"while preparing the work area, at the Production Area B, a welding crew was involved in crane operation near the storage area. The worker or crew started the operation while another crew was still working inside the affected area. This created a situation involving an unplanned change in the work environment. The crew stopped work and the control measures were reviewed.",English,YES,Energy exposure,Unsafe position observed,Confined Space,Critical,Yes
V3-1133,Unsafe Condition,Gas Processing Unit,vehicle movement,"during the afternoon shift, at the Gas Processing Unit, the inspection team was involved in vehicle movement near the pipeline corridor. The worker or crew started the task before the required control had been confirmed. This created a situation involving possible release of stored energy. The activity was paused and the affected equipment was secured.",English,YES,Control failure,Personnel exposed to hazard,Line of Fire,Critical,Yes
V3-0524,Unsafe Condition,Tank Farm,lifting operation,"during the afternoon shift, at the Tank Farm, A warning sign had shifted from its original position and was restored before work started. The observation was associated with lifting operation near the production unit. The observation involved housekeeping rather than an active energy source. The team corrected the issue before normal work continued.",English,NO,No credible precursor identified,Control verified,Line of Fire,Low,No
V3-0617,Safety Observation,Production Area B,lifting operation,"during routine field activity, at the Production Area B, A temporary access obstruction was identified and removed before personnel entered the area. The observation was associated with lifting operation near the pipeline corridor. The task had not started when the issue was identified. The team corrected the issue before normal work continued.",English,NO,No credible precursor identified,Work area controlled,Confined Space,Routine,No
V3-0325,Safety Observation,Gas Processing Unit,electrical maintenance,"shortly after the crew arrived, at the Gas Processing Unit, a contractor was involved in electrical maintenance near the compressor bay. Before the task progressed, the team confirmed that the access route was clear. The supervisor remained available. The crew completed the activity without a serious exposure.",English,NO,No credible precursor identified,Control verified,Line of Fire,Routine,No
V3-0194,Safety Observation,Loading Terminal,vessel cleaning,"shortly after the crew arrived, at the Loading Terminal, A temporary access obstruction was identified and removed before personnel entered the area. The observation was associated with vessel cleaning near the loading point. No person was exposed to the condition. The team corrected the issue before normal work continued.",English,NO,No credible precursor identified,Control verified,Confined Space,Routine,No
V3-0690,Unsafe Act,Drilling Site,lifting operation,"at the start of the work period, at the Drilling Site, a maintenance technician was involved in lifting operation near the production unit. Before the task progressed, the team confirmed that the access route was clear. The team stayed within the designated work area. The crew completed the activity without a serious exposure.",English,NO,No credible precursor identified,Work area controlled,Line of Fire,Routine,No
V3-1124,Near Miss,Production Area B,electrical maintenance,"while preparing the work area, at the Production Area B, the electrical crew was involved in electrical maintenance near the loading point. The worker or crew continued the activity after a required barrier was found to be ineffective. This created a situation involving an active energy source that had not been fully controlled. The supervisor intervened before the task could continue.",English,YES,Unsafe positioning,Unsafe position observed,Line of Fire,High,Yes
V3-1351,Near Miss,Utility Section,vessel cleaning,"during a planned maintenance window, at the Utility Section, a maintenance technician was involved in vessel cleaning near the pipeline corridor. The worker or crew started the task before the required control had been confirmed. This created a situation involving an active energy source that had not been fully controlled. The activity was paused and the affected equipment was secured.",English,YES,Uncontrolled hazard,Unexpected hazard identified,Hot Work,High,Yes
V3-0818,Unsafe Act,Utility Section,vessel cleaning,"while preparing the work area, at the Utility Section, the site team was involved in vessel cleaning near the tank farm. The worker or crew proceeded with the task after an unexpected change in conditions. This created a situation involving an unplanned change in the work environment. The crew stopped work and the control measures were reviewed.",English,YES,Barrier failure,Unexpected hazard identified,Confined Space,High,Yes
V3-1370,Unsafe Condition,Maintenance Workshop,pipeline repair,"during the morning shift, at the Maintenance Workshop, the site team was involved in pipeline repair near the tank farm. The worker or crew began work before the isolation status was fully verified. This created a situation involving unexpected pressure in the process line. The operation was halted until the required protection was established.",English,YES,Unsafe positioning,Barrier ineffective,Confined Space,High,Yes
V3-0257,Unsafe Condition,Refinery Area A,welding,"during the morning shift, at the Refinery Area A, the lifting team was involved in welding near the storage area. Before the task progressed, the team inspected the surrounding area before beginning. The access controls remained in place. No significant control breakdown was identified.",English,NO,No credible precursor identified,Precaution confirmed,Line of Fire,Low,No
V3-1112,Unsafe Condition,Refinery Area A,grinding,"while preparing the work area, at the Refinery Area A, the inspection team was involved in grinding near the pump area. The worker or crew continued the activity after a required barrier was found to be ineffective. This created a situation involving an active energy source that had not been fully controlled. The team withdrew from the area and reassessed the work conditions.",English,YES,Control failure,Unsafe position observed,Confined Space,High,Yes
V3-1039,Near Miss,Refinery Area A,vessel cleaning,"during the morning shift, at the Refinery Area A, the maintenance group was involved in vessel cleaning near the electrical room. The worker or crew approached the operating equipment without maintaining the expected separation. This created a situation involving exposure to an energized component. Work was suspended until the missing control was restored.",English,YES,Barrier failure,Control not verified,Hot Work,High,Yes
V3-0555,Safety Observation,Production Area B,lifting operation,"at the start of the work period, at the Production Area B, a vehicle operator was involved in lifting operation near the maintenance area. Before the task progressed, the team confirmed communication with the control room. The access controls remained in place. No significant control breakdown was identified.",English,NO,No credible precursor identified,No personnel exposure,Hot Work,Routine,No
V3-1249,Near Miss,Compressor Station 2,vessel cleaning,"during routine field activity, at the Compressor Station 2, a maintenance technician was involved in vessel cleaning near the loading point. The worker or crew continued the activity after a required barrier was found to be ineffective. This created a situation involving temporary loss of a protective barrier. The supervisor stopped the activity and moved the crew to a safe location.",English,YES,Unsafe positioning,Personnel exposed to hazard,Line of Fire,Critical,Yes
V3-0766,Unsafe Condition,Tank Farm,electrical maintenance,"during a planned maintenance window, at the Tank Farm, a maintenance technician was involved in electrical maintenance near the compressor bay. The worker or crew moved into the work area while an important safeguard was still being checked. This created a situation involving possible release of stored energy. The crew stopped work and the control measures were reviewed.",English,YES,Energy exposure,Unexpected hazard identified,Energy Isolation,High,Yes
V3-1484,Unsafe Act,Loading Terminal,electrical maintenance,"at the start of the work period, at the Loading Terminal, a field operator was involved in electrical maintenance near the loading point. The worker or crew proceeded with the task after an unexpected change in conditions. This created a situation involving an active energy source that had not been fully controlled. The area was isolated while the condition was investigated.",English,YES,Barrier failure,Unexpected hazard identified,Confined Space,High,Yes
V3-0746,Safety Observation,Loading Terminal,tank entry,"while preparing the work area, at the Loading Terminal, a welding crew was involved in tank entry near the electrical room. Before the task progressed, the team reviewed the isolation status before starting. The work area remained controlled. The surrounding conditions remained stable throughout the task.",English,NO,No credible precursor identified,Procedure followed,Energy Isolation,Routine,No
V3-0840,Unsafe Condition,Compressor Station 2,welding,"during the afternoon shift, at the Compressor Station 2, a maintenance technician was involved in welding near the production unit. The worker or crew proceeded with the task after an unexpected change in conditions. This created a situation involving uncontrolled movement of a suspended load. The supervisor stopped the activity and moved the crew to a safe location.",English,YES,Control failure,Personnel exposed to hazard,Line of Fire,High,Yes
V3-0507,Near Miss,Tank Farm,grinding,"shortly after the crew arrived, at the Tank Farm, A small housekeeping issue was observed beside the work area and was corrected immediately. The observation was associated with grinding near the pipeline corridor. The crew maintained the required separation throughout. The team corrected the issue before normal work continued.",English,NO,No credible precursor identified,Control verified,Hot Work,Routine,No
V3-0007,Unsafe Act,Production Area B,lifting operation,"during the morning shift, at the Production Area B, The team noticed a damaged label on equipment and replaced it before continuing. The observation was associated with lifting operation near the tank farm. The crew maintained the required separation throughout. The team corrected the issue before normal work continued.",English,NO,No credible precursor identified,Procedure followed,Hot Work,Low,No
V3-0700,Safety Observation,Production Area B,crane operation,"before the evening shutdown, at the Production Area B, a vehicle operator was involved in crane operation near the tank farm. Before the task progressed, the team reviewed the work instructions before starting. The required safeguards were available. The activity continued under the planned controls.",English,NO,No credible precursor identified,Control verified,Line of Fire,Routine,No
V3-0043,Near Miss,Production Area B,electrical maintenance,"at the start of the work period, at the Production Area B, a maintenance technician was involved in electrical maintenance near the utility yard. Before the task progressed, the team inspected the surrounding area before beginning. The planned precautions were maintained. The crew completed the activity without a serious exposure.",English,NO,No credible precursor identified,Work area controlled,Confined Space,Low,No
V3-0200,Unsafe Act,Compressor Station 2,welding,"during a planned maintenance window, at the Compressor Station 2, A temporary access obstruction was identified and removed before personnel entered the area. The observation was associated with welding near the utility yard. The crew maintained the required separation throughout. The team corrected the issue before normal work continued.",English,NO,No credible precursor identified,Procedure followed,Confined Space,Routine,No
V3-0340,Safety Observation,Compressor Station 2,pipeline repair,"shortly after the crew arrived, at the Compressor Station 2, a maintenance technician was involved in pipeline repair near the elevated work platform. Before the task progressed, the team checked the condition of the equipment before use. The equipment was within the approved operating condition. No significant control breakdown was identified.",English,NO,No credible precursor identified,Work area controlled,Energy Isolation,Routine,No
V3-0832,Unsafe Condition,Drilling Site,pipeline repair,"during a planned maintenance window, at the Drilling Site, the site team was involved in pipeline repair near the elevated work platform. The worker or crew entered the restricted area before the required authorization was confirmed. This created a situation involving an unplanned change in the work environment. Work was suspended until the missing control was restored.",English,YES,Control failure,Unsafe position observed,Line of Fire,Critical,Yes
V3-1412,Unsafe Condition,Loading Terminal,tank entry,"before the evening shutdown, at the Loading Terminal, a welding crew was involved in tank entry near the electrical room. The worker or crew proceeded with the task after an unexpected change in conditions. This created a situation involving unexpected movement of equipment. The crew stopped work and the control measures were reviewed.",English,YES,Barrier failure,Unexpected hazard identified,Line of Fire,High,Yes
V3-1443,Unsafe Act,Compressor Station 2,tank entry,"while preparing the work area, at the Compressor Station 2, the site team was involved in tank entry near the valve station. The worker or crew moved into the work area while an important safeguard was still being checked. This created a situation involving exposure to an energized component. The operation was halted until the required protection was established.",English,YES,Energy exposure,Unexpected hazard identified,Hot Work,Critical,Yes
V3-0016,Near Miss,Drilling Site,welding,"before the evening shutdown, at the Drilling Site, a contractor was involved in welding near the tank farm. Before the task progressed, the team confirmed the work boundary with the supervisor. The team stayed within the designated work area. No significant control breakdown was identified.",English,NO,No credible precursor identified,No personnel exposure,Confined Space,Routine,No
V3-0392,Safety Observation,Compressor Station 2,lifting operation,"during routine field activity, at the Compressor Station 2, A worker noticed a loose hand tool on the work platform and secured it before the task began. The observation was associated with lifting operation near the process line. The condition was corrected before it could affect the work. The team corrected the issue before normal work continued.",English,NO,No credible precursor identified,No personnel exposure,Line of Fire,Routine,No
V3-1136,Unsafe Act,Maintenance Workshop,crane operation,"shortly after the crew arrived, at the Maintenance Workshop, the maintenance group was involved in crane operation near the tank farm. The worker or crew approached the operating equipment without maintaining the expected separation. This created a situation involving unexpected pressure in the process line. The area was isolated while the condition was investigated.",English,YES,Barrier failure,Control not verified,Hot Work,High,Yes
V3-1146,Unsafe Condition,Utility Section,vehicle movement,"during routine field activity, at the Utility Section, a maintenance technician was involved in vehicle movement near the valve station. The worker or crew approached the operating equipment without maintaining the expected separation. This created a situation involving uncontrolled movement of a suspended load. The supervisor stopped the activity and moved the crew to a safe location.",English,YES,Barrier failure,Unexpected hazard identified,Hot Work,Critical,Yes
V3-0184,Unsafe Act,Refinery Area A,welding,"while preparing the work area, at the Refinery Area A, a maintenance technician was involved in welding near the workshop. Before the task progressed, the team reviewed the isolation status before starting. The supervisor remained available. The crew completed the activity without a serious exposure.",English,NO,No credible precursor identified,Precaution confirmed,Confined Space,Routine,No
V3-0142,Safety Observation,Drilling Site,lifting operation,"during the morning shift, at the Drilling Site, the electrical crew was involved in lifting operation near the tank farm. Before the task progressed, the team confirmed the work boundary with the supervisor. The equipment was within the approved operating condition. The surrounding conditions remained stable throughout the task.",English,NO,No credible precursor identified,Procedure followed,Hot Work,Routine,No
V3-1017,Unsafe Act,Pipeline Station 3,pipeline repair,"during the afternoon shift, at the Pipeline Station 3, a maintenance technician was involved in pipeline repair near the storage area. The worker or crew continued the activity after a required barrier was found to be ineffective. This created a situation involving an active energy source that had not been fully controlled. The activity was paused and the affected equipment was secured.",English,YES,Barrier failure,Unexpected hazard identified,Energy Isolation,Critical,Yes
V3-0091,Unsafe Act,Production Area B,pipeline repair,"shortly after the crew arrived, at the Production Area B, the lifting team was involved in pipeline repair near the valve station. Before the task progressed, the team checked the condition of the equipment before use. The team stayed within the designated work area. The activity continued under the planned controls.",English,NO,No credible precursor identified,Precaution confirmed,Confined Space,Low,No
V3-1246,Near Miss,Maintenance Workshop,crane operation,"during the afternoon shift, at the Maintenance Workshop, a field operator was involved in crane operation near the utility yard. The worker or crew started the task before the required control had been confirmed. This created a situation involving loss of separation from operating machinery. The supervisor stopped the activity and moved the crew to a safe location.",English,YES,Uncontrolled hazard,Personnel exposed to hazard,Hot Work,Critical,Yes
V3-0406,Unsafe Act,Pipeline Station 3,welding,"during a planned maintenance window, at the Pipeline Station 3, a field operator was involved in welding near the maintenance area. Before the task progressed, the team confirmed that the access route was clear. The team stayed within the designated work area. The activity continued under the planned controls.",English,NO,No credible precursor identified,Control verified,Confined Space,Routine,No
V3-0802,Unsafe Act,Tank Farm,crane operation,"shortly after the crew arrived, at the Tank Farm, the lifting team was involved in crane operation near the pump area. The worker or crew started the task before the required control had been confirmed. This created a situation involving loss of separation from operating machinery. The activity was paused and the affected equipment was secured.",English,YES,Control failure,Unsafe position observed,Confined Space,High,Yes
V3-0341,Near Miss,Gas Processing Unit,vessel cleaning,"at the start of the work period, at the Gas Processing Unit, a contractor was involved in vessel cleaning near the tank farm. Before the task progressed, the team verified the required authorization. The planned precautions were maintained. The planned barriers remained effective during the observation.",English,NO,No credible precursor identified,Control verified,Line of Fire,Routine,No
V3-1257,Unsafe Condition,Refinery Area A,compressor maintenance,"during a planned maintenance window, at the Refinery Area A, the inspection team was involved in compressor maintenance near the maintenance area. The worker or crew started the operation while another crew was still working inside the affected area. This created a situation involving loss of separation from operating machinery. The crew stopped work and the control measures were reviewed.",English,YES,Energy exposure,Barrier ineffective,Energy Isolation,Critical,Yes
V3-0080,Unsafe Condition,Compressor Station 2,lifting operation,"during a planned maintenance window, at the Compressor Station 2, a welding crew was involved in lifting operation near the tank farm. Before the task progressed, the team confirmed communication with the control room. The planned precautions were maintained. The activity continued under the planned controls.",English,NO,No credible precursor identified,Work area controlled,Line of Fire,Low,No
V3-0050,Safety Observation,Pipeline Station 3,welding,"at the start of the work period, at the Pipeline Station 3, a contractor was involved in welding near the maintenance area. Before the task progressed, the team confirmed that the access route was clear. The supervisor remained available. The surrounding conditions remained stable throughout the task.",English,NO,No credible precursor identified,No personnel exposure,Line of Fire,Routine,No
V3-0175,Near Miss,Drilling Site,vessel cleaning,"during the afternoon shift, at the Drilling Site, the site team was involved in vessel cleaning near the elevated work platform. Before the task progressed, the team inspected the surrounding area before beginning. The required separation was maintained. The activity continued under the planned controls.",English,NO,No credible precursor identified,Control verified,Line of Fire,Low,No
V3-1169,Unsafe Act,Loading Terminal,tank entry,"during the morning shift, at the Loading Terminal, a contractor was involved in tank entry near the workshop. The worker or crew approached the operating equipment without maintaining the expected separation. This created a situation involving uncontrolled movement of a suspended load. The supervisor intervened before the task could continue.",English,YES,Uncontrolled hazard,Unexpected hazard identified,Hot Work,High,Yes
V3-1019,Unsafe Condition,Production Area B,vehicle movement,"during the morning shift, at the Production Area B, a contractor was involved in vehicle movement near the production unit. The worker or crew positioned personnel closer to the active equipment than permitted. This created a situation involving an active energy source that had not been fully controlled. The activity was paused and the affected equipment was secured.",English,YES,Unsafe positioning,Barrier ineffective,Hot Work,High,Yes
V3-0280,Safety Observation,Refinery Area A,tank entry,"at the start of the work period, at the Refinery Area A, The crew found minor surface damage on a non-critical component during inspection and reported it for maintenance. The observation was associated with tank entry near the pipeline corridor. The affected item was outside the active work path. The team corrected the issue before normal work continued.",English,NO,No credible precursor identified,Work area controlled,Hot Work,Routine,No
V3-0046,Safety Observation,Gas Processing Unit,vessel cleaning,"before the evening shutdown, at the Gas Processing Unit, A warning sign had shifted from its original position and was restored before work started. The observation was associated with vessel cleaning near the process line. The issue had no impact on the work boundary. The team corrected the issue before normal work continued.",English,NO,No credible precursor identified,Procedure followed,Line of Fire,Low,No
V3-0866,Unsafe Act,Loading Terminal,vessel cleaning,"during the morning shift, at the Loading Terminal, a maintenance technician was involved in vessel cleaning near the production unit. The worker or crew entered the restricted area before the required authorization was confirmed. This created a situation involving exposure to an energized component. The activity was paused and the affected equipment was secured.",English,YES,Energy exposure,Barrier ineffective,Confined Space,Critical,Yes
V3-0887,Unsafe Condition,Production Area B,lifting operation,"shortly after the crew arrived, at the Production Area B, a welding crew was involved in lifting operation near the process line. The worker or crew entered the restricted area before the required authorization was confirmed. This created a situation involving an active energy source that had not been fully controlled. The operation was halted until the required protection was established.",English,YES,Uncontrolled hazard,Barrier ineffective,Energy Isolation,High,Yes
V3-1152,Near Miss,Tank Farm,tank entry,"before the evening shutdown, at the Tank Farm, a contractor was involved in tank entry near the loading point. The worker or crew continued the activity after a required barrier was found to be ineffective. This created a situation involving an active energy source that had not been fully controlled. The operation was halted until the required protection was established.",English,YES,Uncontrolled hazard,Barrier ineffective,Confined Space,Critical,Yes
V3-0234,Unsafe Condition,Tank Farm,crane operation,"while preparing the work area, at the Tank Farm, the lifting team was involved in crane operation near the storage area. Before the task progressed, the team reviewed the work instructions before starting. The required safeguards were available. The activity continued under the planned controls.",English,NO,No credible precursor identified,Control verified,Line of Fire,Routine,No
V3-0838,Near Miss,Utility Section,electrical maintenance,"during a planned maintenance window, at the Utility Section, a field operator was involved in electrical maintenance near the compressor bay. The worker or crew proceeded with the task after an unexpected change in conditions. This created a situation involving movement of a vehicle through the work area. The crew stopped work and the control measures were reviewed.",English,YES,Barrier failure,Unsafe position observed,Confined Space,Critical,Yes
V3-1492,Near Miss,Production Area B,electrical maintenance,"shortly after the crew arrived, at the Production Area B, a field operator was involved in electrical maintenance near the storage area. The worker or crew moved into the work area while an important safeguard was still being checked. This created a situation involving possible release of stored energy. The team withdrew from the area and reassessed the work conditions.",English,YES,Barrier failure,Unsafe position observed,Hot Work,High,Yes
V3-0119,Near Miss,Tank Farm,lifting operation,"during the morning shift, at the Tank Farm, A small housekeeping issue was observed beside the work area and was corrected immediately. The observation was associated with lifting operation near the valve station. The observation involved housekeeping rather than an active energy source. The team corrected the issue before normal work continued.",English,NO,No credible precursor identified,No personnel exposure,Energy Isolation,Routine,No
V3-1038,Near Miss,Drilling Site,electrical maintenance,"during the morning shift, at the Drilling Site, a vehicle operator was involved in electrical maintenance near the maintenance area. The worker or crew began work before the isolation status was fully verified. This created a situation involving an unplanned change in the work environment. The crew stopped work and the control measures were reviewed.",English,YES,Energy exposure,Control not verified,Energy Isolation,High,Yes
V3-1389,Near Miss,Tank Farm,vehicle movement,"during the afternoon shift, at the Tank Farm, a vehicle operator was involved in vehicle movement near the equipment bay. The worker or crew entered the restricted area before the required authorization was confirmed. This created a situation involving an unplanned change in the work environment. The supervisor intervened before the task could continue.",English,YES,Barrier failure,Personnel exposed to hazard,Hot Work,High,Yes
V3-0216,Unsafe Condition,Maintenance Workshop,tank entry,"shortly after the crew arrived, at the Maintenance Workshop, A warning sign had shifted from its original position and was restored before work started. The observation was associated with tank entry near the pump area. The crew maintained the required separation throughout. The team corrected the issue before normal work continued.",English,NO,No credible precursor identified,Work area controlled,Energy Isolation,Routine,No
V3-0459,Safety Observation,Pipeline Station 3,tank entry,"during a planned maintenance window, at the Pipeline Station 3, the electrical crew was involved in tank entry near the storage area. Before the task progressed, the team confirmed the work boundary with the supervisor. The team stayed within the designated work area. The activity continued under the planned controls.",English,NO,No credible precursor identified,Procedure followed,Hot Work,Low,No
V3-1091,Unsafe Act,Production Area B,compressor maintenance,"during the morning shift, at the Production Area B, a vehicle operator was involved in compressor maintenance near the loading point. The worker or crew started the operation while another crew was still working inside the affected area. This created a situation involving an unplanned change in the work environment. The area was isolated while the condition was investigated.",English,YES,Unsafe positioning,Control not verified,Line of Fire,Critical,Yes
V3-0019,Safety Observation,Drilling Site,electrical maintenance,"shortly after the crew arrived, at the Drilling Site, a maintenance technician was involved in electrical maintenance near the valve station. Before the task progressed, the team confirmed communication with the control room. The supervisor remained available. The work proceeded without an uncontrolled change in conditions.",English,NO,No credible precursor identified,No personnel exposure,Hot Work,Routine,No
V3-1394,Unsafe Condition,Refinery Area A,lifting operation,"at the start of the work period, at the Refinery Area A, a maintenance technician was involved in lifting operation near the tank farm. The worker or crew started the task before the required control had been confirmed. This created a situation involving an unplanned change in the work environment. Work was suspended until the missing control was restored.",English,YES,Control failure,Personnel exposed to hazard,Energy Isolation,High,Yes
V3-0585,Unsafe Condition,Production Area B,crane operation,"at the start of the work period, at the Production Area B, a field operator was involved in crane operation near the maintenance area. Before the task progressed, the team checked the condition of the equipment before use. The work area remained controlled. The observation did not identify a credible high-consequence exposure.",English,NO,No credible precursor identified,Procedure followed,Confined Space,Low,No
V3-1296,Unsafe Act,Production Area B,lifting operation,"shortly after the crew arrived, at the Production Area B, the lifting team was involved in lifting operation near the workshop. The worker or crew started the task before the required control had been confirmed. This created a situation involving unexpected pressure in the process line. The area was isolated while the condition was investigated.",English,YES,Energy exposure,Personnel exposed to hazard,Energy Isolation,Critical,Yes
V3-0896,Unsafe Condition,Production Area B,crane operation,"shortly after the crew arrived, at the Production Area B, a welding crew was involved in crane operation near the pipeline corridor. The worker or crew began work before the isolation status was fully verified. This created a situation involving movement of a vehicle through the work area. The supervisor stopped the activity and moved the crew to a safe location.",English,YES,Uncontrolled hazard,Unsafe position observed,Energy Isolation,Critical,Yes
V3-1103,Unsafe Condition,Maintenance Workshop,crane operation,"during a planned maintenance window, at the Maintenance Workshop, the electrical crew was involved in crane operation near the utility yard. The worker or crew continued preparation while a critical control remained incomplete. This created a situation involving exposure to an energized component. The supervisor stopped the activity and moved the crew to a safe location.",English,YES,Unsafe positioning,Unexpected hazard identified,Energy Isolation,High,Yes
V3-1077,Near Miss,Pipeline Station 3,lifting operation,"shortly after the crew arrived, at the Pipeline Station 3, a vehicle operator was involved in lifting operation near the compressor bay. The worker or crew entered the restricted area before the required authorization was confirmed. This created a situation involving unexpected pressure in the process line. The supervisor stopped the activity and moved the crew to a safe location.",English,YES,Energy exposure,Unsafe position observed,Hot Work,Critical,Yes
V3-1255,Unsafe Condition,Maintenance Workshop,compressor maintenance,"during the afternoon shift, at the Maintenance Workshop, a vehicle operator was involved in compressor maintenance near the equipment bay. The worker or crew proceeded with the task after an unexpected change in conditions. This created a situation involving uncontrolled movement of a suspended load. The supervisor intervened before the task could continue.",English,YES,Control failure,Personnel exposed to hazard,Energy Isolation,Critical,Yes
V3-1139,Unsafe Act,Refinery Area A,grinding,"shortly after the crew arrived, at the Refinery Area A, the electrical crew was involved in grinding near the storage area. The worker or crew entered the restricted area before the required authorization was confirmed. This created a situation involving an active energy source that had not been fully controlled. The crew stopped work and the control measures were reviewed.",English,YES,Barrier failure,Barrier ineffective,Line of Fire,Critical,Yes
V3-1479,Near Miss,Pipeline Station 3,crane operation,"during the morning shift, at the Pipeline Station 3, a field operator was involved in crane operation near the storage area. The worker or crew started the task before the required control had been confirmed. This created a situation involving unexpected movement of equipment. The team withdrew from the area and reassessed the work conditions.",English,YES,Unsafe positioning,Control not verified,Line of Fire,High,Yes
V3-0536,Unsafe Act,Compressor Station 2,electrical maintenance,"at the start of the work period, at the Compressor Station 2, A small housekeeping issue was observed beside the work area and was corrected immediately. The observation was associated with electrical maintenance near the storage area. The condition was corrected before it could affect the work. The team corrected the issue before normal work continued.",English,NO,No credible precursor identified,No personnel exposure,Confined Space,Low,No
V3-0553,Unsafe Condition,Drilling Site,compressor maintenance,"shortly after the crew arrived, at the Drilling Site, the maintenance group was involved in compressor maintenance near the workshop. Before the task progressed, the team completed the pre-job safety discussion. The required separation was maintained. The observation did not identify a credible high-consequence exposure.",English,NO,No credible precursor identified,Precaution confirmed,Confined Space,Routine,No
V3-0017,Unsafe Act,Production Area B,electrical maintenance,"before the evening shutdown, at the Production Area B, The team noticed a damaged label on equipment and replaced it before continuing. The observation was associated with electrical maintenance near the loading point. The issue had no impact on the work boundary. The team corrected the issue before normal work continued.",English,NO,No credible precursor identified,Work area controlled,Line of Fire,Low,No
V3-0644,Near Miss,Production Area B,welding,"during the afternoon shift, at the Production Area B, A worker noticed a loose hand tool on the work platform and secured it before the task began. The observation was associated with welding near the maintenance area. The task had not started when the issue was identified. The team corrected the issue before normal work continued.",English,NO,No credible precursor identified,Work area controlled,Confined Space,Low,No
V3-0684,Unsafe Condition,Pipeline Station 3,compressor maintenance,"while preparing the work area, at the Pipeline Station 3, The team noticed a damaged label on equipment and replaced it before continuing. The observation was associated with compressor maintenance near the electrical room. The issue had no impact on the work boundary. The team corrected the issue before normal work continued.",English,NO,No credible precursor identified,No personnel exposure,Hot Work,Low,No
V3-1272,Unsafe Condition,Gas Processing Unit,lifting operation,"during routine field activity, at the Gas Processing Unit, a welding crew was involved in lifting operation near the pump area. The worker or crew began work before the isolation status was fully verified. This created a situation involving loss of separation from operating machinery. The supervisor intervened before the task could continue.",English,YES,Barrier failure,Control not verified,Confined Space,Critical,Yes
V3-0801,Near Miss,Compressor Station 2,compressor maintenance,"during the morning shift, at the Compressor Station 2, a field operator was involved in compressor maintenance near the pump area. The worker or crew moved into the work area while an important safeguard was still being checked. This created a situation involving temporary loss of a protective barrier. The supervisor stopped the activity and moved the crew to a safe location.",English,YES,Uncontrolled hazard,Barrier ineffective,Energy Isolation,High,Yes
V3-0209,Safety Observation,Production Area B,lifting operation,"while preparing the work area, at the Production Area B, the maintenance group was involved in lifting operation near the loading point. Before the task progressed, the team verified the required authorization. The approved sequence was followed. The surrounding conditions remained stable throughout the task.",English,NO,No credible precursor identified,Work area controlled,Confined Space,Low,No
V3-0759,Near Miss,Maintenance Workshop,vessel cleaning,"during routine field activity, at the Maintenance Workshop, a welding crew was involved in vessel cleaning near the pipeline corridor. The worker or crew positioned personnel closer to the active equipment than permitted. This created a situation involving possible release of stored energy. The team withdrew from the area and reassessed the work conditions.",English,YES,Barrier failure,Barrier ineffective,Line of Fire,High,Yes
V3-0530,Unsafe Condition,Maintenance Workshop,lifting operation,"during a planned maintenance window, at the Maintenance Workshop, a maintenance technician was involved in lifting operation near the maintenance area. Before the task progressed, the team checked the condition of the lifting equipment. The work area remained controlled. The observation did not identify a credible high-consequence exposure.",English,NO,No credible precursor identified,Procedure followed,Confined Space,Low,No
V3-0506,Unsafe Condition,Drilling Site,lifting operation,"at the start of the work period, at the Drilling Site, The crew found minor surface damage on a non-critical component during inspection and reported it for maintenance. The observation was associated with lifting operation near the elevated work platform. The crew maintained the required separation throughout. The team corrected the issue before normal work continued.",English,NO,No credible precursor identified,Precaution confirmed,Confined Space,Routine,No
V3-0899,Near Miss,Drilling Site,crane operation,"during a planned maintenance window, at the Drilling Site, the electrical crew was involved in crane operation near the valve station. The worker or crew continued the activity after a required barrier was found to be ineffective. This created a situation involving loss of separation from operating machinery. The area was isolated while the condition was investigated.",English,YES,Uncontrolled hazard,Personnel exposed to hazard,Confined Space,Critical,Yes
V3-0473,Unsafe Condition,Refinery Area A,pipeline repair,"while preparing the work area, at the Refinery Area A, the site team was involved in pipeline repair near the elevated work platform. Before the task progressed, the team reviewed the work instructions before starting. The planned precautions were maintained. The surrounding conditions remained stable throughout the task.",English,NO,No credible precursor identified,Work area controlled,Line of Fire,Low,No
V3-0001,Near Miss,Gas Processing Unit,welding,"during the afternoon shift, at the Gas Processing Unit, a vehicle operator was involved in welding near the workshop. Before the task progressed, the team completed the pre-job safety discussion. The work authorization was valid. The surrounding conditions remained stable throughout the task.",English,NO,No credible precursor identified,No personnel exposure,Confined Space,Routine,No
V3-1299,Near Miss,Pipeline Station 3,welding,"during the morning shift, at the Pipeline Station 3, a contractor was involved in welding near the storage area. The worker or crew continued the activity after a required barrier was found to be ineffective. This created a situation involving unexpected pressure in the process line. The supervisor intervened before the task could continue.",English,YES,Control failure,Unsafe position observed,Line of Fire,High,Yes
V3-0447,Near Miss,Gas Processing Unit,crane operation,"at the start of the work period, at the Gas Processing Unit, A temporary access obstruction was identified and removed before personnel entered the area. The observation was associated with crane operation near the process line. The equipment remained isolated from personnel activity. The team corrected the issue before normal work continued.",English,NO,No credible precursor identified,Control verified,Energy Isolation,Routine,No
V3-0259,Unsafe Condition,Compressor Station 2,pipeline repair,"during routine field activity, at the Compressor Station 2, A small housekeeping issue was observed beside the work area and was corrected immediately. The observation was associated with pipeline repair near the elevated work platform. No person was exposed to the condition. The team corrected the issue before normal work continued.",English,NO,No credible precursor identified,Precaution confirmed,Energy Isolation,Low,No
V3-1288,Unsafe Act,Gas Processing Unit,crane operation,"during the afternoon shift, at the Gas Processing Unit, a contractor was involved in crane operation near the compressor bay. The worker or crew moved into the work area while an important safeguard was still being checked. This created a situation involving unexpected pressure in the process line. The supervisor intervened before the task could continue.",English,YES,Control failure,Unsafe position observed,Confined Space,High,Yes
V3-1292,Unsafe Act,Gas Processing Unit,grinding,"while preparing the work area, at the Gas Processing Unit, the inspection team was involved in grinding near the elevated work platform. The worker or crew moved into the work area while an important safeguard was still being checked. This created a situation involving temporary loss of a protective barrier. The activity was paused and the affected equipment was secured.",English,YES,Control failure,Barrier ineffective,Confined Space,High,Yes
V3-1236,Near Miss,Tank Farm,electrical maintenance,"during the morning shift, at the Tank Farm, the lifting team was involved in electrical maintenance near the elevated work platform. The worker or crew started the operation while another crew was still working inside the affected area. This created a situation involving temporary loss of a protective barrier. The supervisor stopped the activity and moved the crew to a safe location.",English,YES,Unsafe positioning,Barrier ineffective,Line of Fire,High,Yes
V3-1374,Unsafe Condition,Tank Farm,pipeline repair,"during the morning shift, at the Tank Farm, a maintenance technician was involved in pipeline repair near the storage area. The worker or crew positioned personnel closer to the active equipment than permitted. This created a situation involving loss of separation from operating machinery. The area was isolated while the condition was investigated.",English,YES,Unsafe positioning,Barrier ineffective,Confined Space,Critical,Yes
V3-0152,Safety Observation,Pipeline Station 3,vehicle movement,"while preparing the work area, at the Pipeline Station 3, a vehicle operator was involved in vehicle movement near the compressor bay. Before the task progressed, the team confirmed communication with the control room. The equipment was within the approved operating condition. The planned barriers remained effective during the observation.",English,NO,No credible precursor identified,Control verified,Energy Isolation,Routine,No
V3-1213,Near Miss,Production Area B,compressor maintenance,"before the evening shutdown, at the Production Area B, a maintenance technician was involved in compressor maintenance near the maintenance area. The worker or crew started the task before the required control had been confirmed. This created a situation involving movement of a vehicle through the work area. The crew stopped work and the control measures were reviewed.",English,YES,Unsafe positioning,Personnel exposed to hazard,Confined Space,Critical,Yes
V3-1310,Near Miss,Utility Section,vessel cleaning,"during a planned maintenance window, at the Utility Section, the inspection team was involved in vessel cleaning near the tank farm. The worker or crew proceeded with the task after an unexpected change in conditions. This created a situation involving temporary loss of a protective barrier. The supervisor stopped the activity and moved the crew to a safe location.",English,YES,Energy exposure,Unsafe position observed,Line of Fire,Critical,Yes
V3-0242,Near Miss,Production Area B,grinding,"shortly after the crew arrived, at the Production Area B, A small housekeeping issue was observed beside the work area and was corrected immediately. The observation was associated with grinding near the elevated work platform. The observation involved housekeeping rather than an active energy source. The team corrected the issue before normal work continued.",English,NO,No credible precursor identified,Work area controlled,Line of Fire,Routine,No
V3-0395,Near Miss,Maintenance Workshop,pipeline repair,"during the afternoon shift, at the Maintenance Workshop, a welding crew was involved in pipeline repair near the utility yard. Before the task progressed, the team confirmed that the access route was clear. The work authorization was valid. The crew completed the activity without a serious exposure.",English,NO,No credible precursor identified,No personnel exposure,Energy Isolation,Routine,No
V3-1305,Unsafe Act,Maintenance Workshop,crane operation,"during routine field activity, at the Maintenance Workshop, the inspection team was involved in crane operation near the equipment bay. The worker or crew approached the operating equipment without maintaining the expected separation. This created a situation involving possible release of stored energy. Work was suspended until the missing control was restored.",English,YES,Barrier failure,Unexpected hazard identified,Line of Fire,Critical,Yes
V3-0912,Near Miss,Gas Processing Unit,lifting operation,"shortly after the crew arrived, at the Gas Processing Unit, the site team was involved in lifting operation near the pipeline corridor. The worker or crew started the operation while another crew was still working inside the affected area. This created a situation involving uncontrolled movement of a suspended load. Work was suspended until the missing control was restored.",English,YES,Barrier failure,Personnel exposed to hazard,Confined Space,Critical,Yes
V3-0165,Near Miss,Tank Farm,compressor maintenance,"during a planned maintenance window, at the Tank Farm, a vehicle operator was involved in compressor maintenance near the valve station. Before the task progressed, the team confirmed that the access route was clear. The work area remained controlled. The crew completed the activity without a serious exposure.",English,NO,No credible precursor identified,Control verified,Energy Isolation,Routine,No
V3-0160,Near Miss,Gas Processing Unit,compressor maintenance,"shortly after the crew arrived, at the Gas Processing Unit, The crew found minor surface damage on a non-critical component during inspection and reported it for maintenance. The observation was associated with compressor maintenance near the workshop. No person was exposed to the condition. The team corrected the issue before normal work continued.",English,NO,No credible precursor identified,Precaution confirmed,Line of Fire,Low,No
V3-0075,Unsafe Act,Gas Processing Unit,vehicle movement,"at the start of the work period, at the Gas Processing Unit, A routine inspection identified a small housekeeping deviation with no personnel exposure. The observation was associated with vehicle movement near the utility yard. The equipment remained isolated from personnel activity. The team corrected the issue before normal work continued.",English,NO,No credible precursor identified,No personnel exposure,Line of Fire,Low,No
V3-1430,Unsafe Condition,Compressor Station 2,welding,"while preparing the work area, at the Compressor Station 2, the maintenance group was involved in welding near the pipeline corridor. The worker or crew positioned personnel closer to the active equipment than permitted. This created a situation involving possible release of stored energy. The operation was halted until the required protection was established.",English,YES,Unsafe positioning,Unexpected hazard identified,Line of Fire,Critical,Yes
V3-0664,Unsafe Act,Maintenance Workshop,tank entry,"during the afternoon shift, at the Maintenance Workshop, the lifting team was involved in tank entry near the production unit. Before the task progressed, the team confirmed that the access route was clear. The access controls remained in place. The observation did not identify a credible high-consequence exposure.",English,NO,No credible precursor identified,Work area controlled,Line of Fire,Low,No
V3-0949,Near Miss,Gas Processing Unit,crane operation,"during the morning shift, at the Gas Processing Unit, the inspection team was involved in crane operation near the loading point. The worker or crew positioned personnel closer to the active equipment than permitted. This created a situation involving exposure to an energized component. The operation was halted until the required protection was established.",English,YES,Uncontrolled hazard,Personnel exposed to hazard,Hot Work,Critical,Yes
V3-0965,Near Miss,Utility Section,vehicle movement,"before the evening shutdown, at the Utility Section, a welding crew was involved in vehicle movement near the loading point. The worker or crew moved into the work area while an important safeguard was still being checked. This created a situation involving temporary loss of a protective barrier. The activity was paused and the affected equipment was secured.",English,YES,Uncontrolled hazard,Barrier ineffective,Hot Work,Critical,Yes
V3-1347,Unsafe Condition,Drilling Site,welding,"while preparing the work area, at the Drilling Site, the maintenance group was involved in welding near the valve station. The worker or crew positioned personnel closer to the active equipment than permitted. This created a situation involving an unplanned change in the work environment. The activity was paused and the affected equipment was secured.",English,YES,Uncontrolled hazard,Unsafe position observed,Line of Fire,High,Yes
V3-0809,Unsafe Condition,Tank Farm,electrical maintenance,"shortly after the crew arrived, at the Tank Farm, the maintenance group was involved in electrical maintenance near the storage area. The worker or crew entered the restricted area before the required authorization was confirmed. This created a situation involving unexpected movement of equipment. The operation was halted until the required protection was established.",English,YES,Barrier failure,Control not verified,Hot Work,Critical,Yes
V3-0944,Near Miss,Pipeline Station 3,electrical maintenance,"at the start of the work period, at the Pipeline Station 3, the inspection team was involved in electrical maintenance near the process line. The worker or crew started the task before the required control had been confirmed. This created a situation involving uncontrolled movement of a suspended load. The activity was paused and the affected equipment was secured.",English,YES,Energy exposure,Unexpected hazard identified,Hot Work,High,Yes
V3-1232,Unsafe Act,Refinery Area A,grinding,"while preparing the work area, at the Refinery Area A, the site team was involved in grinding near the workshop. The worker or crew continued preparation while a critical control remained incomplete. This created a situation involving possible release of stored energy. The activity was paused and the affected equipment was secured.",English,YES,Barrier failure,Unexpected hazard identified,Line of Fire,Critical,Yes
V3-0491,Safety Observation,Loading Terminal,compressor maintenance,"during a planned maintenance window, at the Loading Terminal, a welding crew was involved in compressor maintenance near the compressor bay. Before the task progressed, the team checked the condition of the equipment before use. The access controls remained in place. The crew completed the activity without a serious exposure.",English,NO,No credible precursor identified,Control verified,Confined Space,Low,No
V3-1229,Unsafe Act,Drilling Site,lifting operation,"during the afternoon shift, at the Drilling Site, a vehicle operator was involved in lifting operation near the loading point. The worker or crew began work before the isolation status was fully verified. This created a situation involving unexpected pressure in the process line. The supervisor stopped the activity and moved the crew to a safe location.",English,YES,Control failure,Unsafe position observed,Energy Isolation,Critical,Yes
V3-0263,Unsafe Condition,Utility Section,crane operation,"during routine field activity, at the Utility Section, the lifting team was involved in crane operation near the compressor bay. Before the task progressed, the team completed the pre-job safety discussion. The team stayed within the designated work area. The crew completed the activity without a serious exposure.",English,NO,No credible precursor identified,No personnel exposure,Confined Space,Low,No
V3-0355,Unsafe Act,Compressor Station 2,tank entry,"during a planned maintenance window, at the Compressor Station 2, A small housekeeping issue was observed beside the work area and was corrected immediately. The observation was associated with tank entry near the storage area. The task had not started when the issue was identified. The team corrected the issue before normal work continued.",English,NO,No credible precursor identified,Precaution confirmed,Energy Isolation,Routine,No
V3-0847,Unsafe Act,Loading Terminal,grinding,"at the start of the work period, at the Loading Terminal, a contractor was involved in grinding near the loading point. The worker or crew continued the activity after a required barrier was found to be ineffective. This created a situation involving movement of a vehicle through the work area. The team withdrew from the area and reassessed the work conditions.",English,YES,Control failure,Unsafe position observed,Energy Isolation,High,Yes
V3-1262,Unsafe Condition,Pipeline Station 3,electrical maintenance,"before the evening shutdown, at the Pipeline Station 3, the electrical crew was involved in electrical maintenance near the storage area. The worker or crew approached the operating equipment without maintaining the expected separation. This created a situation involving an active energy source that had not been fully controlled. The operation was halted until the required protection was established.",English,YES,Energy exposure,Unsafe position observed,Hot Work,High,Yes
V3-0854,Near Miss,Loading Terminal,vehicle movement,"during the morning shift, at the Loading Terminal, a maintenance technician was involved in vehicle movement near the electrical room. The worker or crew proceeded with the task after an unexpected change in conditions. This created a situation involving exposure to an energized component. The crew stopped work and the control measures were reviewed.",English,YES,Uncontrolled hazard,Control not verified,Confined Space,Critical,Yes
V3-1018,Near Miss,Pipeline Station 3,pipeline repair,"at the start of the work period, at the Pipeline Station 3, the lifting team was involved in pipeline repair near the pump area. The worker or crew started the task before the required control had been confirmed. This created a situation involving possible release of stored energy. The activity was paused and the affected equipment was secured.",English,YES,Barrier failure,Unsafe position observed,Line of Fire,Critical,Yes
V3-1354,Unsafe Act,Utility Section,vehicle movement,"during a planned maintenance window, at the Utility Section, the electrical crew was involved in vehicle movement near the pipeline corridor. The worker or crew entered the restricted area before the required authorization was confirmed. This created a situation involving an unplanned change in the work environment. The activity was paused and the affected equipment was secured.",English,YES,Uncontrolled hazard,Personnel exposed to hazard,Line of Fire,Critical,Yes
V3-0781,Near Miss,Utility Section,welding,"at the start of the work period, at the Utility Section, a contractor was involved in welding near the process line. The worker or crew entered the restricted area before the required authorization was confirmed. This created a situation involving unexpected pressure in the process line. Work was suspended until the missing control was restored.",English,YES,Control failure,Unexpected hazard identified,Energy Isolation,Critical,Yes
V3-0862,Unsafe Act,Tank Farm,lifting operation,"during routine field activity, at the Tank Farm, a contractor was involved in lifting operation near the pipeline corridor. The worker or crew continued the activity after a required barrier was found to be ineffective. This created a situation involving loss of separation from operating machinery. The supervisor intervened before the task could continue.",English,YES,Unsafe positioning,Barrier ineffective,Line of Fire,High,Yes
V3-0181,Unsafe Act,Tank Farm,welding,"during routine field activity, at the Tank Farm, the lifting team was involved in welding near the pump area. Before the task progressed, the team confirmed that the access route was clear. The supervisor remained available. The planned barriers remained effective during the observation.",English,NO,No credible precursor identified,Procedure followed,Energy Isolation,Low,No
V3-0770,Unsafe Act,Refinery Area A,grinding,"during routine field activity, at the Refinery Area A, a field operator was involved in grinding near the pipeline corridor. The worker or crew approached the operating equipment without maintaining the expected separation. This created a situation involving an unplanned change in the work environment. The team withdrew from the area and reassessed the work conditions.",English,YES,Uncontrolled hazard,Barrier ineffective,Energy Isolation,Critical,Yes
V3-0714,Safety Observation,Maintenance Workshop,vessel cleaning,"while preparing the work area, at the Maintenance Workshop, A temporary access obstruction was identified and removed before personnel entered the area. The observation was associated with vessel cleaning near the maintenance area. The crew maintained the required separation throughout. The team corrected the issue before normal work continued.",English,NO,No credible precursor identified,Procedure followed,Confined Space,Routine,No
V3-1045,Near Miss,Gas Processing Unit,electrical maintenance,"shortly after the crew arrived, at the Gas Processing Unit, the lifting team was involved in electrical maintenance near the process line. The worker or crew moved into the work area while an important safeguard was still being checked. This created a situation involving temporary loss of a protective barrier. The team withdrew from the area and reassessed the work conditions.",English,YES,Unsafe positioning,Unexpected hazard identified,Hot Work,High,Yes
V3-1221,Near Miss,Gas Processing Unit,welding,"during the afternoon shift, at the Gas Processing Unit, a vehicle operator was involved in welding near the equipment bay. The worker or crew positioned personnel closer to the active equipment than permitted. This created a situation involving possible release of stored energy. The team withdrew from the area and reassessed the work conditions.",English,YES,Energy exposure,Control not verified,Confined Space,Critical,Yes
V3-0053,Unsafe Condition,Tank Farm,tank entry,"while preparing the work area, at the Tank Farm, A worker noticed a loose hand tool on the work platform and secured it before the task began. The observation was associated with tank entry near the elevated work platform. The task had not started when the issue was identified. The team corrected the issue before normal work continued.",English,NO,No credible precursor identified,Work area controlled,Confined Space,Routine,No
V3-0531,Unsafe Act,Compressor Station 2,vehicle movement,"at the start of the work period, at the Compressor Station 2, a vehicle operator was involved in vehicle movement near the tank farm. Before the task progressed, the team confirmed communication with the control room. The equipment was within the approved operating condition. No hazardous deviation was observed.",English,NO,No credible precursor identified,Procedure followed,Hot Work,Low,No
V3-0677,Near Miss,Utility Section,tank entry,"before the evening shutdown, at the Utility Section, a contractor was involved in tank entry near the workshop. Before the task progressed, the team confirmed communication with the control room. The work area remained controlled. No significant control breakdown was identified.",English,NO,No credible precursor identified,Procedure followed,Line of Fire,Low,No
V3-1251,Unsafe Act,Production Area B,welding,"during the morning shift, at the Production Area B, the electrical crew was involved in welding near the utility yard. The worker or crew began work before the isolation status was fully verified. This created a situation involving movement of a vehicle through the work area. The team withdrew from the area and reassessed the work conditions.",English,YES,Control failure,Personnel exposed to hazard,Confined Space,High,Yes
V3-0841,Unsafe Condition,Loading Terminal,electrical maintenance,"while preparing the work area, at the Loading Terminal, a maintenance technician was involved in electrical maintenance near the pipeline corridor. The worker or crew approached the operating equipment without maintaining the expected separation. This created a situation involving loss of separation from operating machinery. The area was isolated while the condition was investigated.",English,YES,Barrier failure,Personnel exposed to hazard,Confined Space,Critical,Yes
V3-0369,Near Miss,Loading Terminal,tank entry,"while preparing the work area, at the Loading Terminal, the electrical crew was involved in tank entry near the maintenance area. Before the task progressed, the team reviewed the work instructions before starting. The approved sequence was followed. The crew completed the activity without a serious exposure.",English,NO,No credible precursor identified,Procedure followed,Energy Isolation,Low,No
V3-0266,Unsafe Condition,Compressor Station 2,grinding,"shortly after the crew arrived, at the Compressor Station 2, a vehicle operator was involved in grinding near the maintenance area. Before the task progressed, the team checked the condition of the equipment before use. The required safeguards were available. No significant control breakdown was identified.",English,NO,No credible precursor identified,Precaution confirmed,Energy Isolation,Low,No
V3-0052,Unsafe Act,Pipeline Station 3,welding,"before the evening shutdown, at the Pipeline Station 3, A worker noticed a loose hand tool on the work platform and secured it before the task began. The observation was associated with welding near the process line. No person was exposed to the condition. The team corrected the issue before normal work continued.",English,NO,No credible precursor identified,Precaution confirmed,Line of Fire,Routine,No
V3-1317,Unsafe Condition,Utility Section,vehicle movement,"at the start of the work period, at the Utility Section, the electrical crew was involved in vehicle movement near the valve station. The worker or crew continued the activity after a required barrier was found to be ineffective. This created a situation involving unexpected pressure in the process line. The activity was paused and the affected equipment was secured.",English,YES,Unsafe positioning,Barrier ineffective,Line of Fire,High,Yes
V3-0793,Near Miss,Production Area B,crane operation,"during a planned maintenance window, at the Production Area B, the site team was involved in crane operation near the tank farm. The worker or crew positioned personnel closer to the active equipment than permitted. This created a situation involving loss of separation from operating machinery. Work was suspended until the missing control was restored.",English,YES,Control failure,Control not verified,Energy Isolation,Critical,Yes
V3-0519,Near Miss,Production Area B,welding,"during the afternoon shift, at the Production Area B, the lifting team was involved in welding near the equipment bay. Before the task progressed, the team confirmed the work boundary with the supervisor. The approved sequence was followed. The observation did not identify a credible high-consequence exposure.",English,NO,No credible precursor identified,Control verified,Hot Work,Routine,No
V3-0516,Unsafe Act,Utility Section,electrical maintenance,"during the morning shift, at the Utility Section, A temporary access obstruction was identified and removed before personnel entered the area. The observation was associated with electrical maintenance near the utility yard. The task had not started when the issue was identified. The team corrected the issue before normal work continued.",English,NO,No credible precursor identified,Work area controlled,Line of Fire,Routine,No
V3-0947,Unsafe Condition,Refinery Area A,vessel cleaning,"before the evening shutdown, at the Refinery Area A, the electrical crew was involved in vessel cleaning near the tank farm. The worker or crew entered the restricted area before the required authorization was confirmed. This created a situation involving uncontrolled movement of a suspended load. The area was isolated while the condition was investigated.",English,YES,Uncontrolled hazard,Unexpected hazard identified,Energy Isolation,Critical,Yes
V3-0448,Near Miss,Loading Terminal,electrical maintenance,"during a planned maintenance window, at the Loading Terminal, the inspection team was involved in electrical maintenance near the utility yard. Before the task progressed, the team completed the pre-job safety discussion. The access controls remained in place. The planned barriers remained effective during the observation.",English,NO,No credible precursor identified,Procedure followed,Line of Fire,Low,No
V3-0330,Unsafe Condition,Utility Section,vehicle movement,"before the evening shutdown, at the Utility Section, a field operator was involved in vehicle movement near the pipeline corridor. Before the task progressed, the team inspected the surrounding area before beginning. The work authorization was valid. The work proceeded without an uncontrolled change in conditions.",English,NO,No credible precursor identified,Precaution confirmed,Hot Work,Low,No
V3-0434,Unsafe Condition,Refinery Area A,compressor maintenance,"at the start of the work period, at the Refinery Area A, a field operator was involved in compressor maintenance near the electrical room. Before the task progressed, the team inspected the surrounding area before beginning. The work authorization was valid. No hazardous deviation was observed.",English,NO,No credible precursor identified,Precaution confirmed,Line of Fire,Routine,No
V3-0654,Unsafe Act,Pipeline Station 3,vehicle movement,"during the morning shift, at the Pipeline Station 3, A small housekeeping issue was observed beside the work area and was corrected immediately. The observation was associated with vehicle movement near the maintenance area. The condition was corrected before it could affect the work. The team corrected the issue before normal work continued.",English,NO,No credible precursor identified,Procedure followed,Line of Fire,Low,No
V3-1193,Near Miss,Tank Farm,pipeline repair,"while preparing the work area, at the Tank Farm, a maintenance technician was involved in pipeline repair near the equipment bay. The worker or crew started the task before the required control had been confirmed. This created a situation involving exposure to an energized component. The supervisor stopped the activity and moved the crew to a safe location.",English,YES,Unsafe positioning,Barrier ineffective,Hot Work,Critical,Yes
V3-0006,Near Miss,Utility Section,grinding,"during the afternoon shift, at the Utility Section, the lifting team was involved in grinding near the pipeline corridor. Before the task progressed, the team reviewed the isolation status before starting. The approved sequence was followed. No significant control breakdown was identified.",English,NO,No credible precursor identified,Precaution confirmed,Confined Space,Low,No
V3-0942,Unsafe Condition,Tank Farm,welding,"shortly after the crew arrived, at the Tank Farm, the site team was involved in welding near the process line. The worker or crew continued the activity after a required barrier was found to be ineffective. This created a situation involving unexpected movement of equipment. The crew stopped work and the control measures were reviewed.",English,YES,Control failure,Control not verified,Confined Space,High,Yes
V3-0860,Unsafe Act,Loading Terminal,pipeline repair,"during the morning shift, at the Loading Terminal, a field operator was involved in pipeline repair near the tank farm. The worker or crew started the operation while another crew was still working inside the affected area. This created a situation involving possible release of stored energy. The activity was paused and the affected equipment was secured.",English,YES,Uncontrolled hazard,Control not verified,Confined Space,Critical,Yes
V3-1140,Unsafe Act,Pipeline Station 3,electrical maintenance,"during the morning shift, at the Pipeline Station 3, the lifting team was involved in electrical maintenance near the pipeline corridor. The worker or crew positioned personnel closer to the active equipment than permitted. This created a situation involving unexpected movement of equipment. The area was isolated while the condition was investigated.",English,YES,Unsafe positioning,Unsafe position observed,Energy Isolation,Critical,Yes
V3-0032,Unsafe Act,Tank Farm,welding,"before the evening shutdown, at the Tank Farm, a field operator was involved in welding near the workshop. Before the task progressed, the team checked the condition of the equipment before use. The required safeguards were available. The work proceeded without an uncontrolled change in conditions.",English,NO,No credible precursor identified,No personnel exposure,Energy Isolation,Low,No
V3-0552,Unsafe Condition,Gas Processing Unit,vessel cleaning,"at the start of the work period, at the Gas Processing Unit, a vehicle operator was involved in vessel cleaning near the production unit. Before the task progressed, the team verified the required authorization. The work area remained controlled. The observation did not identify a credible high-consequence exposure.",English,NO,No credible precursor identified,Procedure followed,Hot Work,Low,No
V3-1080,Near Miss,Compressor Station 2,vehicle movement,"before the evening shutdown, at the Compressor Station 2, the electrical crew was involved in vehicle movement near the pipeline corridor. The worker or crew started the task before the required control had been confirmed. This created a situation involving an active energy source that had not been fully controlled. The operation was halted until the required protection was established.",English,YES,Energy exposure,Personnel exposed to hazard,Confined Space,Critical,Yes
V3-0382,Near Miss,Utility Section,grinding,"before the evening shutdown, at the Utility Section, the maintenance group was involved in grinding near the electrical room. Before the task progressed, the team inspected the surrounding area before beginning. The planned precautions were maintained. No hazardous deviation was observed.",English,NO,No credible precursor identified,Procedure followed,Energy Isolation,Low,No
V3-1027,Near Miss,Refinery Area A,lifting operation,"at the start of the work period, at the Refinery Area A, a field operator was involved in lifting operation near the tank farm. The worker or crew entered the restricted area before the required authorization was confirmed. This created a situation involving movement of a vehicle through the work area. The supervisor stopped the activity and moved the crew to a safe location.",English,YES,Uncontrolled hazard,Personnel exposed to hazard,Confined Space,High,Yes
V3-0724,Unsafe Act,Maintenance Workshop,welding,"shortly after the crew arrived, at the Maintenance Workshop, a contractor was involved in welding near the storage area. Before the task progressed, the team confirmed the work boundary with the supervisor. The planned precautions were maintained. The planned barriers remained effective during the observation.",English,NO,No credible precursor identified,Control verified,Energy Isolation,Routine,No
V3-1405,Unsafe Condition,Compressor Station 2,pipeline repair,"before the evening shutdown, at the Compressor Station 2, a welding crew was involved in pipeline repair near the maintenance area. The worker or crew approached the operating equipment without maintaining the expected separation. This created a situation involving an unplanned change in the work environment. The activity was paused and the affected equipment was secured.",English,YES,Control failure,Personnel exposed to hazard,Hot Work,High,Yes
V3-0371,Safety Observation,Drilling Site,grinding,"before the evening shutdown, at the Drilling Site, The team noticed a damaged label on equipment and replaced it before continuing. The observation was associated with grinding near the production unit. The task had not started when the issue was identified. The team corrected the issue before normal work continued.",English,NO,No credible precursor identified,Work area controlled,Confined Space,Low,No
V3-0518,Near Miss,Maintenance Workshop,crane operation,"at the start of the work period, at the Maintenance Workshop, the inspection team was involved in crane operation near the storage area. Before the task progressed, the team checked the condition of the equipment before use. The work area remained controlled. No significant control breakdown was identified.",English,NO,No credible precursor identified,Control verified,Energy Isolation,Routine,No
V3-0733,Safety Observation,Compressor Station 2,compressor maintenance,"during routine field activity, at the Compressor Station 2, A routine inspection identified a small housekeeping deviation with no personnel exposure. The observation was associated with compressor maintenance near the storage area. The issue had no impact on the work boundary. The team corrected the issue before normal work continued.",English,NO,No credible precursor identified,Procedure followed,Energy Isolation,Low,No
V3-1425,Unsafe Act,Maintenance Workshop,vessel cleaning,"during routine field activity, at the Maintenance Workshop, a welding crew was involved in vessel cleaning near the electrical room. The worker or crew started the task before the required control had been confirmed. This created a situation involving movement of a vehicle through the work area. The supervisor stopped the activity and moved the crew to a safe location.",English,YES,Uncontrolled hazard,Personnel exposed to hazard,Energy Isolation,High,Yes
V3-0030,Unsafe Act,Maintenance Workshop,crane operation,"at the start of the work period, at the Maintenance Workshop, A temporary access obstruction was identified and removed before personnel entered the area. The observation was associated with crane operation near the valve station. The observation involved housekeeping rather than an active energy source. The team corrected the issue before normal work continued.",English,NO,No credible precursor identified,Work area controlled,Confined Space,Low,No
V3-1315,Unsafe Act,Loading Terminal,electrical maintenance,"shortly after the crew arrived, at the Loading Terminal, the electrical crew was involved in electrical maintenance near the tank farm. The worker or crew began work before the isolation status was fully verified. This created a situation involving possible release of stored energy. The supervisor intervened before the task could continue.",English,YES,Unsafe positioning,Control not verified,Confined Space,High,Yes
V3-1105,Unsafe Condition,Maintenance Workshop,crane operation,"during routine field activity, at the Maintenance Workshop, the site team was involved in crane operation near the elevated work platform. The worker or crew started the operation while another crew was still working inside the affected area. This created a situation involving loss of separation from operating machinery. The crew stopped work and the control measures were reviewed.",English,YES,Uncontrolled hazard,Unsafe position observed,Confined Space,Critical,Yes
V3-0710,Safety Observation,Pipeline Station 3,crane operation,"during the morning shift, at the Pipeline Station 3, a maintenance technician was involved in crane operation near the electrical room. Before the task progressed, the team completed the pre-job safety discussion. The planned precautions were maintained. The planned barriers remained effective during the observation.",English,NO,No credible precursor identified,Control verified,Energy Isolation,Low,No
V3-0338,Near Miss,Drilling Site,crane operation,"during the morning shift, at the Drilling Site, A routine inspection identified a small housekeeping deviation with no personnel exposure. The observation was associated with crane operation near the utility yard. The affected item was outside the active work path. The team corrected the issue before normal work continued.",English,NO,No credible precursor identified,Procedure followed,Hot Work,Routine,No
V3-0109,Near Miss,Maintenance Workshop,vehicle movement,"during the morning shift, at the Maintenance Workshop, the lifting team was involved in vehicle movement near the elevated work platform. Before the task progressed, the team completed the pre-job safety discussion. The approved sequence was followed. The planned barriers remained effective during the observation.",English,NO,No credible precursor identified,Control verified,Hot Work,Low,No
V3-1486,Unsafe Condition,Drilling Site,electrical maintenance,"during the afternoon shift, at the Drilling Site, a welding crew was involved in electrical maintenance near the utility yard. The worker or crew continued the activity after a required barrier was found to be ineffective. This created a situation involving an unplanned change in the work environment. Work was suspended until the missing control was restored.",English,YES,Barrier failure,Control not verified,Energy Isolation,Critical,Yes
V3-0526,Near Miss,Gas Processing Unit,welding,"during routine field activity, at the Gas Processing Unit, a maintenance technician was involved in welding near the pump area. Before the task progressed, the team checked the condition of the equipment before use. The equipment was within the approved operating condition. The observation did not identify a credible high-consequence exposure.",English,NO,No credible precursor identified,Precaution confirmed,Confined Space,Low,No
V3-0878,Unsafe Condition,Compressor Station 2,vehicle movement,"during the morning shift, at the Compressor Station 2, the inspection team was involved in vehicle movement near the process line. The worker or crew started the operation while another crew was still working inside the affected area. This created a situation involving movement of a vehicle through the work area. The crew stopped work and the control measures were reviewed.",English,YES,Barrier failure,Control not verified,Line of Fire,Critical,Yes
V3-0820,Near Miss,Gas Processing Unit,pipeline repair,"during a planned maintenance window, at the Gas Processing Unit, the electrical crew was involved in pipeline repair near the valve station. The worker or crew started the task before the required control had been confirmed. This created a situation involving temporary loss of a protective barrier. Work was suspended until the missing control was restored.",English,YES,Energy exposure,Unexpected hazard identified,Energy Isolation,Critical,Yes
V3-1153,Near Miss,Gas Processing Unit,vessel cleaning,"at the start of the work period, at the Gas Processing Unit, the lifting team was involved in vessel cleaning near the production unit. The worker or crew approached the operating equipment without maintaining the expected separation. This created a situation involving movement of a vehicle through the work area. The operation was halted until the required protection was established.",English,YES,Unsafe positioning,Barrier ineffective,Energy Isolation,High,Yes
V3-1237,Unsafe Act,Production Area B,crane operation,"before the evening shutdown, at the Production Area B, a field operator was involved in crane operation near the pump area. The worker or crew entered the restricted area before the required authorization was confirmed. This created a situation involving an active energy source that had not been fully controlled. The activity was paused and the affected equipment was secured.",English,YES,Uncontrolled hazard,Personnel exposed to hazard,Line of Fire,Critical,Yes
V3-1333,Unsafe Act,Tank Farm,compressor maintenance,"at the start of the work period, at the Tank Farm, the site team was involved in compressor maintenance near the pipeline corridor. The worker or crew moved into the work area while an important safeguard was still being checked. This created a situation involving possible release of stored energy. Work was suspended until the missing control was restored.",English,YES,Energy exposure,Control not verified,Line of Fire,Critical,Yes
V3-0436,Unsafe Act,Loading Terminal,tank entry,"shortly after the crew arrived, at the Loading Terminal, a contractor was involved in tank entry near the pump area. Before the task progressed, the team checked the condition of the equipment before use. The required separation was maintained. The observation did not identify a credible high-consequence exposure.",English,NO,No credible precursor identified,Control verified,Energy Isolation,Low,No
V3-0343,Unsafe Condition,Refinery Area A,welding,"before the evening shutdown, at the Refinery Area A, A small housekeeping issue was observed beside the work area and was corrected immediately. The observation was associated with welding near the pipeline corridor. The equipment remained isolated from personnel activity. The team corrected the issue before normal work continued.",English,NO,No credible precursor identified,Precaution confirmed,Line of Fire,Low,No
V3-1002,Near Miss,Drilling Site,lifting operation,"at the start of the work period, at the Drilling Site, the maintenance group was involved in lifting operation near the pump area. The worker or crew continued the activity after a required barrier was found to be ineffective. This created a situation involving uncontrolled movement of a suspended load. The area was isolated while the condition was investigated.",English,YES,Uncontrolled hazard,Personnel exposed to hazard,Hot Work,Critical,Yes
V3-0204,Unsafe Act,Tank Farm,electrical maintenance,"at the start of the work period, at the Tank Farm, the maintenance group was involved in electrical maintenance near the workshop. Before the task progressed, the team checked the condition of the lifting equipment. The supervisor remained available. No hazardous deviation was observed.",English,NO,No credible precursor identified,Procedure followed,Energy Isolation,Routine,No
V3-0755,Unsafe Condition,Tank Farm,welding,"during the morning shift, at the Tank Farm, the maintenance group was involved in welding near the valve station. The worker or crew started the task before the required control had been confirmed. This created a situation involving loss of separation from operating machinery. The area was isolated while the condition was investigated.",English,YES,Energy exposure,Control not verified,Line of Fire,High,Yes
V3-0931,Near Miss,Drilling Site,pipeline repair,"shortly after the crew arrived, at the Drilling Site, the inspection team was involved in pipeline repair near the electrical room. The worker or crew continued the activity after a required barrier was found to be ineffective. This created a situation involving unexpected movement of equipment. The supervisor intervened before the task could continue.",English,YES,Energy exposure,Control not verified,Line of Fire,Critical,Yes
V3-0144,Near Miss,Production Area B,lifting operation,"shortly after the crew arrived, at the Production Area B, The crew found minor surface damage on a non-critical component during inspection and reported it for maintenance. The observation was associated with lifting operation near the compressor bay. The condition was corrected before it could affect the work. The team corrected the issue before normal work continued.",English,NO,No credible precursor identified,No personnel exposure,Hot Work,Low,No
V3-0188,Safety Observation,Compressor Station 2,electrical maintenance,"shortly after the crew arrived, at the Compressor Station 2, The team noticed a damaged label on equipment and replaced it before continuing. The observation was associated with electrical maintenance near the maintenance area. The crew maintained the required separation throughout. The team corrected the issue before normal work continued.",English,NO,No credible precursor identified,Procedure followed,Line of Fire,Low,No
V3-0626,Safety Observation,Compressor Station 2,vehicle movement,"during routine field activity, at the Compressor Station 2, the electrical crew was involved in vehicle movement near the utility yard. Before the task progressed, the team confirmed communication with the control room. The work authorization was valid. The observation did not identify a credible high-consequence exposure.",English,NO,No credible precursor identified,Control verified,Hot Work,Low,No
V3-0581,Safety Observation,Loading Terminal,compressor maintenance,"during a planned maintenance window, at the Loading Terminal, A warning sign had shifted from its original position and was restored before work started. The observation was associated with compressor maintenance near the elevated work platform. The crew maintained the required separation throughout. The team corrected the issue before normal work continued.",English,NO,No credible precursor identified,Control verified,Line of Fire,Low,No
V3-0948,Unsafe Act,Utility Section,pipeline repair,"during a planned maintenance window, at the Utility Section, the maintenance group was involved in pipeline repair near the storage area. The worker or crew proceeded with the task after an unexpected change in conditions. This created a situation involving possible release of stored energy. The supervisor intervened before the task could continue.",English,YES,Barrier failure,Unexpected hazard identified,Energy Isolation,High,Yes
V3-1339,Unsafe Act,Gas Processing Unit,lifting operation,"during the morning shift, at the Gas Processing Unit, the electrical crew was involved in lifting operation near the maintenance area. The worker or crew proceeded with the task after an unexpected change in conditions. This created a situation involving temporary loss of a protective barrier. The area was isolated while the condition was investigated.",English,YES,Energy exposure,Personnel exposed to hazard,Confined Space,Critical,Yes
V3-0058,Near Miss,Gas Processing Unit,vehicle movement,"during the afternoon shift, at the Gas Processing Unit, A routine inspection identified a small housekeeping deviation with no personnel exposure. The observation was associated with vehicle movement near the workshop. The equipment remained isolated from personnel activity. The team corrected the issue before normal work continued.",English,NO,No credible precursor identified,Control verified,Line of Fire,Low,No
V3-0226,Unsafe Act,Drilling Site,lifting operation,"before the evening shutdown, at the Drilling Site, A worker reported a minor equipment defect that did not affect the active task and the item was tagged for follow-up. The observation was associated with lifting operation near the pump area. No person was exposed to the condition. The team corrected the issue before normal work continued.",English,NO,No credible precursor identified,Procedure followed,Hot Work,Routine,No
V3-1490,Unsafe Act,Production Area B,vehicle movement,"shortly after the crew arrived, at the Production Area B, the maintenance group was involved in vehicle movement near the process line. The worker or crew entered the restricted area before the required authorization was confirmed. This created a situation involving an active energy source that had not been fully controlled. The activity was paused and the affected equipment was secured.",English,YES,Uncontrolled hazard,Control not verified,Confined Space,High,Yes
V3-0992,Unsafe Act,Gas Processing Unit,grinding,"while preparing the work area, at the Gas Processing Unit, the site team was involved in grinding near the elevated work platform. The worker or crew continued preparation while a critical control remained incomplete. This created a situation involving loss of separation from operating machinery. The supervisor stopped the activity and moved the crew to a safe location.",English,YES,Energy exposure,Barrier ineffective,Hot Work,High,Yes
V3-0024,Safety Observation,Production Area B,pipeline repair,"at the start of the work period, at the Production Area B, the inspection team was involved in pipeline repair near the pump area. Before the task progressed, the team confirmed communication with the control room. The required safeguards were available. The surrounding conditions remained stable throughout the task.",English,NO,No credible precursor identified,Precaution confirmed,Hot Work,Low,No
V3-0821,Near Miss,Tank Farm,vehicle movement,"during routine field activity, at the Tank Farm, the maintenance group was involved in vehicle movement near the electrical room. The worker or crew started the operation while another crew was still working inside the affected area. This created a situation involving exposure to an energized component. The activity was paused and the affected equipment was secured.",English,YES,Uncontrolled hazard,Control not verified,Confined Space,High,Yes
V3-0885,Unsafe Condition,Maintenance Workshop,crane operation,"before the evening shutdown, at the Maintenance Workshop, a vehicle operator was involved in crane operation near the compressor bay. The worker or crew positioned personnel closer to the active equipment than permitted. This created a situation involving movement of a vehicle through the work area. The area was isolated while the condition was investigated.",English,YES,Uncontrolled hazard,Barrier ineffective,Confined Space,Critical,Yes
V3-0238,Unsafe Condition,Drilling Site,welding,"before the evening shutdown, at the Drilling Site, the lifting team was involved in welding near the valve station. Before the task progressed, the team checked the condition of the lifting equipment. The equipment was within the approved operating condition. The work proceeded without an uncontrolled change in conditions.",English,NO,No credible precursor identified,No personnel exposure,Hot Work,Routine,No
V3-0254,Unsafe Act,Compressor Station 2,compressor maintenance,"during routine field activity, at the Compressor Station 2, a welding crew was involved in compressor maintenance near the production unit. Before the task progressed, the team checked the condition of the equipment before use. The equipment was within the approved operating condition. The observation did not identify a credible high-consequence exposure.",English,NO,No credible precursor identified,No personnel exposure,Confined Space,Low,No
V3-0328,Unsafe Act,Drilling Site,lifting operation,"during routine field activity, at the Drilling Site, the maintenance group was involved in lifting operation near the utility yard. Before the task progressed, the team confirmed that the access route was clear. The required separation was maintained. The observation did not identify a credible high-consequence exposure.",English,NO,No credible precursor identified,No personnel exposure,Energy Isolation,Low,No
V3-0169,Safety Observation,Utility Section,crane operation,"during routine field activity, at the Utility Section, the lifting team was involved in crane operation near the pump area. Before the task progressed, the team reviewed the isolation status before starting. The work authorization was valid. The crew completed the activity without a serious exposure.",English,NO,No credible precursor identified,Work area controlled,Hot Work,Low,No
V3-0132,Near Miss,Pipeline Station 3,electrical maintenance,"at the start of the work period, at the Pipeline Station 3, The crew found minor surface damage on a non-critical component during inspection and reported it for maintenance. The observation was associated with electrical maintenance near the pump area. The equipment remained isolated from personnel activity. The team corrected the issue before normal work continued.",English,NO,No credible precursor identified,Control verified,Hot Work,Routine,No
V3-1235,Unsafe Act,Pipeline Station 3,crane operation,"while preparing the work area, at the Pipeline Station 3, the inspection team was involved in crane operation near the storage area. The worker or crew started the operation while another crew was still working inside the affected area. This created a situation involving an active energy source that had not been fully controlled. The area was isolated while the condition was investigated.",English,YES,Energy exposure,Unexpected hazard identified,Hot Work,Critical,Yes
V3-1385,Near Miss,Refinery Area A,welding,"shortly after the crew arrived, at the Refinery Area A, a contractor was involved in welding near the tank farm. The worker or crew proceeded with the task after an unexpected change in conditions. This created a situation involving an unplanned change in the work environment. The team withdrew from the area and reassessed the work conditions.",English,YES,Uncontrolled hazard,Barrier ineffective,Energy Isolation,High,Yes
V3-1138,Unsafe Act,Drilling Site,welding,"at the start of the work period, at the Drilling Site, the inspection team was involved in welding near the elevated work platform. The worker or crew began work before the isolation status was fully verified. This created a situation involving movement of a vehicle through the work area. The operation was halted until the required protection was established.",English,YES,Control failure,Control not verified,Confined Space,High,Yes
V3-0591,Safety Observation,Gas Processing Unit,lifting operation,"during the morning shift, at the Gas Processing Unit, the site team was involved in lifting operation near the equipment bay. Before the task progressed, the team inspected the surrounding area before beginning. The supervisor remained available. The activity continued under the planned controls.",English,NO,No credible precursor identified,Work area controlled,Hot Work,Routine,No
V3-1043,Unsafe Act,Drilling Site,vehicle movement,"at the start of the work period, at the Drilling Site, the maintenance group was involved in vehicle movement near the pipeline corridor. The worker or crew started the operation while another crew was still working inside the affected area. This created a situation involving temporary loss of a protective barrier. The team withdrew from the area and reassessed the work conditions.",English,YES,Uncontrolled hazard,Control not verified,Line of Fire,High,Yes
V3-0659,Unsafe Act,Maintenance Workshop,vehicle movement,"during the morning shift, at the Maintenance Workshop, A small housekeeping issue was observed beside the work area and was corrected immediately. The observation was associated with vehicle movement near the pipeline corridor. The affected item was outside the active work path. The team corrected the issue before normal work continued.",English,NO,No credible precursor identified,Control verified,Line of Fire,Routine,No
V3-0221,Safety Observation,Drilling Site,grinding,"before the evening shutdown, at the Drilling Site, a vehicle operator was involved in grinding near the compressor bay. Before the task progressed, the team completed the pre-job safety discussion. The access controls remained in place. The crew completed the activity without a serious exposure.",English,NO,No credible precursor identified,Precaution confirmed,Line of Fire,Low,No
V3-0111,Safety Observation,Utility Section,grinding,"during the afternoon shift, at the Utility Section, a welding crew was involved in grinding near the pipeline corridor. Before the task progressed, the team confirmed communication with the control room. The work area remained controlled. No significant control breakdown was identified.",English,NO,No credible precursor identified,Procedure followed,Confined Space,Routine,No
V3-1282,Unsafe Condition,Production Area B,compressor maintenance,"during a planned maintenance window, at the Production Area B, a vehicle operator was involved in compressor maintenance near the process line. The worker or crew entered the restricted area before the required authorization was confirmed. This created a situation involving uncontrolled movement of a suspended load. The team withdrew from the area and reassessed the work conditions.",English,YES,Unsafe positioning,Personnel exposed to hazard,Energy Isolation,High,Yes
V3-0218,Unsafe Condition,Production Area B,vessel cleaning,"while preparing the work area, at the Production Area B, A routine inspection identified a small housekeeping deviation with no personnel exposure. The observation was associated with vessel cleaning near the equipment bay. The crew maintained the required separation throughout. The team corrected the issue before normal work continued.",English,NO,No credible precursor identified,Control verified,Confined Space,Low,No
V3-1435,Near Miss,Tank Farm,electrical maintenance,"during a planned maintenance window, at the Tank Farm, a contractor was involved in electrical maintenance near the elevated work platform. The worker or crew continued the activity after a required barrier was found to be ineffective. This created a situation involving movement of a vehicle through the work area. The operation was halted until the required protection was established.",English,YES,Energy exposure,Unexpected hazard identified,Confined Space,Critical,Yes
V3-0946,Unsafe Condition,Utility Section,grinding,"during a planned maintenance window, at the Utility Section, the site team was involved in grinding near the loading point. The worker or crew began work before the isolation status was fully verified. This created a situation involving an active energy source that had not been fully controlled. The supervisor intervened before the task could continue.",English,YES,Control failure,Control not verified,Energy Isolation,Critical,Yes
V3-0722,Safety Observation,Production Area B,pipeline repair,"during a planned maintenance window, at the Production Area B, A worker noticed a loose hand tool on the work platform and secured it before the task began. The observation was associated with pipeline repair near the storage area. The observation involved housekeeping rather than an active energy source. The team corrected the issue before normal work continued.",English,NO,No credible precursor identified,Precaution confirmed,Hot Work,Low,No
V3-1054,Unsafe Act,Maintenance Workshop,tank entry,"at the start of the work period, at the Maintenance Workshop, the electrical crew was involved in tank entry near the elevated work platform. The worker or crew continued preparation while a critical control remained incomplete. This created a situation involving temporary loss of a protective barrier. The activity was paused and the affected equipment was secured.",English,YES,Unsafe positioning,Unexpected hazard identified,Line of Fire,Critical,Yes
V3-0301,Safety Observation,Refinery Area A,lifting operation,"at the start of the work period, at the Refinery Area A, A worker reported a minor equipment defect that did not affect the active task and the item was tagged for follow-up. The observation was associated with lifting operation near the workshop. The equipment remained isolated from personnel activity. The team corrected the issue before normal work continued.",English,NO,No credible precursor identified,Procedure followed,Energy Isolation,Routine,No
V3-0407,Near Miss,Utility Section,pipeline repair,"during routine field activity, at the Utility Section, a field operator was involved in pipeline repair near the pipeline corridor. Before the task progressed, the team confirmed communication with the control room. The required separation was maintained. No hazardous deviation was observed.",English,NO,No credible precursor identified,No personnel exposure,Line of Fire,Routine,No
V3-0500,Unsafe Condition,Loading Terminal,grinding,"at the start of the work period, at the Loading Terminal, A warning sign had shifted from its original position and was restored before work started. The observation was associated with grinding near the maintenance area. The equipment remained isolated from personnel activity. The team corrected the issue before normal work continued.",English,NO,No credible precursor identified,Procedure followed,Confined Space,Routine,No
V3-0808,Near Miss,Refinery Area A,compressor maintenance,"while preparing the work area, at the Refinery Area A, the lifting team was involved in compressor maintenance near the compressor bay. The worker or crew approached the operating equipment without maintaining the expected separation. This created a situation involving possible release of stored energy. The area was isolated while the condition was investigated.",English,YES,Unsafe positioning,Control not verified,Confined Space,High,Yes
V3-0047,Safety Observation,Maintenance Workshop,tank entry,"while preparing the work area, at the Maintenance Workshop, A worker reported a minor equipment defect that did not affect the active task and the item was tagged for follow-up. The observation was associated with tank entry near the workshop. The condition was corrected before it could affect the work. The team corrected the issue before normal work continued.",English,NO,No credible precursor identified,Work area controlled,Line of Fire,Routine,No
V3-0222,Near Miss,Tank Farm,compressor maintenance,"shortly after the crew arrived, at the Tank Farm, A routine inspection identified a small housekeeping deviation with no personnel exposure. The observation was associated with compressor maintenance near the loading point. No person was exposed to the condition. The team corrected the issue before normal work continued.",English,NO,No credible precursor identified,Work area controlled,Line of Fire,Low,No
V3-0788,Unsafe Act,Loading Terminal,electrical maintenance,"before the evening shutdown, at the Loading Terminal, a contractor was involved in electrical maintenance near the electrical room. The worker or crew moved into the work area while an important safeguard was still being checked. This created a situation involving an active energy source that had not been fully controlled. The activity was paused and the affected equipment was secured.",English,YES,Unsafe positioning,Control not verified,Hot Work,High,Yes
V3-0830,Unsafe Act,Utility Section,crane operation,"shortly after the crew arrived, at the Utility Section, a field operator was involved in crane operation near the equipment bay. The worker or crew entered the restricted area before the required authorization was confirmed. This created a situation involving unexpected movement of equipment. The activity was paused and the affected equipment was secured.",English,YES,Control failure,Unexpected hazard identified,Confined Space,Critical,Yes
V3-1421,Unsafe Act,Maintenance Workshop,electrical maintenance,"while preparing the work area, at the Maintenance Workshop, the lifting team was involved in electrical maintenance near the loading point. The worker or crew began work before the isolation status was fully verified. This created a situation involving temporary loss of a protective barrier. The supervisor stopped the activity and moved the crew to a safe location.",English,YES,Unsafe positioning,Personnel exposed to hazard,Confined Space,High,Yes
V3-0622,Unsafe Condition,Loading Terminal,grinding,"during routine field activity, at the Loading Terminal, the maintenance group was involved in grinding near the process line. Before the task progressed, the team confirmed the work boundary with the supervisor. The team stayed within the designated work area. The surrounding conditions remained stable throughout the task.",English,NO,No credible precursor identified,Procedure followed,Confined Space,Low,No
V3-0051,Unsafe Act,Utility Section,crane operation,"before the evening shutdown, at the Utility Section, a welding crew was involved in crane operation near the tank farm. Before the task progressed, the team inspected the surrounding area before beginning. The approved sequence was followed. The observation did not identify a credible high-consequence exposure.",English,NO,No credible precursor identified,Precaution confirmed,Confined Space,Routine,No
V3-1015,Unsafe Condition,Compressor Station 2,pipeline repair,"during a planned maintenance window, at the Compressor Station 2, a contractor was involved in pipeline repair near the production unit. The worker or crew continued the activity after a required barrier was found to be ineffective. This created a situation involving loss of separation from operating machinery. The supervisor stopped the activity and moved the crew to a safe location.",English,YES,Energy exposure,Unsafe position observed,Confined Space,Critical,Yes
V3-0590,Unsafe Condition,Drilling Site,welding,"during the morning shift, at the Drilling Site, The team noticed a damaged label on equipment and replaced it before continuing. The observation was associated with welding near the compressor bay. No person was exposed to the condition. The team corrected the issue before normal work continued.",English,NO,No credible precursor identified,No personnel exposure,Confined Space,Routine,No
V3-0844,Unsafe Act,Loading Terminal,compressor maintenance,"before the evening shutdown, at the Loading Terminal, a vehicle operator was involved in compressor maintenance near the electrical room. The worker or crew approached the operating equipment without maintaining the expected separation. This created a situation involving an active energy source that had not been fully controlled. The supervisor intervened before the task could continue.",English,YES,Control failure,Personnel exposed to hazard,Hot Work,High,Yes
V3-0215,Unsafe Condition,Compressor Station 2,pipeline repair,"during a planned maintenance window, at the Compressor Station 2, the maintenance group was involved in pipeline repair near the storage area. Before the task progressed, the team reviewed the isolation status before starting. The access controls remained in place. The activity continued under the planned controls.",English,NO,No credible precursor identified,Work area controlled,Line of Fire,Low,No
V3-0806,Unsafe Condition,Production Area B,crane operation,"while preparing the work area, at the Production Area B, a maintenance technician was involved in crane operation near the workshop. The worker or crew moved into the work area while an important safeguard was still being checked. This created a situation involving an unplanned change in the work environment. The activity was paused and the affected equipment was secured.",English,YES,Barrier failure,Unsafe position observed,Energy Isolation,Critical,Yes
V3-1329,Unsafe Act,Refinery Area A,welding,"during the morning shift, at the Refinery Area A, the site team was involved in welding near the elevated work platform. The worker or crew started the task before the required control had been confirmed. This created a situation involving an unplanned change in the work environment. The supervisor intervened before the task could continue.",English,YES,Control failure,Unsafe position observed,Confined Space,High,Yes
V3-0166,Unsafe Act,Refinery Area A,vehicle movement,"at the start of the work period, at the Refinery Area A, the inspection team was involved in vehicle movement near the maintenance area. Before the task progressed, the team inspected the surrounding area before beginning. The team stayed within the designated work area. The activity continued under the planned controls.",English,NO,No credible precursor identified,Control verified,Hot Work,Low,No
V3-1014,Unsafe Condition,Refinery Area A,compressor maintenance,"before the evening shutdown, at the Refinery Area A, the inspection team was involved in compressor maintenance near the process line. The worker or crew approached the operating equipment without maintaining the expected separation. This created a situation involving possible release of stored energy. The crew stopped work and the control measures were reviewed.",English,YES,Uncontrolled hazard,Personnel exposed to hazard,Line of Fire,Critical,Yes
V3-0492,Unsafe Act,Utility Section,vehicle movement,"while preparing the work area, at the Utility Section, a contractor was involved in vehicle movement near the production unit. Before the task progressed, the team confirmed communication with the control room. The access controls remained in place. The crew completed the activity without a serious exposure.",English,NO,No credible precursor identified,No personnel exposure,Confined Space,Low,No
V3-1320,Unsafe Condition,Drilling Site,vessel cleaning,"during the morning shift, at the Drilling Site, a maintenance technician was involved in vessel cleaning near the electrical room. The worker or crew began work before the isolation status was fully verified. This created a situation involving loss of separation from operating machinery. Work was suspended until the missing control was restored.",English,YES,Control failure,Barrier ineffective,Line of Fire,Critical,Yes
V3-1082,Unsafe Act,Production Area B,vehicle movement,"while preparing the work area, at the Production Area B, the inspection team was involved in vehicle movement near the maintenance area. The worker or crew continued preparation while a critical control remained incomplete. This created a situation involving loss of separation from operating machinery. The crew stopped work and the control measures were reviewed.",English,YES,Control failure,Barrier ineffective,Hot Work,Critical,Yes
V3-0858,Unsafe Act,Loading Terminal,vessel cleaning,"during the afternoon shift, at the Loading Terminal, a vehicle operator was involved in vessel cleaning near the maintenance area. The worker or crew started the operation while another crew was still working inside the affected area. This created a situation involving loss of separation from operating machinery. The supervisor intervened before the task could continue.",English,YES,Energy exposure,Personnel exposed to hazard,Energy Isolation,High,Yes
V3-0615,Safety Observation,Pipeline Station 3,crane operation,"shortly after the crew arrived, at the Pipeline Station 3, a vehicle operator was involved in crane operation near the electrical room. Before the task progressed, the team confirmed the work boundary with the supervisor. The approved sequence was followed. The crew completed the activity without a serious exposure.",English,NO,No credible precursor identified,Work area controlled,Line of Fire,Low,No
V3-1055,Unsafe Act,Maintenance Workshop,vehicle movement,"before the evening shutdown, at the Maintenance Workshop, the inspection team was involved in vehicle movement near the equipment bay. The worker or crew entered the restricted area before the required authorization was confirmed. This created a situation involving unexpected movement of equipment. The crew stopped work and the control measures were reviewed.",English,YES,Barrier failure,Unsafe position observed,Line of Fire,High,Yes
V3-1117,Unsafe Condition,Compressor Station 2,crane operation,"during a planned maintenance window, at the Compressor Station 2, a contractor was involved in crane operation near the storage area. The worker or crew started the task before the required control had been confirmed. This created a situation involving an unplanned change in the work environment. The operation was halted until the required protection was established.",English,YES,Barrier failure,Unexpected hazard identified,Confined Space,High,Yes
V3-0042,Near Miss,Production Area B,welding,"during routine field activity, at the Production Area B, The team noticed a damaged label on equipment and replaced it before continuing. The observation was associated with welding near the compressor bay. The equipment remained isolated from personnel activity. The team corrected the issue before normal work continued.",English,NO,No credible precursor identified,Precaution confirmed,Hot Work,Routine,No
V3-0454,Unsafe Act,Drilling Site,vehicle movement,"while preparing the work area, at the Drilling Site, A routine inspection identified a small housekeeping deviation with no personnel exposure. The observation was associated with vehicle movement near the pump area. The task had not started when the issue was identified. The team corrected the issue before normal work continued.",English,NO,No credible precursor identified,Procedure followed,Energy Isolation,Routine,No
V3-0546,Unsafe Condition,Production Area B,vessel cleaning,"before the evening shutdown, at the Production Area B, A small housekeeping issue was observed beside the work area and was corrected immediately. The observation was associated with vessel cleaning near the storage area. The crew maintained the required separation throughout. The team corrected the issue before normal work continued.",English,NO,No credible precursor identified,Control verified,Confined Space,Routine,No
V3-0967,Unsafe Condition,Tank Farm,crane operation,"before the evening shutdown, at the Tank Farm, a contractor was involved in crane operation near the storage area. The worker or crew continued the activity after a required barrier was found to be ineffective. This created a situation involving movement of a vehicle through the work area. The activity was paused and the affected equipment was secured.",English,YES,Uncontrolled hazard,Unsafe position observed,Energy Isolation,Critical,Yes
V3-1031,Unsafe Condition,Utility Section,pipeline repair,"during the morning shift, at the Utility Section, a vehicle operator was involved in pipeline repair near the equipment bay. The worker or crew started the operation while another crew was still working inside the affected area. This created a situation involving possible release of stored energy. The crew stopped work and the control measures were reviewed.",English,YES,Barrier failure,Personnel exposed to hazard,Confined Space,High,Yes
V3-0731,Unsafe Condition,Compressor Station 2,welding,"during a planned maintenance window, at the Compressor Station 2, A temporary access obstruction was identified and removed before personnel entered the area. The observation was associated with welding near the equipment bay. The task had not started when the issue was identified. The team corrected the issue before normal work continued.",English,NO,No credible precursor identified,Control verified,Line of Fire,Low,No
V3-0225,Unsafe Act,Tank Farm,electrical maintenance,"while preparing the work area, at the Tank Farm, the electrical crew was involved in electrical maintenance near the process line. Before the task progressed, the team reviewed the work instructions before starting. The approved sequence was followed. The planned barriers remained effective during the observation.",English,NO,No credible precursor identified,Precaution confirmed,Hot Work,Routine,No
V3-0499,Unsafe Condition,Gas Processing Unit,crane operation,"before the evening shutdown, at the Gas Processing Unit, A warning sign had shifted from its original position and was restored before work started. The observation was associated with crane operation near the process line. The equipment remained isolated from personnel activity. The team corrected the issue before normal work continued.",English,NO,No credible precursor identified,Procedure followed,Energy Isolation,Low,No
V3-1170,Unsafe Condition,Utility Section,welding,"during the afternoon shift, at the Utility Section, a contractor was involved in welding near the process line. The worker or crew started the task before the required control had been confirmed. This created a situation involving exposure to an energized component. The activity was paused and the affected equipment was secured.",English,YES,Uncontrolled hazard,Control not verified,Hot Work,Critical,Yes
V3-0584,Unsafe Act,Production Area B,vehicle movement,"during the morning shift, at the Production Area B, a contractor was involved in vehicle movement near the valve station. Before the task progressed, the team reviewed the isolation status before starting. The planned precautions were maintained. The work proceeded without an uncontrolled change in conditions.",English,NO,No credible precursor identified,No personnel exposure,Energy Isolation,Routine,No
V3-1487,Near Miss,Refinery Area A,welding,"during the morning shift, at the Refinery Area A, a vehicle operator was involved in welding near the utility yard. The worker or crew started the task before the required control had been confirmed. This created a situation involving exposure to an energized component. The area was isolated while the condition was investigated.",English,YES,Unsafe positioning,Control not verified,Confined Space,Critical,Yes
V3-0344,Safety Observation,Refinery Area A,grinding,"during a planned maintenance window, at the Refinery Area A, The crew found minor surface damage on a non-critical component during inspection and reported it for maintenance. The observation was associated with grinding near the pump area. The condition was corrected before it could affect the work. The team corrected the issue before normal work continued.",English,NO,No credible precursor identified,Precaution confirmed,Hot Work,Low,No
V3-0061,Safety Observation,Maintenance Workshop,welding,"during the afternoon shift, at the Maintenance Workshop, a vehicle operator was involved in welding near the elevated work platform. Before the task progressed, the team inspected the surrounding area before beginning. The required safeguards were available. The activity continued under the planned controls.",English,NO,No credible precursor identified,Control verified,Confined Space,Routine,No
V3-1465,Near Miss,Loading Terminal,lifting operation,"during the morning shift, at the Loading Terminal, a maintenance technician was involved in lifting operation near the tank farm. The worker or crew started the task before the required control had been confirmed. This created a situation involving uncontrolled movement of a suspended load. The activity was paused and the affected equipment was secured.",English,YES,Control failure,Unexpected hazard identified,Confined Space,High,Yes
V3-1026,Unsafe Condition,Compressor Station 2,electrical maintenance,"shortly after the crew arrived, at the Compressor Station 2, a contractor was involved in electrical maintenance near the pipeline corridor. The worker or crew approached the operating equipment without maintaining the expected separation. This created a situation involving uncontrolled movement of a suspended load. The supervisor intervened before the task could continue.",English,YES,Barrier failure,Unsafe position observed,Confined Space,Critical,Yes
V3-0903,Unsafe Act,Production Area B,pipeline repair,"shortly after the crew arrived, at the Production Area B, the lifting team was involved in pipeline repair near the utility yard. The worker or crew started the task before the required control had been confirmed. This created a situation involving an active energy source that had not been fully controlled. The activity was paused and the affected equipment was secured.",English,YES,Control failure,Barrier ineffective,Energy Isolation,Critical,Yes
V3-1215,Unsafe Condition,Drilling Site,compressor maintenance,"during the morning shift, at the Drilling Site, the maintenance group was involved in compressor maintenance near the workshop. The worker or crew positioned personnel closer to the active equipment than permitted. This created a situation involving uncontrolled movement of a suspended load. The operation was halted until the required protection was established.",English,YES,Energy exposure,Personnel exposed to hazard,Energy Isolation,Critical,Yes
V3-1243,Unsafe Condition,Gas Processing Unit,pipeline repair,"during the afternoon shift, at the Gas Processing Unit, a maintenance technician was involved in pipeline repair near the workshop. The worker or crew positioned personnel closer to the active equipment than permitted. This created a situation involving uncontrolled movement of a suspended load. The crew stopped work and the control measures were reviewed.",English,YES,Uncontrolled hazard,Control not verified,Line of Fire,High,Yes
V3-0945,Near Miss,Compressor Station 2,tank entry,"during routine field activity, at the Compressor Station 2, a maintenance technician was involved in tank entry near the electrical room. The worker or crew continued preparation while a critical control remained incomplete. This created a situation involving an unplanned change in the work environment. The area was isolated while the condition was investigated.",English,YES,Unsafe positioning,Personnel exposed to hazard,Energy Isolation,Critical,Yes
V3-0207,Near Miss,Drilling Site,vehicle movement,"during a planned maintenance window, at the Drilling Site, the lifting team was involved in vehicle movement near the valve station. Before the task progressed, the team completed the pre-job safety discussion. The work authorization was valid. No hazardous deviation was observed.",English,NO,No credible precursor identified,Work area controlled,Energy Isolation,Routine,No
V3-0627,Near Miss,Pipeline Station 3,grinding,"during routine field activity, at the Pipeline Station 3, the maintenance group was involved in grinding near the storage area. Before the task progressed, the team checked the condition of the lifting equipment. The team stayed within the designated work area. The activity continued under the planned controls.",English,NO,No credible precursor identified,Work area controlled,Confined Space,Low,No
V3-0077,Near Miss,Gas Processing Unit,compressor maintenance,"at the start of the work period, at the Gas Processing Unit, A warning sign had shifted from its original position and was restored before work started. The observation was associated with compressor maintenance near the pipeline corridor. No person was exposed to the condition. The team corrected the issue before normal work continued.",English,NO,No credible precursor identified,No personnel exposure,Hot Work,Routine,No
V3-1422,Near Miss,Gas Processing Unit,compressor maintenance,"shortly after the crew arrived, at the Gas Processing Unit, the lifting team was involved in compressor maintenance near the tank farm. The worker or crew began work before the isolation status was fully verified. This created a situation involving movement of a vehicle through the work area. Work was suspended until the missing control was restored.",English,YES,Control failure,Unexpected hazard identified,Line of Fire,Critical,Yes
V3-0438,Safety Observation,Pipeline Station 3,welding,"during a planned maintenance window, at the Pipeline Station 3, The crew found minor surface damage on a non-critical component during inspection and reported it for maintenance. The observation was associated with welding near the process line. The task had not started when the issue was identified. The team corrected the issue before normal work continued.",English,NO,No credible precursor identified,Procedure followed,Confined Space,Routine,No
V3-0158,Unsafe Condition,Drilling Site,vehicle movement,"during the morning shift, at the Drilling Site, the site team was involved in vehicle movement near the equipment bay. Before the task progressed, the team verified the required authorization. The planned precautions were maintained. The activity continued under the planned controls.",English,NO,No credible precursor identified,Work area controlled,Confined Space,Low,No
V3-0084,Unsafe Act,Refinery Area A,welding,"during routine field activity, at the Refinery Area A, a welding crew was involved in welding near the production unit. Before the task progressed, the team confirmed communication with the control room. The equipment was within the approved operating condition. The surrounding conditions remained stable throughout the task.",English,NO,No credible precursor identified,Control verified,Energy Isolation,Routine,No
V3-0556,Near Miss,Production Area B,grinding,"before the evening shutdown, at the Production Area B, the maintenance group was involved in grinding near the workshop. Before the task progressed, the team confirmed the work boundary with the supervisor. The required separation was maintained. The activity continued under the planned controls.",English,NO,No credible precursor identified,No personnel exposure,Hot Work,Routine,No
V3-1321,Near Miss,Drilling Site,crane operation,"at the start of the work period, at the Drilling Site, a maintenance technician was involved in crane operation near the electrical room. The worker or crew proceeded with the task after an unexpected change in conditions. This created a situation involving movement of a vehicle through the work area. The supervisor intervened before the task could continue.",English,YES,Barrier failure,Control not verified,Energy Isolation,High,Yes
V3-0699,Unsafe Condition,Drilling Site,compressor maintenance,"while preparing the work area, at the Drilling Site, the electrical crew was involved in compressor maintenance near the maintenance area. Before the task progressed, the team reviewed the work instructions before starting. The work area remained controlled. The work proceeded without an uncontrolled change in conditions.",English,NO,No credible precursor identified,Procedure followed,Energy Isolation,Low,No
V3-0264,Unsafe Condition,Drilling Site,crane operation,"during routine field activity, at the Drilling Site, the maintenance group was involved in crane operation near the pipeline corridor. Before the task progressed, the team confirmed that the access route was clear. The equipment was within the approved operating condition. No significant control breakdown was identified.",English,NO,No credible precursor identified,Work area controlled,Hot Work,Low,No
V3-1279,Unsafe Condition,Drilling Site,vessel cleaning,"during the morning shift, at the Drilling Site, the site team was involved in vessel cleaning near the electrical room. The worker or crew continued preparation while a critical control remained incomplete. This created a situation involving loss of separation from operating machinery. Work was suspended until the missing control was restored.",English,YES,Control failure,Personnel exposed to hazard,Confined Space,Critical,Yes
V3-0532,Near Miss,Pipeline Station 3,compressor maintenance,"before the evening shutdown, at the Pipeline Station 3, A temporary access obstruction was identified and removed before personnel entered the area. The observation was associated with compressor maintenance near the elevated work platform. The task had not started when the issue was identified. The team corrected the issue before normal work continued.",English,NO,No credible precursor identified,No personnel exposure,Energy Isolation,Low,No
V3-0324,Unsafe Act,Gas Processing Unit,tank entry,"while preparing the work area, at the Gas Processing Unit, a field operator was involved in tank entry near the pump area. Before the task progressed, the team checked the condition of the equipment before use. The planned precautions were maintained. The planned barriers remained effective during the observation.",English,NO,No credible precursor identified,Work area controlled,Line of Fire,Routine,No
V3-1174,Unsafe Act,Refinery Area A,welding,"before the evening shutdown, at the Refinery Area A, a vehicle operator was involved in welding near the compressor bay. The worker or crew started the task before the required control had been confirmed. This created a situation involving unexpected movement of equipment. The area was isolated while the condition was investigated.",English,YES,Energy exposure,Control not verified,Energy Isolation,Critical,Yes
V3-0968,Unsafe Condition,Maintenance Workshop,lifting operation,"at the start of the work period, at the Maintenance Workshop, the lifting team was involved in lifting operation near the storage area. The worker or crew entered the restricted area before the required authorization was confirmed. This created a situation involving unexpected pressure in the process line. The supervisor intervened before the task could continue.",English,YES,Control failure,Barrier ineffective,Confined Space,Critical,Yes
V3-0116,Safety Observation,Tank Farm,lifting operation,"during the morning shift, at the Tank Farm, The team noticed a damaged label on equipment and replaced it before continuing. The observation was associated with lifting operation near the storage area. The observation involved housekeeping rather than an active energy source. The team corrected the issue before normal work continued.",English,NO,No credible precursor identified,Work area controlled,Confined Space,Low,No
V3-0307,Unsafe Condition,Drilling Site,lifting operation,"during routine field activity, at the Drilling Site, A warning sign had shifted from its original position and was restored before work started. The observation was associated with lifting operation near the valve station. The affected item was outside the active work path. The team corrected the issue before normal work continued.",English,NO,No credible precursor identified,Procedure followed,Energy Isolation,Low,No
V3-1301,Unsafe Act,Compressor Station 2,vehicle movement,"during routine field activity, at the Compressor Station 2, a vehicle operator was involved in vehicle movement near the maintenance area. The worker or crew started the task before the required control had been confirmed. This created a situation involving loss of separation from operating machinery. The area was isolated while the condition was investigated.",English,YES,Barrier failure,Barrier ineffective,Confined Space,High,Yes
V3-0709,Unsafe Act,Utility Section,lifting operation,"during a planned maintenance window, at the Utility Section, a contractor was involved in lifting operation near the tank farm. Before the task progressed, the team reviewed the isolation status before starting. The supervisor remained available. The observation did not identify a credible high-consequence exposure.",English,NO,No credible precursor identified,Control verified,Confined Space,Routine,No
V3-0972,Near Miss,Maintenance Workshop,welding,"at the start of the work period, at the Maintenance Workshop, the lifting team was involved in welding near the compressor bay. The worker or crew continued preparation while a critical control remained incomplete. This created a situation involving an unplanned change in the work environment. The team withdrew from the area and reassessed the work conditions.",English,YES,Unsafe positioning,Unexpected hazard identified,Energy Isolation,Critical,Yes
V3-0792,Unsafe Condition,Compressor Station 2,electrical maintenance,"during the afternoon shift, at the Compressor Station 2, the site team was involved in electrical maintenance near the compressor bay. The worker or crew continued the activity after a required barrier was found to be ineffective. This created a situation involving an unplanned change in the work environment. The operation was halted until the required protection was established.",English,YES,Energy exposure,Control not verified,Confined Space,Critical,Yes
V3-0873,Near Miss,Tank Farm,lifting operation,"shortly after the crew arrived, at the Tank Farm, a vehicle operator was involved in lifting operation near the pump area. The worker or crew began work before the isolation status was fully verified. This created a situation involving unexpected movement of equipment. The area was isolated while the condition was investigated.",English,YES,Uncontrolled hazard,Unexpected hazard identified,Line of Fire,High,Yes
V3-1426,Unsafe Act,Loading Terminal,crane operation,"shortly after the crew arrived, at the Loading Terminal, the site team was involved in crane operation near the compressor bay. The worker or crew approached the operating equipment without maintaining the expected separation. This created a situation involving exposure to an energized component. The supervisor stopped the activity and moved the crew to a safe location.",English,YES,Energy exposure,Unexpected hazard identified,Confined Space,Critical,Yes
V3-1224,Unsafe Condition,Refinery Area A,tank entry,"shortly after the crew arrived, at the Refinery Area A, a contractor was involved in tank entry near the equipment bay. The worker or crew entered the restricted area before the required authorization was confirmed. This created a situation involving an active energy source that had not been fully controlled. The crew stopped work and the control measures were reviewed.",English,YES,Control failure,Unexpected hazard identified,Line of Fire,Critical,Yes
V3-0278,Near Miss,Refinery Area A,grinding,"at the start of the work period, at the Refinery Area A, A routine inspection identified a small housekeeping deviation with no personnel exposure. The observation was associated with grinding near the workshop. No person was exposed to the condition. The team corrected the issue before normal work continued.",English,NO,No credible precursor identified,Control verified,Confined Space,Low,No
V3-1493,Near Miss,Pipeline Station 3,crane operation,"before the evening shutdown, at the Pipeline Station 3, a maintenance technician was involved in crane operation near the pipeline corridor. The worker or crew entered the restricted area before the required authorization was confirmed. This created a situation involving an unplanned change in the work environment. The area was isolated while the condition was investigated.",English,YES,Uncontrolled hazard,Barrier ineffective,Energy Isolation,High,Yes
V3-0974,Unsafe Condition,Maintenance Workshop,vessel cleaning,"before the evening shutdown, at the Maintenance Workshop, a welding crew was involved in vessel cleaning near the compressor bay. The worker or crew started the operation while another crew was still working inside the affected area. This created a situation involving movement of a vehicle through the work area. The area was isolated while the condition was investigated.",English,YES,Control failure,Barrier ineffective,Line of Fire,High,Yes
V3-1382,Near Miss,Pipeline Station 3,vehicle movement,"during routine field activity, at the Pipeline Station 3, the inspection team was involved in vehicle movement near the workshop. The worker or crew started the operation while another crew was still working inside the affected area. This created a situation involving movement of a vehicle through the work area. The crew stopped work and the control measures were reviewed.",English,YES,Unsafe positioning,Unsafe position observed,Hot Work,High,Yes
V3-0055,Unsafe Condition,Refinery Area A,pipeline repair,"at the start of the work period, at the Refinery Area A, A worker noticed a loose hand tool on the work platform and secured it before the task began. The observation was associated with pipeline repair near the compressor bay. The task had not started when the issue was identified. The team corrected the issue before normal work continued.",English,NO,No credible precursor identified,Control verified,Confined Space,Low,No
V3-1001,Unsafe Act,Drilling Site,lifting operation,"during a planned maintenance window, at the Drilling Site, a vehicle operator was involved in lifting operation near the loading point. The worker or crew proceeded with the task after an unexpected change in conditions. This created a situation involving an active energy source that had not been fully controlled. The area was isolated while the condition was investigated.",English,YES,Control failure,Unsafe position observed,Hot Work,Critical,Yes
V3-1397,Near Miss,Refinery Area A,crane operation,"during routine field activity, at the Refinery Area A, the electrical crew was involved in crane operation near the equipment bay. The worker or crew started the task before the required control had been confirmed. This created a situation involving unexpected pressure in the process line. The supervisor stopped the activity and moved the crew to a safe location.",English,YES,Uncontrolled hazard,Unexpected hazard identified,Hot Work,High,Yes
V3-0201,Near Miss,Maintenance Workshop,welding,"during the morning shift, at the Maintenance Workshop, A small housekeeping issue was observed beside the work area and was corrected immediately. The observation was associated with welding near the electrical room. The equipment remained isolated from personnel activity. The team corrected the issue before normal work continued.",English,NO,No credible precursor identified,Work area controlled,Energy Isolation,Routine,No
V3-1286,Unsafe Act,Utility Section,electrical maintenance,"during the afternoon shift, at the Utility Section, the electrical crew was involved in electrical maintenance near the compressor bay. The worker or crew continued the activity after a required barrier was found to be ineffective. This created a situation involving exposure to an energized component. The supervisor stopped the activity and moved the crew to a safe location.",English,YES,Uncontrolled hazard,Unsafe position observed,Confined Space,Critical,Yes
V3-0431,Unsafe Act,Maintenance Workshop,vessel cleaning,"at the start of the work period, at the Maintenance Workshop, the site team was involved in vessel cleaning near the workshop. Before the task progressed, the team checked the condition of the lifting equipment. The access controls remained in place. The activity continued under the planned controls.",English,NO,No credible precursor identified,Procedure followed,Hot Work,Low,No
V3-0511,Unsafe Condition,Refinery Area A,welding,"during the morning shift, at the Refinery Area A, A small housekeeping issue was observed beside the work area and was corrected immediately. The observation was associated with welding near the tank farm. The affected item was outside the active work path. The team corrected the issue before normal work continued.",English,NO,No credible precursor identified,Procedure followed,Hot Work,Low,No
V3-1125,Unsafe Act,Maintenance Workshop,crane operation,"during routine field activity, at the Maintenance Workshop, the electrical crew was involved in crane operation near the storage area. The worker or crew approached the operating equipment without maintaining the expected separation. This created a situation involving loss of separation from operating machinery. The supervisor stopped the activity and moved the crew to a safe location.",English,YES,Unsafe positioning,Barrier ineffective,Line of Fire,High,Yes
V3-1004,Near Miss,Refinery Area A,grinding,"at the start of the work period, at the Refinery Area A, a maintenance technician was involved in grinding near the elevated work platform. The worker or crew began work before the isolation status was fully verified. This created a situation involving temporary loss of a protective barrier. The operation was halted until the required protection was established.",English,YES,Control failure,Unexpected hazard identified,Energy Isolation,Critical,Yes
V3-1348,Unsafe Condition,Gas Processing Unit,tank entry,"at the start of the work period, at the Gas Processing Unit, a field operator was involved in tank entry near the loading point. The worker or crew continued the activity after a required barrier was found to be ineffective. This created a situation involving unexpected movement of equipment. The crew stopped work and the control measures were reviewed.",English,YES,Barrier failure,Control not verified,Hot Work,Critical,Yes
V3-1428,Unsafe Condition,Compressor Station 2,electrical maintenance,"during a planned maintenance window, at the Compressor Station 2, a vehicle operator was involved in electrical maintenance near the equipment bay. The worker or crew approached the operating equipment without maintaining the expected separation. This created a situation involving exposure to an energized component. The operation was halted until the required protection was established.",English,YES,Uncontrolled hazard,Personnel exposed to hazard,Energy Isolation,High,Yes
V3-0195,Unsafe Condition,Tank Farm,vessel cleaning,"shortly after the crew arrived, at the Tank Farm, the inspection team was involved in vessel cleaning near the storage area. Before the task progressed, the team reviewed the isolation status before starting. The planned precautions were maintained. The observation did not identify a credible high-consequence exposure.",English,NO,No credible precursor identified,Precaution confirmed,Line of Fire,Routine,No
V3-0056,Unsafe Condition,Compressor Station 2,electrical maintenance,"during a planned maintenance window, at the Compressor Station 2, the lifting team was involved in electrical maintenance near the storage area. Before the task progressed, the team reviewed the isolation status before starting. The equipment was within the approved operating condition. The crew completed the activity without a serious exposure.",English,NO,No credible precursor identified,No personnel exposure,Confined Space,Low,No
V3-0185,Unsafe Condition,Refinery Area A,vessel cleaning,"before the evening shutdown, at the Refinery Area A, the site team was involved in vessel cleaning near the maintenance area. Before the task progressed, the team verified the required authorization. The supervisor remained available. The work proceeded without an uncontrolled change in conditions.",English,NO,No credible precursor identified,Work area controlled,Energy Isolation,Low,No
V3-1185,Near Miss,Maintenance Workshop,welding,"before the evening shutdown, at the Maintenance Workshop, the inspection team was involved in welding near the electrical room. The worker or crew continued the activity after a required barrier was found to be ineffective. This created a situation involving uncontrolled movement of a suspended load. The supervisor intervened before the task could continue.",English,YES,Unsafe positioning,Unexpected hazard identified,Hot Work,Critical,Yes
V3-0740,Unsafe Act,Gas Processing Unit,compressor maintenance,"during the morning shift, at the Gas Processing Unit, The crew found minor surface damage on a non-critical component during inspection and reported it for maintenance. The observation was associated with compressor maintenance near the loading point. No person was exposed to the condition. The team corrected the issue before normal work continued.",English,NO,No credible precursor identified,Control verified,Hot Work,Low,No
V3-0483,Unsafe Condition,Gas Processing Unit,welding,"during the morning shift, at the Gas Processing Unit, the site team was involved in welding near the valve station. Before the task progressed, the team inspected the surrounding area before beginning. The equipment was within the approved operating condition. The planned barriers remained effective during the observation.",English,NO,No credible precursor identified,Precaution confirmed,Confined Space,Routine,No
V3-1199,Unsafe Condition,Loading Terminal,electrical maintenance,"at the start of the work period, at the Loading Terminal, the lifting team was involved in electrical maintenance near the valve station. The worker or crew started the operation while another crew was still working inside the affected area. This created a situation involving an unplanned change in the work environment. The area was isolated while the condition was investigated.",English,YES,Uncontrolled hazard,Unexpected hazard identified,Confined Space,High,Yes
V3-0295,Unsafe Condition,Tank Farm,welding,"during the morning shift, at the Tank Farm, the inspection team was involved in welding near the process line. Before the task progressed, the team verified the required authorization. The required separation was maintained. The observation did not identify a credible high-consequence exposure.",English,NO,No credible precursor identified,Control verified,Hot Work,Routine,No
V3-1378,Unsafe Condition,Gas Processing Unit,welding,"during routine field activity, at the Gas Processing Unit, the electrical crew was involved in welding near the maintenance area. The worker or crew continued the activity after a required barrier was found to be ineffective. This created a situation involving uncontrolled movement of a suspended load. Work was suspended until the missing control was restored.",English,YES,Energy exposure,Unsafe position observed,Confined Space,High,Yes
V3-0784,Near Miss,Production Area B,crane operation,"while preparing the work area, at the Production Area B, the maintenance group was involved in crane operation near the valve station. The worker or crew approached the operating equipment without maintaining the expected separation. This created a situation involving an active energy source that had not been fully controlled. The operation was halted until the required protection was established.",English,YES,Energy exposure,Personnel exposed to hazard,Hot Work,High,Yes
V3-0261,Safety Observation,Maintenance Workshop,vessel cleaning,"during routine field activity, at the Maintenance Workshop, a contractor was involved in vessel cleaning near the loading point. Before the task progressed, the team confirmed communication with the control room. The approved sequence was followed. The observation did not identify a credible high-consequence exposure.",English,NO,No credible precursor identified,Procedure followed,Energy Isolation,Low,No
V3-0444,Unsafe Condition,Pipeline Station 3,compressor maintenance,"during a planned maintenance window, at the Pipeline Station 3, The crew found minor surface damage on a non-critical component during inspection and reported it for maintenance. The observation was associated with compressor maintenance near the storage area. The condition was corrected before it could affect the work. The team corrected the issue before normal work continued.",English,NO,No credible precursor identified,Work area controlled,Line of Fire,Routine,No
V3-1452,Unsafe Condition,Tank Farm,grinding,"during a planned maintenance window, at the Tank Farm, a welding crew was involved in grinding near the production unit. The worker or crew began work before the isolation status was fully verified. This created a situation involving an active energy source that had not been fully controlled. The crew stopped work and the control measures were reviewed.",English,YES,Energy exposure,Barrier ineffective,Energy Isolation,Critical,Yes
V3-1449,Near Miss,Gas Processing Unit,vehicle movement,"shortly after the crew arrived, at the Gas Processing Unit, a vehicle operator was involved in vehicle movement near the valve station. The worker or crew continued the activity after a required barrier was found to be ineffective. This created a situation involving movement of a vehicle through the work area. The supervisor stopped the activity and moved the crew to a safe location.",English,YES,Control failure,Unexpected hazard identified,Confined Space,High,Yes
V3-1406,Unsafe Act,Refinery Area A,welding,"during a planned maintenance window, at the Refinery Area A, a contractor was involved in welding near the valve station. The worker or crew continued preparation while a critical control remained incomplete. This created a situation involving uncontrolled movement of a suspended load. The supervisor stopped the activity and moved the crew to a safe location.",English,YES,Barrier failure,Unexpected hazard identified,Line of Fire,High,Yes
V3-1178,Near Miss,Loading Terminal,vehicle movement,"during a planned maintenance window, at the Loading Terminal, the inspection team was involved in vehicle movement near the maintenance area. The worker or crew started the task before the required control had been confirmed. This created a situation involving an unplanned change in the work environment. The team withdrew from the area and reassessed the work conditions.",English,YES,Control failure,Personnel exposed to hazard,Hot Work,High,Yes
V3-0286,Unsafe Condition,Utility Section,lifting operation,"during the afternoon shift, at the Utility Section, The team noticed a damaged label on equipment and replaced it before continuing. The observation was associated with lifting operation near the tank farm. The observation involved housekeeping rather than an active energy source. The team corrected the issue before normal work continued.",English,NO,No credible precursor identified,No personnel exposure,Energy Isolation,Routine,No
V3-1360,Unsafe Act,Refinery Area A,grinding,"during the morning shift, at the Refinery Area A, the lifting team was involved in grinding near the pipeline corridor. The worker or crew started the task before the required control had been confirmed. This created a situation involving unexpected pressure in the process line. The supervisor intervened before the task could continue.",English,YES,Barrier failure,Control not verified,Confined Space,High,Yes
V3-0678,Safety Observation,Compressor Station 2,compressor maintenance,"during routine field activity, at the Compressor Station 2, the site team was involved in compressor maintenance near the pipeline corridor. Before the task progressed, the team reviewed the work instructions before starting. The equipment was within the approved operating condition. The planned barriers remained effective during the observation.",English,NO,No credible precursor identified,Precaution confirmed,Confined Space,Routine,No
V3-0583,Safety Observation,Loading Terminal,vehicle movement,"shortly after the crew arrived, at the Loading Terminal, a field operator was involved in vehicle movement near the pipeline corridor. Before the task progressed, the team checked the condition of the lifting equipment. The approved sequence was followed. The activity continued under the planned controls.",English,NO,No credible precursor identified,Procedure followed,Hot Work,Low,No
V3-1372,Near Miss,Tank Farm,grinding,"during the afternoon shift, at the Tank Farm, a contractor was involved in grinding near the utility yard. The worker or crew continued preparation while a critical control remained incomplete. This created a situation involving temporary loss of a protective barrier. The activity was paused and the affected equipment was secured.",English,YES,Uncontrolled hazard,Personnel exposed to hazard,Energy Isolation,Critical,Yes
V3-0656,Unsafe Condition,Utility Section,vehicle movement,"at the start of the work period, at the Utility Section, a contractor was involved in vehicle movement near the loading point. Before the task progressed, the team reviewed the isolation status before starting. The supervisor remained available. The crew completed the activity without a serious exposure.",English,NO,No credible precursor identified,Work area controlled,Energy Isolation,Low,No
V3-0933,Near Miss,Drilling Site,lifting operation,"shortly after the crew arrived, at the Drilling Site, a vehicle operator was involved in lifting operation near the workshop. The worker or crew positioned personnel closer to the active equipment than permitted. This created a situation involving unexpected pressure in the process line. The team withdrew from the area and reassessed the work conditions.",English,YES,Uncontrolled hazard,Control not verified,Energy Isolation,High,Yes
V3-1223,Unsafe Condition,Compressor Station 2,welding,"during the afternoon shift, at the Compressor Station 2, the inspection team was involved in welding near the production unit. The worker or crew started the task before the required control had been confirmed. This created a situation involving unexpected pressure in the process line. The operation was halted until the required protection was established.",English,YES,Control failure,Personnel exposed to hazard,Line of Fire,Critical,Yes
V3-0310,Safety Observation,Compressor Station 2,crane operation,"during routine field activity, at the Compressor Station 2, the electrical crew was involved in crane operation near the workshop. Before the task progressed, the team reviewed the isolation status before starting. The access controls remained in place. The activity continued under the planned controls.",English,NO,No credible precursor identified,Precaution confirmed,Energy Isolation,Low,No
V3-0586,Near Miss,Production Area B,welding,"shortly after the crew arrived, at the Production Area B, A worker reported a minor equipment defect that did not affect the active task and the item was tagged for follow-up. The observation was associated with welding near the pipeline corridor. No person was exposed to the condition. The team corrected the issue before normal work continued.",English,NO,No credible precursor identified,Control verified,Confined Space,Routine,No
V3-0508,Unsafe Act,Refinery Area A,vessel cleaning,"while preparing the work area, at the Refinery Area A, The crew found minor surface damage on a non-critical component during inspection and reported it for maintenance. The observation was associated with vessel cleaning near the loading point. The condition was corrected before it could affect the work. The team corrected the issue before normal work continued.",English,NO,No credible precursor identified,Procedure followed,Hot Work,Routine,No
V3-1046,Unsafe Act,Production Area B,welding,"shortly after the crew arrived, at the Production Area B, the site team was involved in welding near the production unit. The worker or crew continued preparation while a critical control remained incomplete. This created a situation involving possible release of stored energy. The supervisor stopped the activity and moved the crew to a safe location.",English,YES,Control failure,Unexpected hazard identified,Hot Work,Critical,Yes
V3-0038,Unsafe Act,Gas Processing Unit,pipeline repair,"at the start of the work period, at the Gas Processing Unit, A temporary access obstruction was identified and removed before personnel entered the area. The observation was associated with pipeline repair near the valve station. The task had not started when the issue was identified. The team corrected the issue before normal work continued.",English,NO,No credible precursor identified,Work area controlled,Hot Work,Low,No
V3-1341,Near Miss,Production Area B,grinding,"during a planned maintenance window, at the Production Area B, a vehicle operator was involved in grinding near the tank farm. The worker or crew approached the operating equipment without maintaining the expected separation. This created a situation involving movement of a vehicle through the work area. The team withdrew from the area and reassessed the work conditions.",English,YES,Unsafe positioning,Personnel exposed to hazard,Hot Work,High,Yes
V3-0322,Near Miss,Pipeline Station 3,compressor maintenance,"during the morning shift, at the Pipeline Station 3, the lifting team was involved in compressor maintenance near the electrical room. Before the task progressed, the team inspected the surrounding area before beginning. The team stayed within the designated work area. The activity continued under the planned controls.",English,NO,No credible precursor identified,Work area controlled,Hot Work,Routine,No
V3-0855,Near Miss,Loading Terminal,electrical maintenance,"shortly after the crew arrived, at the Loading Terminal, a welding crew was involved in electrical maintenance near the loading point. The worker or crew approached the operating equipment without maintaining the expected separation. This created a situation involving exposure to an energized component. The operation was halted until the required protection was established.",English,YES,Control failure,Control not verified,Line of Fire,High,Yes
V3-1210,Unsafe Condition,Gas Processing Unit,electrical maintenance,"during the morning shift, at the Gas Processing Unit, a field operator was involved in electrical maintenance near the storage area. The worker or crew proceeded with the task after an unexpected change in conditions. This created a situation involving temporary loss of a protective barrier. Work was suspended until the missing control was restored.",English,YES,Barrier failure,Unsafe position observed,Hot Work,High,Yes
V3-0283,Safety Observation,Tank Farm,electrical maintenance,"while preparing the work area, at the Tank Farm, A routine inspection identified a small housekeeping deviation with no personnel exposure. The observation was associated with electrical maintenance near the compressor bay. The condition was corrected before it could affect the work. The team corrected the issue before normal work continued.",English,NO,No credible precursor identified,Work area controlled,Hot Work,Low,No
V3-0015,Unsafe Condition,Drilling Site,compressor maintenance,"before the evening shutdown, at the Drilling Site, A worker noticed a loose hand tool on the work platform and secured it before the task began. The observation was associated with compressor maintenance near the production unit. The crew maintained the required separation throughout. The team corrected the issue before normal work continued.",English,NO,No credible precursor identified,Work area controlled,Energy Isolation,Routine,No
V3-0861,Unsafe Condition,Refinery Area A,crane operation,"while preparing the work area, at the Refinery Area A, a field operator was involved in crane operation near the equipment bay. The worker or crew approached the operating equipment without maintaining the expected separation. This created a situation involving exposure to an energized component. The supervisor intervened before the task could continue.",English,YES,Control failure,Unsafe position observed,Confined Space,Critical,Yes
V3-0368,Near Miss,Utility Section,lifting operation,"during the morning shift, at the Utility Section, the electrical crew was involved in lifting operation near the production unit. Before the task progressed, the team verified the required authorization. The required separation was maintained. The planned barriers remained effective during the observation.",English,NO,No credible precursor identified,Procedure followed,Hot Work,Low,No
V3-1180,Unsafe Condition,Pipeline Station 3,compressor maintenance,"while preparing the work area, at the Pipeline Station 3, a contractor was involved in compressor maintenance near the elevated work platform. The worker or crew began work before the isolation status was fully verified. This created a situation involving loss of separation from operating machinery. The supervisor intervened before the task could continue.",English,YES,Barrier failure,Personnel exposed to hazard,Energy Isolation,High,Yes
V3-0707,Unsafe Act,Utility Section,lifting operation,"during routine field activity, at the Utility Section, a welding crew was involved in lifting operation near the production unit. Before the task progressed, the team checked the condition of the equipment before use. The access controls remained in place. The observation did not identify a credible high-consequence exposure.",English,NO,No credible precursor identified,Control verified,Confined Space,Low,No
V3-1424,Near Miss,Gas Processing Unit,crane operation,"during routine field activity, at the Gas Processing Unit, the site team was involved in crane operation near the tank farm. The worker or crew continued preparation while a critical control remained incomplete. This created a situation involving possible release of stored energy. The area was isolated while the condition was investigated.",English,YES,Barrier failure,Personnel exposed to hazard,Confined Space,Critical,Yes
V3-1230,Unsafe Condition,Loading Terminal,grinding,"during a planned maintenance window, at the Loading Terminal, a field operator was involved in grinding near the valve station. The worker or crew proceeded with the task after an unexpected change in conditions. This created a situation involving an active energy source that had not been fully controlled. The supervisor intervened before the task could continue.",English,YES,Unsafe positioning,Barrier ineffective,Energy Isolation,Critical,Yes
V3-1345,Near Miss,Drilling Site,vessel cleaning,"during a planned maintenance window, at the Drilling Site, a welding crew was involved in vessel cleaning near the valve station. The worker or crew moved into the work area while an important safeguard was still being checked. This created a situation involving unexpected pressure in the process line. The supervisor intervened before the task could continue.",English,YES,Uncontrolled hazard,Personnel exposed to hazard,Hot Work,Critical,Yes
V3-1212,Unsafe Condition,Tank Farm,crane operation,"during the morning shift, at the Tank Farm, the site team was involved in crane operation near the storage area. The worker or crew proceeded with the task after an unexpected change in conditions. This created a situation involving exposure to an energized component. The supervisor stopped the activity and moved the crew to a safe location.",English,YES,Control failure,Unexpected hazard identified,Hot Work,High,Yes
V3-1151,Unsafe Act,Maintenance Workshop,pipeline repair,"during the afternoon shift, at the Maintenance Workshop, a field operator was involved in pipeline repair near the loading point. The worker or crew proceeded with the task after an unexpected change in conditions. This created a situation involving movement of a vehicle through the work area. The crew stopped work and the control measures were reviewed.",English,YES,Unsafe positioning,Personnel exposed to hazard,Hot Work,High,Yes
V3-0673,Unsafe Act,Production Area B,vehicle movement,"during the morning shift, at the Production Area B, A warning sign had shifted from its original position and was restored before work started. The observation was associated with vehicle movement near the production unit. The condition was corrected before it could affect the work. The team corrected the issue before normal work continued.",English,NO,No credible precursor identified,Control verified,Hot Work,Routine,No
V3-1179,Unsafe Act,Utility Section,electrical maintenance,"during the afternoon shift, at the Utility Section, a maintenance technician was involved in electrical maintenance near the tank farm. The worker or crew approached the operating equipment without maintaining the expected separation. This created a situation involving unexpected pressure in the process line. The area was isolated while the condition was investigated.",English,YES,Unsafe positioning,Personnel exposed to hazard,Energy Isolation,Critical,Yes
V3-0315,Unsafe Condition,Gas Processing Unit,crane operation,"shortly after the crew arrived, at the Gas Processing Unit, a contractor was involved in crane operation near the pipeline corridor. Before the task progressed, the team checked the condition of the equipment before use. The approved sequence was followed. The work proceeded without an uncontrolled change in conditions.",English,NO,No credible precursor identified,Work area controlled,Line of Fire,Routine,No
V3-1337,Near Miss,Maintenance Workshop,pipeline repair,"during the morning shift, at the Maintenance Workshop, a field operator was involved in pipeline repair near the equipment bay. The worker or crew moved into the work area while an important safeguard was still being checked. This created a situation involving unexpected pressure in the process line. The crew stopped work and the control measures were reviewed.",English,YES,Uncontrolled hazard,Unexpected hazard identified,Confined Space,Critical,Yes
V3-0955,Near Miss,Drilling Site,vessel cleaning,"before the evening shutdown, at the Drilling Site, a vehicle operator was involved in vessel cleaning near the maintenance area. The worker or crew positioned personnel closer to the active equipment than permitted. This created a situation involving unexpected movement of equipment. The area was isolated while the condition was investigated.",English,YES,Uncontrolled hazard,Barrier ineffective,Line of Fire,High,Yes
V3-1307,Unsafe Act,Loading Terminal,lifting operation,"during a planned maintenance window, at the Loading Terminal, a maintenance technician was involved in lifting operation near the compressor bay. The worker or crew continued preparation while a critical control remained incomplete. This created a situation involving movement of a vehicle through the work area. The crew stopped work and the control measures were reviewed.",English,YES,Uncontrolled hazard,Unsafe position observed,Line of Fire,High,Yes
V3-0009,Near Miss,Pipeline Station 3,grinding,"at the start of the work period, at the Pipeline Station 3, the electrical crew was involved in grinding near the production unit. Before the task progressed, the team confirmed communication with the control room. The work area remained controlled. The work proceeded without an uncontrolled change in conditions.",English,NO,No credible precursor identified,Procedure followed,Confined Space,Routine,No
V3-0182,Unsafe Condition,Pipeline Station 3,lifting operation,"while preparing the work area, at the Pipeline Station 3, The team noticed a damaged label on equipment and replaced it before continuing. The observation was associated with lifting operation near the loading point. The condition was corrected before it could affect the work. The team corrected the issue before normal work continued.",English,NO,No credible precursor identified,Work area controlled,Hot Work,Routine,No
V3-0361,Near Miss,Gas Processing Unit,tank entry,"during the afternoon shift, at the Gas Processing Unit, the lifting team was involved in tank entry near the pump area. Before the task progressed, the team verified the required authorization. The required safeguards were available. The crew completed the activity without a serious exposure.",English,NO,No credible precursor identified,Control verified,Confined Space,Low,No
V3-0864,Unsafe Act,Tank Farm,vessel cleaning,"before the evening shutdown, at the Tank Farm, a contractor was involved in vessel cleaning near the utility yard. The worker or crew moved into the work area while an important safeguard was still being checked. This created a situation involving an unplanned change in the work environment. The crew stopped work and the control measures were reviewed.",English,YES,Energy exposure,Control not verified,Confined Space,Critical,Yes
V3-0223,Near Miss,Maintenance Workshop,tank entry,"during the morning shift, at the Maintenance Workshop, A worker noticed a loose hand tool on the work platform and secured it before the task began. The observation was associated with tank entry near the tank farm. The crew maintained the required separation throughout. The team corrected the issue before normal work continued.",English,NO,No credible precursor identified,Control verified,Line of Fire,Low,No
V3-0554,Unsafe Act,Gas Processing Unit,grinding,"during the morning shift, at the Gas Processing Unit, a contractor was involved in grinding near the compressor bay. Before the task progressed, the team completed the pre-job safety discussion. The access controls remained in place. The activity continued under the planned controls.",English,NO,No credible precursor identified,Precaution confirmed,Line of Fire,Routine,No
V3-0441,Near Miss,Pipeline Station 3,welding,"before the evening shutdown, at the Pipeline Station 3, A small housekeeping issue was observed beside the work area and was corrected immediately. The observation was associated with welding near the maintenance area. The equipment remained isolated from personnel activity. The team corrected the issue before normal work continued.",English,NO,No credible precursor identified,Work area controlled,Confined Space,Low,No
V3-1244,Unsafe Act,Pipeline Station 3,electrical maintenance,"shortly after the crew arrived, at the Pipeline Station 3, a contractor was involved in electrical maintenance near the pump area. The worker or crew started the task before the required control had been confirmed. This created a situation involving unexpected pressure in the process line. The team withdrew from the area and reassessed the work conditions.",English,YES,Unsafe positioning,Unsafe position observed,Confined Space,Critical,Yes
V3-0512,Safety Observation,Tank Farm,electrical maintenance,"while preparing the work area, at the Tank Farm, a welding crew was involved in electrical maintenance near the tank farm. Before the task progressed, the team verified the required authorization. The work area remained controlled. The observation did not identify a credible high-consequence exposure.",English,NO,No credible precursor identified,Control verified,Energy Isolation,Routine,No
V3-0381,Unsafe Act,Pipeline Station 3,vessel cleaning,"at the start of the work period, at the Pipeline Station 3, a contractor was involved in vessel cleaning near the storage area. Before the task progressed, the team verified the required authorization. The equipment was within the approved operating condition. The planned barriers remained effective during the observation.",English,NO,No credible precursor identified,Procedure followed,Line of Fire,Routine,No
V3-0689,Unsafe Act,Pipeline Station 3,lifting operation,"at the start of the work period, at the Pipeline Station 3, the lifting team was involved in lifting operation near the valve station. Before the task progressed, the team confirmed communication with the control room. The approved sequence was followed. The activity continued under the planned controls.",English,NO,No credible precursor identified,No personnel exposure,Confined Space,Routine,No
V3-0231,Safety Observation,Gas Processing Unit,welding,"during the morning shift, at the Gas Processing Unit, A temporary access obstruction was identified and removed before personnel entered the area. The observation was associated with welding near the compressor bay. The task had not started when the issue was identified. The team corrected the issue before normal work continued.",English,NO,No credible precursor identified,No personnel exposure,Line of Fire,Routine,No
V3-0113,Unsafe Condition,Loading Terminal,electrical maintenance,"during routine field activity, at the Loading Terminal, A routine inspection identified a small housekeeping deviation with no personnel exposure. The observation was associated with electrical maintenance near the loading point. The issue had no impact on the work boundary. The team corrected the issue before normal work continued.",English,NO,No credible precursor identified,Control verified,Confined Space,Low,No
V3-1085,Near Miss,Compressor Station 2,electrical maintenance,"while preparing the work area, at the Compressor Station 2, the lifting team was involved in electrical maintenance near the process line. The worker or crew continued the activity after a required barrier was found to be ineffective. This created a situation involving possible release of stored energy. Work was suspended until the missing control was restored.",English,YES,Energy exposure,Control not verified,Energy Isolation,Critical,Yes
V3-1084,Near Miss,Tank Farm,pipeline repair,"during routine field activity, at the Tank Farm, a field operator was involved in pipeline repair near the workshop. The worker or crew moved into the work area while an important safeguard was still being checked. This created a situation involving temporary loss of a protective barrier. The operation was halted until the required protection was established.",English,YES,Uncontrolled hazard,Unsafe position observed,Confined Space,High,Yes
V3-1150,Unsafe Condition,Tank Farm,electrical maintenance,"during routine field activity, at the Tank Farm, the inspection team was involved in electrical maintenance near the utility yard. The worker or crew began work before the isolation status was fully verified. This created a situation involving an unplanned change in the work environment. The crew stopped work and the control measures were reviewed.",English,YES,Unsafe positioning,Barrier ineffective,Energy Isolation,Critical,Yes
V3-0778,Near Miss,Gas Processing Unit,vehicle movement,"during the morning shift, at the Gas Processing Unit, a vehicle operator was involved in vehicle movement near the pump area. The worker or crew positioned personnel closer to the active equipment than permitted. This created a situation involving loss of separation from operating machinery. The crew stopped work and the control measures were reviewed.",English,YES,Control failure,Control not verified,Confined Space,Critical,Yes
V3-0154,Unsafe Condition,Gas Processing Unit,vessel cleaning,"before the evening shutdown, at the Gas Processing Unit, the site team was involved in vessel cleaning near the pump area. Before the task progressed, the team confirmed that the access route was clear. The required separation was maintained. No significant control breakdown was identified.",English,NO,No credible precursor identified,Work area controlled,Line of Fire,Routine,No
V3-0488,Unsafe Condition,Refinery Area A,electrical maintenance,"shortly after the crew arrived, at the Refinery Area A, A warning sign had shifted from its original position and was restored before work started. The observation was associated with electrical maintenance near the production unit. The observation involved housekeeping rather than an active energy source. The team corrected the issue before normal work continued.",English,NO,No credible precursor identified,No personnel exposure,Hot Work,Low,No
V3-0123,Unsafe Condition,Production Area B,tank entry,"during the afternoon shift, at the Production Area B, A worker noticed a loose hand tool on the work platform and secured it before the task began. The observation was associated with tank entry near the tank farm. The equipment remained isolated from personnel activity. The team corrected the issue before normal work continued.",English,NO,No credible precursor identified,Control verified,Energy Isolation,Low,No
V3-1061,Unsafe Act,Loading Terminal,lifting operation,"during routine field activity, at the Loading Terminal, a welding crew was involved in lifting operation near the maintenance area. The worker or crew proceeded with the task after an unexpected change in conditions. This created a situation involving temporary loss of a protective barrier. Work was suspended until the missing control was restored.",English,YES,Barrier failure,Barrier ineffective,Energy Isolation,High,Yes
V3-1148,Unsafe Condition,Refinery Area A,compressor maintenance,"shortly after the crew arrived, at the Refinery Area A, a maintenance technician was involved in compressor maintenance near the pipeline corridor. The worker or crew continued preparation while a critical control remained incomplete. This created a situation involving unexpected pressure in the process line. The operation was halted until the required protection was established.",English,YES,Energy exposure,Control not verified,Line of Fire,Critical,Yes
V3-0613,Safety Observation,Gas Processing Unit,pipeline repair,"before the evening shutdown, at the Gas Processing Unit, A temporary access obstruction was identified and removed before personnel entered the area. The observation was associated with pipeline repair near the maintenance area. The equipment remained isolated from personnel activity. The team corrected the issue before normal work continued.",English,NO,No credible precursor identified,No personnel exposure,Hot Work,Low,No
V3-0681,Safety Observation,Tank Farm,welding,"before the evening shutdown, at the Tank Farm, a field operator was involved in welding near the utility yard. Before the task progressed, the team confirmed the work boundary with the supervisor. The equipment was within the approved operating condition. The observation did not identify a credible high-consequence exposure.",English,NO,No credible precursor identified,Precaution confirmed,Line of Fire,Routine,No
V3-0096,Safety Observation,Refinery Area A,vessel cleaning,"during the morning shift, at the Refinery Area A, the maintenance group was involved in vessel cleaning near the workshop. Before the task progressed, the team inspected the surrounding area before beginning. The supervisor remained available. No hazardous deviation was observed.",English,NO,No credible precursor identified,Precaution confirmed,Confined Space,Low,No
V3-0819,Unsafe Condition,Loading Terminal,compressor maintenance,"during routine field activity, at the Loading Terminal, the site team was involved in compressor maintenance near the utility yard. The worker or crew started the operation while another crew was still working inside the affected area. This created a situation involving an unplanned change in the work environment. The crew stopped work and the control measures were reviewed.",English,YES,Barrier failure,Control not verified,Confined Space,Critical,Yes
V3-0893,Near Miss,Loading Terminal,pipeline repair,"during routine field activity, at the Loading Terminal, a vehicle operator was involved in pipeline repair near the storage area. The worker or crew started the task before the required control had been confirmed. This created a situation involving exposure to an energized component. The activity was paused and the affected equipment was secured.",English,YES,Barrier failure,Personnel exposed to hazard,Energy Isolation,Critical,Yes
V3-1455,Unsafe Condition,Drilling Site,electrical maintenance,"at the start of the work period, at the Drilling Site, a maintenance technician was involved in electrical maintenance near the tank farm. The worker or crew continued preparation while a critical control remained incomplete. This created a situation involving possible release of stored energy. Work was suspended until the missing control was restored.",English,YES,Uncontrolled hazard,Personnel exposed to hazard,Confined Space,High,Yes
V3-0956,Near Miss,Compressor Station 2,grinding,"during the afternoon shift, at the Compressor Station 2, the maintenance group was involved in grinding near the elevated work platform. The worker or crew continued preparation while a critical control remained incomplete. This created a situation involving movement of a vehicle through the work area. The crew stopped work and the control measures were reviewed.",English,YES,Uncontrolled hazard,Control not verified,Energy Isolation,Critical,Yes
V3-1062,Unsafe Act,Gas Processing Unit,tank entry,"during the afternoon shift, at the Gas Processing Unit, the electrical crew was involved in tank entry near the process line. The worker or crew entered the restricted area before the required authorization was confirmed. This created a situation involving movement of a vehicle through the work area. The crew stopped work and the control measures were reviewed.",English,YES,Barrier failure,Personnel exposed to hazard,Line of Fire,High,Yes
V3-0837,Unsafe Act,Maintenance Workshop,vessel cleaning,"shortly after the crew arrived, at the Maintenance Workshop, the inspection team was involved in vessel cleaning near the production unit. The worker or crew continued preparation while a critical control remained incomplete. This created a situation involving unexpected movement of equipment. Work was suspended until the missing control was restored.",English,YES,Energy exposure,Personnel exposed to hazard,Energy Isolation,Critical,Yes
V3-0679,Near Miss,Production Area B,vehicle movement,"during the afternoon shift, at the Production Area B, the site team was involved in vehicle movement near the elevated work platform. Before the task progressed, the team reviewed the isolation status before starting. The approved sequence was followed. The work proceeded without an uncontrolled change in conditions.",English,NO,No credible precursor identified,Procedure followed,Energy Isolation,Low,No
V3-0145,Near Miss,Pipeline Station 3,electrical maintenance,"during routine field activity, at the Pipeline Station 3, A small housekeeping issue was observed beside the work area and was corrected immediately. The observation was associated with electrical maintenance near the loading point. The task had not started when the issue was identified. The team corrected the issue before normal work continued.",English,NO,No credible precursor identified,Precaution confirmed,Hot Work,Low,No
V3-0385,Safety Observation,Drilling Site,crane operation,"before the evening shutdown, at the Drilling Site, A routine inspection identified a small housekeeping deviation with no personnel exposure. The observation was associated with crane operation near the tank farm. The crew maintained the required separation throughout. The team corrected the issue before normal work continued.",English,NO,No credible precursor identified,Work area controlled,Hot Work,Low,No
V3-0813,Unsafe Act,Refinery Area A,pipeline repair,"during a planned maintenance window, at the Refinery Area A, the site team was involved in pipeline repair near the compressor bay. The worker or crew entered the restricted area before the required authorization was confirmed. This created a situation involving uncontrolled movement of a suspended load. The activity was paused and the affected equipment was secured.",English,YES,Control failure,Personnel exposed to hazard,Energy Isolation,High,Yes
V3-0671,Unsafe Act,Pipeline Station 3,grinding,"during the morning shift, at the Pipeline Station 3, a welding crew was involved in grinding near the maintenance area. Before the task progressed, the team confirmed communication with the control room. The supervisor remained available. The crew completed the activity without a serious exposure.",English,NO,No credible precursor identified,No personnel exposure,Hot Work,Routine,No
V3-0347,Safety Observation,Gas Processing Unit,vehicle movement,"at the start of the work period, at the Gas Processing Unit, A worker noticed a loose hand tool on the work platform and secured it before the task began. The observation was associated with vehicle movement near the tank farm. The observation involved housekeeping rather than an active energy source. The team corrected the issue before normal work continued.",English,NO,No credible precursor identified,Control verified,Confined Space,Routine,No
V3-0332,Unsafe Act,Production Area B,electrical maintenance,"during a planned maintenance window, at the Production Area B, the site team was involved in electrical maintenance near the compressor bay. Before the task progressed, the team confirmed communication with the control room. The supervisor remained available. The work proceeded without an uncontrolled change in conditions.",English,NO,No credible precursor identified,Control verified,Hot Work,Routine,No
V3-0950,Near Miss,Utility Section,tank entry,"during a planned maintenance window, at the Utility Section, the inspection team was involved in tank entry near the workshop. The worker or crew approached the operating equipment without maintaining the expected separation. This created a situation involving movement of a vehicle through the work area. The crew stopped work and the control measures were reviewed.",English,YES,Energy exposure,Personnel exposed to hazard,Line of Fire,High,Yes
V3-0667,Near Miss,Drilling Site,tank entry,"shortly after the crew arrived, at the Drilling Site, the lifting team was involved in tank entry near the storage area. Before the task progressed, the team reviewed the isolation status before starting. The required separation was maintained. The observation did not identify a credible high-consequence exposure.",English,NO,No credible precursor identified,Procedure followed,Line of Fire,Routine,No
V3-0637,Unsafe Condition,Gas Processing Unit,welding,"during routine field activity, at the Gas Processing Unit, the maintenance group was involved in welding near the pipeline corridor. Before the task progressed, the team reviewed the isolation status before starting. The equipment was within the approved operating condition. The crew completed the activity without a serious exposure.",English,NO,No credible precursor identified,Work area controlled,Confined Space,Routine,No
V3-1457,Near Miss,Gas Processing Unit,compressor maintenance,"during routine field activity, at the Gas Processing Unit, the lifting team was involved in compressor maintenance near the compressor bay. The worker or crew continued the activity after a required barrier was found to be ineffective. This created a situation involving loss of separation from operating machinery. The supervisor intervened before the task could continue.",English,YES,Barrier failure,Unsafe position observed,Confined Space,Critical,Yes
V3-0248,Unsafe Act,Pipeline Station 3,crane operation,"during the morning shift, at the Pipeline Station 3, a field operator was involved in crane operation near the compressor bay. Before the task progressed, the team checked the condition of the lifting equipment. The required separation was maintained. The activity continued under the planned controls.",English,NO,No credible precursor identified,Procedure followed,Hot Work,Low,No
V3-1269,Near Miss,Gas Processing Unit,welding,"before the evening shutdown, at the Gas Processing Unit, the site team was involved in welding near the valve station. The worker or crew began work before the isolation status was fully verified. This created a situation involving loss of separation from operating machinery. The supervisor intervened before the task could continue.",English,YES,Barrier failure,Control not verified,Line of Fire,High,Yes
V3-1401,Near Miss,Loading Terminal,grinding,"while preparing the work area, at the Loading Terminal, the inspection team was involved in grinding near the workshop. The worker or crew began work before the isolation status was fully verified. This created a situation involving an active energy source that had not been fully controlled. The crew stopped work and the control measures were reviewed.",English,YES,Unsafe positioning,Unsafe position observed,Energy Isolation,High,Yes
V3-1290,Near Miss,Pipeline Station 3,vehicle movement,"while preparing the work area, at the Pipeline Station 3, a contractor was involved in vehicle movement near the compressor bay. The worker or crew proceeded with the task after an unexpected change in conditions. This created a situation involving movement of a vehicle through the work area. The area was isolated while the condition was investigated.",English,YES,Unsafe positioning,Barrier ineffective,Line of Fire,Critical,Yes
V3-0423,Unsafe Condition,Compressor Station 2,tank entry,"during the morning shift, at the Compressor Station 2, a field operator was involved in tank entry near the loading point. Before the task progressed, the team inspected the surrounding area before beginning. The equipment was within the approved operating condition. The observation did not identify a credible high-consequence exposure.",English,NO,No credible precursor identified,Precaution confirmed,Line of Fire,Low,No
V3-1461,Near Miss,Pipeline Station 3,vessel cleaning,"before the evening shutdown, at the Pipeline Station 3, a vehicle operator was involved in vessel cleaning near the utility yard. The worker or crew started the task before the required control had been confirmed. This created a situation involving exposure to an energized component. The operation was halted until the required protection was established.",English,YES,Energy exposure,Control not verified,Line of Fire,Critical,Yes
V3-1267,Unsafe Condition,Compressor Station 2,crane operation,"before the evening shutdown, at the Compressor Station 2, the inspection team was involved in crane operation near the maintenance area. The worker or crew started the task before the required control had been confirmed. This created a situation involving temporary loss of a protective barrier. The area was isolated while the condition was investigated.",English,YES,Barrier failure,Control not verified,Energy Isolation,Critical,Yes
V3-0196,Unsafe Condition,Pipeline Station 3,vessel cleaning,"at the start of the work period, at the Pipeline Station 3, the inspection team was involved in vessel cleaning near the pipeline corridor. Before the task progressed, the team reviewed the work instructions before starting. The supervisor remained available. The observation did not identify a credible high-consequence exposure.",English,NO,No credible precursor identified,Procedure followed,Hot Work,Routine,No
V3-0943,Unsafe Act,Drilling Site,lifting operation,"at the start of the work period, at the Drilling Site, the lifting team was involved in lifting operation near the equipment bay. The worker or crew started the task before the required control had been confirmed. This created a situation involving unexpected movement of equipment. The activity was paused and the affected equipment was secured.",English,YES,Control failure,Barrier ineffective,Hot Work,Critical,Yes
V3-1491,Near Miss,Compressor Station 2,grinding,"during the afternoon shift, at the Compressor Station 2, the electrical crew was involved in grinding near the process line. The worker or crew started the task before the required control had been confirmed. This created a situation involving temporary loss of a protective barrier. The supervisor intervened before the task could continue.",English,YES,Control failure,Unsafe position observed,Confined Space,High,Yes
V3-0401,Unsafe Act,Drilling Site,vessel cleaning,"during the afternoon shift, at the Drilling Site, A temporary access obstruction was identified and removed before personnel entered the area. The observation was associated with vessel cleaning near the equipment bay. The crew maintained the required separation throughout. The team corrected the issue before normal work continued.",English,NO,No credible precursor identified,Work area controlled,Confined Space,Routine,No
V3-0179,Unsafe Act,Pipeline Station 3,tank entry,"while preparing the work area, at the Pipeline Station 3, the maintenance group was involved in tank entry near the pump area. Before the task progressed, the team reviewed the isolation status before starting. The team stayed within the designated work area. The planned barriers remained effective during the observation.",English,NO,No credible precursor identified,No personnel exposure,Confined Space,Routine,No
V3-0774,Unsafe Condition,Production Area B,vehicle movement,"while preparing the work area, at the Production Area B, the electrical crew was involved in vehicle movement near the pump area. The worker or crew started the operation while another crew was still working inside the affected area. This created a situation involving loss of separation from operating machinery. The area was isolated while the condition was investigated.",English,YES,Energy exposure,Unsafe position observed,Hot Work,Critical,Yes
V3-0372,Near Miss,Refinery Area A,vehicle movement,"while preparing the work area, at the Refinery Area A, A routine inspection identified a small housekeeping deviation with no personnel exposure. The observation was associated with vehicle movement near the tank farm. The equipment remained isolated from personnel activity. The team corrected the issue before normal work continued.",English,NO,No credible precursor identified,Work area controlled,Confined Space,Routine,No
V3-0211,Near Miss,Utility Section,lifting operation,"at the start of the work period, at the Utility Section, A warning sign had shifted from its original position and was restored before work started. The observation was associated with lifting operation near the workshop. The crew maintained the required separation throughout. The team corrected the issue before normal work continued.",English,NO,No credible precursor identified,Procedure followed,Line of Fire,Routine,No
V3-0743,Unsafe Act,Production Area B,compressor maintenance,"during a planned maintenance window, at the Production Area B, a maintenance technician was involved in compressor maintenance near the equipment bay. Before the task progressed, the team confirmed the work boundary with the supervisor. The work area remained controlled. The activity continued under the planned controls.",English,NO,No credible precursor identified,Work area controlled,Hot Work,Routine,No
V3-0143,Near Miss,Gas Processing Unit,electrical maintenance,"before the evening shutdown, at the Gas Processing Unit, a contractor was involved in electrical maintenance near the equipment bay. Before the task progressed, the team confirmed that the access route was clear. The team stayed within the designated work area. The work proceeded without an uncontrolled change in conditions.",English,NO,No credible precursor identified,No personnel exposure,Confined Space,Low,No
V3-0336,Near Miss,Drilling Site,compressor maintenance,"before the evening shutdown, at the Drilling Site, A worker noticed a loose hand tool on the work platform and secured it before the task began. The observation was associated with compressor maintenance near the workshop. The equipment remained isolated from personnel activity. The team corrected the issue before normal work continued.",English,NO,No credible precursor identified,Work area controlled,Hot Work,Low,No
V3-1078,Unsafe Act,Drilling Site,lifting operation,"before the evening shutdown, at the Drilling Site, the electrical crew was involved in lifting operation near the production unit. The worker or crew proceeded with the task after an unexpected change in conditions. This created a situation involving unexpected movement of equipment. The team withdrew from the area and reassessed the work conditions.",English,YES,Barrier failure,Unsafe position observed,Confined Space,High,Yes
V3-0720,Unsafe Condition,Refinery Area A,tank entry,"while preparing the work area, at the Refinery Area A, A warning sign had shifted from its original position and was restored before work started. The observation was associated with tank entry near the pump area. The affected item was outside the active work path. The team corrected the issue before normal work continued.",English,NO,No credible precursor identified,Procedure followed,Hot Work,Low,No
V3-0835,Near Miss,Refinery Area A,welding,"shortly after the crew arrived, at the Refinery Area A, a maintenance technician was involved in welding near the maintenance area. The worker or crew continued preparation while a critical control remained incomplete. This created a situation involving uncontrolled movement of a suspended load. The area was isolated while the condition was investigated.",English,YES,Energy exposure,Barrier ineffective,Confined Space,Critical,Yes
V3-0970,Near Miss,Refinery Area A,lifting operation,"at the start of the work period, at the Refinery Area A, the inspection team was involved in lifting operation near the elevated work platform. The worker or crew positioned personnel closer to the active equipment than permitted. This created a situation involving temporary loss of a protective barrier. The team withdrew from the area and reassessed the work conditions.",English,YES,Energy exposure,Unsafe position observed,Hot Work,Critical,Yes
V3-1030,Near Miss,Gas Processing Unit,pipeline repair,"during a planned maintenance window, at the Gas Processing Unit, the inspection team was involved in pipeline repair near the equipment bay. The worker or crew approached the operating equipment without maintaining the expected separation. This created a situation involving uncontrolled movement of a suspended load. The operation was halted until the required protection was established.",English,YES,Energy exposure,Control not verified,Confined Space,High,Yes
V3-0062,Safety Observation,Production Area B,vehicle movement,"while preparing the work area, at the Production Area B, the maintenance group was involved in vehicle movement near the valve station. Before the task progressed, the team confirmed the work boundary with the supervisor. The access controls remained in place. The observation did not identify a credible high-consequence exposure.",English,NO,No credible precursor identified,Control verified,Confined Space,Routine,No
V3-1051,Unsafe Condition,Compressor Station 2,vehicle movement,"while preparing the work area, at the Compressor Station 2, the inspection team was involved in vehicle movement near the elevated work platform. The worker or crew moved into the work area while an important safeguard was still being checked. This created a situation involving unexpected pressure in the process line. The team withdrew from the area and reassessed the work conditions.",English,YES,Energy exposure,Control not verified,Confined Space,High,Yes
V3-0206,Safety Observation,Gas Processing Unit,tank entry,"during routine field activity, at the Gas Processing Unit, the maintenance group was involved in tank entry near the production unit. Before the task progressed, the team confirmed communication with the control room. The planned precautions were maintained. The surrounding conditions remained stable throughout the task.",English,NO,No credible precursor identified,Precaution confirmed,Energy Isolation,Low,No
V3-0568,Unsafe Act,Tank Farm,grinding,"during the morning shift, at the Tank Farm, A warning sign had shifted from its original position and was restored before work started. The observation was associated with grinding near the maintenance area. The issue had no impact on the work boundary. The team corrected the issue before normal work continued.",English,NO,No credible precursor identified,Control verified,Hot Work,Low,No
V3-1183,Near Miss,Production Area B,electrical maintenance,"during the afternoon shift, at the Production Area B, a maintenance technician was involved in electrical maintenance near the maintenance area. The worker or crew started the task before the required control had been confirmed. This created a situation involving loss of separation from operating machinery. The activity was paused and the affected equipment was secured.",English,YES,Barrier failure,Unsafe position observed,Hot Work,Critical,Yes
V3-0205,Unsafe Act,Tank Farm,pipeline repair,"before the evening shutdown, at the Tank Farm, the maintenance group was involved in pipeline repair near the utility yard. Before the task progressed, the team inspected the surrounding area before beginning. The planned precautions were maintained. The observation did not identify a credible high-consequence exposure.",English,NO,No credible precursor identified,Control verified,Hot Work,Routine,No
V3-1157,Near Miss,Gas Processing Unit,grinding,"during routine field activity, at the Gas Processing Unit, a contractor was involved in grinding near the electrical room. The worker or crew continued preparation while a critical control remained incomplete. This created a situation involving possible release of stored energy. The team withdrew from the area and reassessed the work conditions.",English,YES,Energy exposure,Personnel exposed to hazard,Confined Space,High,Yes
V3-1480,Unsafe Condition,Gas Processing Unit,compressor maintenance,"during routine field activity, at the Gas Processing Unit, the lifting team was involved in compressor maintenance near the equipment bay. The worker or crew started the operation while another crew was still working inside the affected area. This created a situation involving exposure to an energized component. The crew stopped work and the control measures were reviewed.",English,YES,Uncontrolled hazard,Control not verified,Line of Fire,Critical,Yes
V3-1075,Near Miss,Gas Processing Unit,welding,"shortly after the crew arrived, at the Gas Processing Unit, the maintenance group was involved in welding near the workshop. The worker or crew began work before the isolation status was fully verified. This created a situation involving an active energy source that had not been fully controlled. The activity was paused and the affected equipment was secured.",English,YES,Energy exposure,Barrier ineffective,Confined Space,Critical,Yes
V3-1433,Unsafe Condition,Utility Section,pipeline repair,"shortly after the crew arrived, at the Utility Section, a welding crew was involved in pipeline repair near the pipeline corridor. The worker or crew entered the restricted area before the required authorization was confirmed. This created a situation involving unexpected pressure in the process line. The team withdrew from the area and reassessed the work conditions.",English,YES,Control failure,Unexpected hazard identified,Hot Work,High,Yes
V3-1454,Unsafe Condition,Utility Section,electrical maintenance,"during a planned maintenance window, at the Utility Section, the electrical crew was involved in electrical maintenance near the elevated work platform. The worker or crew continued the activity after a required barrier was found to be ineffective. This created a situation involving temporary loss of a protective barrier. The crew stopped work and the control measures were reviewed.",English,YES,Uncontrolled hazard,Unsafe position observed,Line of Fire,Critical,Yes
V3-0098,Unsafe Condition,Gas Processing Unit,vehicle movement,"during the morning shift, at the Gas Processing Unit, A small housekeeping issue was observed beside the work area and was corrected immediately. The observation was associated with vehicle movement near the pump area. The issue had no impact on the work boundary. The team corrected the issue before normal work continued.",English,NO,No credible precursor identified,Control verified,Energy Isolation,Routine,No
V3-1369,Unsafe Act,Compressor Station 2,vessel cleaning,"at the start of the work period, at the Compressor Station 2, the lifting team was involved in vessel cleaning near the workshop. The worker or crew started the operation while another crew was still working inside the affected area. This created a situation involving unexpected pressure in the process line. The crew stopped work and the control measures were reviewed.",English,YES,Uncontrolled hazard,Personnel exposed to hazard,Hot Work,Critical,Yes
V3-0465,Near Miss,Loading Terminal,tank entry,"during the afternoon shift, at the Loading Terminal, a field operator was involved in tank entry near the valve station. Before the task progressed, the team reviewed the work instructions before starting. The work area remained controlled. The observation did not identify a credible high-consequence exposure.",English,NO,No credible precursor identified,Precaution confirmed,Line of Fire,Low,No
V3-0241,Safety Observation,Gas Processing Unit,tank entry,"during the morning shift, at the Gas Processing Unit, the lifting team was involved in tank entry near the process line. Before the task progressed, the team confirmed communication with the control room. The access controls remained in place. The observation did not identify a credible high-consequence exposure.",English,NO,No credible precursor identified,Control verified,Energy Isolation,Routine,No
V3-0421,Unsafe Condition,Loading Terminal,crane operation,"before the evening shutdown, at the Loading Terminal, a maintenance technician was involved in crane operation near the electrical room. Before the task progressed, the team checked the condition of the equipment before use. The team stayed within the designated work area. The crew completed the activity without a serious exposure.",English,NO,No credible precursor identified,Work area controlled,Confined Space,Routine,No
V3-0025,Safety Observation,Gas Processing Unit,vessel cleaning,"during the morning shift, at the Gas Processing Unit, the inspection team was involved in vessel cleaning near the loading point. Before the task progressed, the team confirmed communication with the control room. The equipment was within the approved operating condition. No hazardous deviation was observed.",English,NO,No credible precursor identified,Procedure followed,Energy Isolation,Routine,No
V3-0493,Safety Observation,Production Area B,tank entry,"during a planned maintenance window, at the Production Area B, the lifting team was involved in tank entry near the compressor bay. Before the task progressed, the team checked the condition of the equipment before use. The approved sequence was followed. No significant control breakdown was identified.",English,NO,No credible precursor identified,Control verified,Energy Isolation,Routine,No
V3-0642,Safety Observation,Tank Farm,electrical maintenance,"at the start of the work period, at the Tank Farm, A small housekeeping issue was observed beside the work area and was corrected immediately. The observation was associated with electrical maintenance near the utility yard. The crew maintained the required separation throughout. The team corrected the issue before normal work continued.",English,NO,No credible precursor identified,Procedure followed,Confined Space,Low,No
V3-1217,Unsafe Condition,Gas Processing Unit,lifting operation,"during a planned maintenance window, at the Gas Processing Unit, a field operator was involved in lifting operation near the pipeline corridor. The worker or crew started the task before the required control had been confirmed. This created a situation involving uncontrolled movement of a suspended load. The team withdrew from the area and reassessed the work conditions.",English,YES,Uncontrolled hazard,Unexpected hazard identified,Energy Isolation,High,Yes
V3-1265,Unsafe Condition,Drilling Site,tank entry,"at the start of the work period, at the Drilling Site, a welding crew was involved in tank entry near the storage area. The worker or crew proceeded with the task after an unexpected change in conditions. This created a situation involving an unplanned change in the work environment. The operation was halted until the required protection was established.",English,YES,Uncontrolled hazard,Barrier ineffective,Line of Fire,High,Yes
V3-1013,Near Miss,Utility Section,electrical maintenance,"at the start of the work period, at the Utility Section, the lifting team was involved in electrical maintenance near the electrical room. The worker or crew started the operation while another crew was still working inside the affected area. This created a situation involving loss of separation from operating machinery. Work was suspended until the missing control was restored.",English,YES,Barrier failure,Barrier ineffective,Confined Space,Critical,Yes
V3-0829,Unsafe Condition,Refinery Area A,vessel cleaning,"during a planned maintenance window, at the Refinery Area A, the site team was involved in vessel cleaning near the loading point. The worker or crew moved into the work area while an important safeguard was still being checked. This created a situation involving possible release of stored energy. The team withdrew from the area and reassessed the work conditions.",English,YES,Control failure,Unsafe position observed,Confined Space,High,Yes
V3-0410,Unsafe Condition,Refinery Area A,electrical maintenance,"during the afternoon shift, at the Refinery Area A, the electrical crew was involved in electrical maintenance near the equipment bay. Before the task progressed, the team inspected the surrounding area before beginning. The work authorization was valid. The surrounding conditions remained stable throughout the task.",English,NO,No credible precursor identified,Precaution confirmed,Hot Work,Low,No
V3-1324,Unsafe Act,Refinery Area A,crane operation,"shortly after the crew arrived, at the Refinery Area A, a contractor was involved in crane operation near the tank farm. The worker or crew approached the operating equipment without maintaining the expected separation. This created a situation involving unexpected pressure in the process line. The team withdrew from the area and reassessed the work conditions.",English,YES,Uncontrolled hazard,Unsafe position observed,Line of Fire,Critical,Yes
V3-1102,Unsafe Act,Refinery Area A,lifting operation,"while preparing the work area, at the Refinery Area A, the maintenance group was involved in lifting operation near the tank farm. The worker or crew continued preparation while a critical control remained incomplete. This created a situation involving an unplanned change in the work environment. The team withdrew from the area and reassessed the work conditions.",English,YES,Energy exposure,Unsafe position observed,Energy Isolation,Critical,Yes
V3-1076,Unsafe Condition,Compressor Station 2,vehicle movement,"during the afternoon shift, at the Compressor Station 2, the inspection team was involved in vehicle movement near the pump area. The worker or crew moved into the work area while an important safeguard was still being checked. This created a situation involving possible release of stored energy. The crew stopped work and the control measures were reviewed.",English,YES,Barrier failure,Barrier ineffective,Confined Space,High,Yes
V3-1195,Unsafe Condition,Maintenance Workshop,welding,"during the morning shift, at the Maintenance Workshop, a welding crew was involved in welding near the maintenance area. The worker or crew started the operation while another crew was still working inside the affected area. This created a situation involving unexpected pressure in the process line. The supervisor stopped the activity and moved the crew to a safe location.",English,YES,Control failure,Barrier ineffective,Hot Work,Critical,Yes
V3-1441,Near Miss,Production Area B,electrical maintenance,"during a planned maintenance window, at the Production Area B, a contractor was involved in electrical maintenance near the elevated work platform. The worker or crew started the task before the required control had been confirmed. This created a situation involving unexpected pressure in the process line. The activity was paused and the affected equipment was secured.",English,YES,Uncontrolled hazard,Personnel exposed to hazard,Confined Space,Critical,Yes
V3-0653,Near Miss,Gas Processing Unit,electrical maintenance,"during routine field activity, at the Gas Processing Unit, A worker reported a minor equipment defect that did not affect the active task and the item was tagged for follow-up. The observation was associated with electrical maintenance near the compressor bay. No person was exposed to the condition. The team corrected the issue before normal work continued.",English,NO,No credible precursor identified,Precaution confirmed,Hot Work,Routine,No
V3-1411,Near Miss,Tank Farm,compressor maintenance,"during the afternoon shift, at the Tank Farm, a maintenance technician was involved in compressor maintenance near the electrical room. The worker or crew entered the restricted area before the required authorization was confirmed. This created a situation involving temporary loss of a protective barrier. Work was suspended until the missing control was restored.",English,YES,Barrier failure,Unexpected hazard identified,Hot Work,High,Yes
V3-1408,Unsafe Condition,Utility Section,tank entry,"during the morning shift, at the Utility Section, a maintenance technician was involved in tank entry near the utility yard. The worker or crew continued preparation while a critical control remained incomplete. This created a situation involving temporary loss of a protective barrier. Work was suspended until the missing control was restored.",English,YES,Barrier failure,Barrier ineffective,Line of Fire,High,Yes
V3-0632,Near Miss,Pipeline Station 3,grinding,"while preparing the work area, at the Pipeline Station 3, a contractor was involved in grinding near the electrical room. Before the task progressed, the team checked the condition of the lifting equipment. The access controls remained in place. The planned barriers remained effective during the observation.",English,NO,No credible precursor identified,Control verified,Confined Space,Low,No
V3-1049,Unsafe Act,Production Area B,electrical maintenance,"during the morning shift, at the Production Area B, a contractor was involved in electrical maintenance near the storage area. The worker or crew continued the activity after a required barrier was found to be ineffective. This created a situation involving possible release of stored energy. The supervisor intervened before the task could continue.",English,YES,Unsafe positioning,Unsafe position observed,Hot Work,Critical,Yes
V3-0164,Safety Observation,Drilling Site,pipeline repair,"during the afternoon shift, at the Drilling Site, a field operator was involved in pipeline repair near the workshop. Before the task progressed, the team checked the condition of the equipment before use. The equipment was within the approved operating condition. The work proceeded without an uncontrolled change in conditions.",English,NO,No credible precursor identified,Precaution confirmed,Confined Space,Routine,No
V3-0938,Unsafe Act,Compressor Station 2,vessel cleaning,"during the morning shift, at the Compressor Station 2, the inspection team was involved in vessel cleaning near the utility yard. The worker or crew continued preparation while a critical control remained incomplete. This created a situation involving unexpected pressure in the process line. The team withdrew from the area and reassessed the work conditions.",English,YES,Control failure,Control not verified,Hot Work,High,Yes
V3-0958,Near Miss,Production Area B,tank entry,"shortly after the crew arrived, at the Production Area B, the lifting team was involved in tank entry near the loading point. The worker or crew continued the activity after a required barrier was found to be ineffective. This created a situation involving an active energy source that had not been fully controlled. The operation was halted until the required protection was established.",English,YES,Energy exposure,Barrier ineffective,Energy Isolation,Critical,Yes
V3-0346,Safety Observation,Tank Farm,compressor maintenance,"at the start of the work period, at the Tank Farm, A warning sign had shifted from its original position and was restored before work started. The observation was associated with compressor maintenance near the compressor bay. The condition was corrected before it could affect the work. The team corrected the issue before normal work continued.",English,NO,No credible precursor identified,Work area controlled,Hot Work,Routine,No
V3-1477,Near Miss,Compressor Station 2,crane operation,"during a planned maintenance window, at the Compressor Station 2, the maintenance group was involved in crane operation near the electrical room. The worker or crew approached the operating equipment without maintaining the expected separation. This created a situation involving possible release of stored energy. The activity was paused and the affected equipment was secured.",English,YES,Barrier failure,Unexpected hazard identified,Confined Space,High,Yes
V3-1131,Near Miss,Maintenance Workshop,electrical maintenance,"during the morning shift, at the Maintenance Workshop, the lifting team was involved in electrical maintenance near the storage area. The worker or crew approached the operating equipment without maintaining the expected separation. This created a situation involving unexpected movement of equipment. The team withdrew from the area and reassessed the work conditions.",English,YES,Control failure,Personnel exposed to hazard,Hot Work,High,Yes
V3-0663,Safety Observation,Gas Processing Unit,tank entry,"while preparing the work area, at the Gas Processing Unit, a field operator was involved in tank entry near the workshop. Before the task progressed, the team confirmed the work boundary with the supervisor. The planned precautions were maintained. The planned barriers remained effective during the observation.",English,NO,No credible precursor identified,Work area controlled,Energy Isolation,Routine,No
V3-1003,Unsafe Act,Gas Processing Unit,vessel cleaning,"during routine field activity, at the Gas Processing Unit, a contractor was involved in vessel cleaning near the electrical room. The worker or crew entered the restricted area before the required authorization was confirmed. This created a situation involving loss of separation from operating machinery. The supervisor intervened before the task could continue.",English,YES,Energy exposure,Unsafe position observed,Line of Fire,Critical,Yes
V3-0155,Unsafe Act,Production Area B,electrical maintenance,"at the start of the work period, at the Production Area B, The team noticed a damaged label on equipment and replaced it before continuing. The observation was associated with electrical maintenance near the utility yard. The crew maintained the required separation throughout. The team corrected the issue before normal work continued.",English,NO,No credible precursor identified,Work area controlled,Confined Space,Low,No
V3-1478,Near Miss,Utility Section,electrical maintenance,"during the afternoon shift, at the Utility Section, the inspection team was involved in electrical maintenance near the compressor bay. The worker or crew started the operation while another crew was still working inside the affected area. This created a situation involving an active energy source that had not been fully controlled. The team withdrew from the area and reassessed the work conditions.",English,YES,Energy exposure,Unsafe position observed,Hot Work,Critical,Yes
V3-0721,Near Miss,Refinery Area A,vessel cleaning,"shortly after the crew arrived, at the Refinery Area A, a vehicle operator was involved in vessel cleaning near the pipeline corridor. Before the task progressed, the team reviewed the work instructions before starting. The access controls remained in place. The observation did not identify a credible high-consequence exposure.",English,NO,No credible precursor identified,Work area controlled,Line of Fire,Low,No
V3-1159,Unsafe Condition,Compressor Station 2,electrical maintenance,"during the morning shift, at the Compressor Station 2, a welding crew was involved in electrical maintenance near the elevated work platform. The worker or crew moved into the work area while an important safeguard was still being checked. This created a situation involving unexpected movement of equipment. The crew stopped work and the control measures were reviewed.",English,YES,Energy exposure,Control not verified,Hot Work,High,Yes
V3-0807,Unsafe Condition,Refinery Area A,electrical maintenance,"while preparing the work area, at the Refinery Area A, a maintenance technician was involved in electrical maintenance near the pipeline corridor. The worker or crew continued preparation while a critical control remained incomplete. This created a situation involving exposure to an energized component. The team withdrew from the area and reassessed the work conditions.",English,YES,Control failure,Unsafe position observed,Energy Isolation,High,Yes
V3-1092,Unsafe Act,Maintenance Workshop,pipeline repair,"during the afternoon shift, at the Maintenance Workshop, the maintenance group was involved in pipeline repair near the compressor bay. The worker or crew proceeded with the task after an unexpected change in conditions. This created a situation involving exposure to an energized component. The area was isolated while the condition was investigated.",English,YES,Uncontrolled hazard,Control not verified,Confined Space,High,Yes
V3-0127,Safety Observation,Compressor Station 2,compressor maintenance,"while preparing the work area, at the Compressor Station 2, a contractor was involved in compressor maintenance near the electrical room. Before the task progressed, the team checked the condition of the equipment before use. The supervisor remained available. The surrounding conditions remained stable throughout the task.",English,NO,No credible precursor identified,Precaution confirmed,Energy Isolation,Routine,No
V3-0443,Unsafe Condition,Loading Terminal,lifting operation,"at the start of the work period, at the Loading Terminal, a field operator was involved in lifting operation near the maintenance area. Before the task progressed, the team inspected the surrounding area before beginning. The supervisor remained available. No hazardous deviation was observed.",English,NO,No credible precursor identified,Control verified,Energy Isolation,Low,No
V3-0422,Safety Observation,Maintenance Workshop,welding,"during the morning shift, at the Maintenance Workshop, A temporary access obstruction was identified and removed before personnel entered the area. The observation was associated with welding near the pipeline corridor. The crew maintained the required separation throughout. The team corrected the issue before normal work continued.",English,NO,No credible precursor identified,Precaution confirmed,Hot Work,Routine,No
V3-0842,Unsafe Act,Refinery Area A,vessel cleaning,"at the start of the work period, at the Refinery Area A, a field operator was involved in vessel cleaning near the tank farm. The worker or crew proceeded with the task after an unexpected change in conditions. This created a situation involving uncontrolled movement of a suspended load. The area was isolated while the condition was investigated.",English,YES,Unsafe positioning,Unsafe position observed,Hot Work,High,Yes
V3-0267,Unsafe Condition,Utility Section,tank entry,"before the evening shutdown, at the Utility Section, the inspection team was involved in tank entry near the elevated work platform. Before the task progressed, the team confirmed the work boundary with the supervisor. The supervisor remained available. The crew completed the activity without a serious exposure.",English,NO,No credible precursor identified,No personnel exposure,Hot Work,Routine,No
V3-0998,Near Miss,Loading Terminal,vehicle movement,"during routine field activity, at the Loading Terminal, the maintenance group was involved in vehicle movement near the workshop. The worker or crew positioned personnel closer to the active equipment than permitted. This created a situation involving movement of a vehicle through the work area. The team withdrew from the area and reassessed the work conditions.",English,YES,Control failure,Personnel exposed to hazard,Line of Fire,High,Yes
V3-1258,Unsafe Condition,Production Area B,pipeline repair,"during the afternoon shift, at the Production Area B, a welding crew was involved in pipeline repair near the equipment bay. The worker or crew proceeded with the task after an unexpected change in conditions. This created a situation involving unexpected pressure in the process line. The team withdrew from the area and reassessed the work conditions.",English,YES,Uncontrolled hazard,Control not verified,Hot Work,High,Yes
V3-0477,Safety Observation,Gas Processing Unit,grinding,"shortly after the crew arrived, at the Gas Processing Unit, The crew found minor surface damage on a non-critical component during inspection and reported it for maintenance. The observation was associated with grinding near the process line. The task had not started when the issue was identified. The team corrected the issue before normal work continued.",English,NO,No credible precursor identified,Precaution confirmed,Hot Work,Routine,No
V3-0738,Near Miss,Maintenance Workshop,lifting operation,"during routine field activity, at the Maintenance Workshop, a maintenance technician was involved in lifting operation near the maintenance area. Before the task progressed, the team confirmed communication with the control room. The access controls remained in place. The work proceeded without an uncontrolled change in conditions.",English,NO,No credible precursor identified,Control verified,Confined Space,Low,No
V3-0131,Unsafe Condition,Tank Farm,vessel cleaning,"before the evening shutdown, at the Tank Farm, a welding crew was involved in vessel cleaning near the tank farm. Before the task progressed, the team confirmed the work boundary with the supervisor. The work authorization was valid. No hazardous deviation was observed.",English,NO,No credible precursor identified,Control verified,Line of Fire,Low,No
V3-0594,Near Miss,Pipeline Station 3,compressor maintenance,"while preparing the work area, at the Pipeline Station 3, the inspection team was involved in compressor maintenance near the loading point. Before the task progressed, the team confirmed communication with the control room. The planned precautions were maintained. The planned barriers remained effective during the observation.",English,NO,No credible precursor identified,Work area controlled,Energy Isolation,Low,No
V3-0592,Safety Observation,Loading Terminal,grinding,"during routine field activity, at the Loading Terminal, A warning sign had shifted from its original position and was restored before work started. The observation was associated with grinding near the production unit. The task had not started when the issue was identified. The team corrected the issue before normal work continued.",English,NO,No credible precursor identified,Control verified,Line of Fire,Routine,No
V3-0037,Unsafe Act,Loading Terminal,pipeline repair,"while preparing the work area, at the Loading Terminal, the inspection team was involved in pipeline repair near the loading point. Before the task progressed, the team checked the condition of the equipment before use. The supervisor remained available. The work proceeded without an uncontrolled change in conditions.",English,NO,No credible precursor identified,Work area controlled,Hot Work,Routine,No
V3-0713,Near Miss,Tank Farm,compressor maintenance,"during the afternoon shift, at the Tank Farm, a contractor was involved in compressor maintenance near the process line. Before the task progressed, the team confirmed the work boundary with the supervisor. The work authorization was valid. No significant control breakdown was identified.",English,NO,No credible precursor identified,Control verified,Confined Space,Low,No
V3-1005,Near Miss,Loading Terminal,vehicle movement,"shortly after the crew arrived, at the Loading Terminal, a vehicle operator was involved in vehicle movement near the process line. The worker or crew continued preparation while a critical control remained incomplete. This created a situation involving an active energy source that had not been fully controlled. The area was isolated while the condition was investigated.",English,YES,Unsafe positioning,Unsafe position observed,Line of Fire,High,Yes
V3-0691,Near Miss,Drilling Site,grinding,"during routine field activity, at the Drilling Site, a welding crew was involved in grinding near the utility yard. Before the task progressed, the team checked the condition of the lifting equipment. The access controls remained in place. No hazardous deviation was observed.",English,NO,No credible precursor identified,No personnel exposure,Line of Fire,Low,No
V3-0156,Safety Observation,Compressor Station 2,crane operation,"during routine field activity, at the Compressor Station 2, the electrical crew was involved in crane operation near the pipeline corridor. Before the task progressed, the team reviewed the isolation status before starting. The approved sequence was followed. The observation did not identify a credible high-consequence exposure.",English,NO,No credible precursor identified,Precaution confirmed,Energy Isolation,Low,No
V3-0932,Unsafe Act,Drilling Site,grinding,"during the afternoon shift, at the Drilling Site, the site team was involved in grinding near the maintenance area. The worker or crew started the operation while another crew was still working inside the affected area. This created a situation involving loss of separation from operating machinery. The supervisor stopped the activity and moved the crew to a safe location.",English,YES,Control failure,Unsafe position observed,Confined Space,High,Yes
V3-0901,Near Miss,Tank Farm,grinding,"during routine field activity, at the Tank Farm, a field operator was involved in grinding near the workshop. The worker or crew proceeded with the task after an unexpected change in conditions. This created a situation involving temporary loss of a protective barrier. The crew stopped work and the control measures were reviewed.",English,YES,Uncontrolled hazard,Personnel exposed to hazard,Hot Work,High,Yes
V3-0246,Unsafe Act,Refinery Area A,lifting operation,"at the start of the work period, at the Refinery Area A, a maintenance technician was involved in lifting operation near the storage area. Before the task progressed, the team completed the pre-job safety discussion. The work area remained controlled. No hazardous deviation was observed.",English,NO,No credible precursor identified,Procedure followed,Hot Work,Routine,No
V3-0079,Unsafe Act,Utility Section,lifting operation,"while preparing the work area, at the Utility Section, a field operator was involved in lifting operation near the utility yard. Before the task progressed, the team checked the condition of the lifting equipment. The approved sequence was followed. No significant control breakdown was identified.",English,NO,No credible precursor identified,Procedure followed,Energy Isolation,Routine,No
V3-0375,Safety Observation,Maintenance Workshop,vessel cleaning,"during a planned maintenance window, at the Maintenance Workshop, a vehicle operator was involved in vessel cleaning near the workshop. Before the task progressed, the team confirmed the work boundary with the supervisor. The required safeguards were available. No hazardous deviation was observed.",English,NO,No credible precursor identified,Control verified,Line of Fire,Low,No
V3-0403,Unsafe Condition,Drilling Site,crane operation,"during the afternoon shift, at the Drilling Site, A worker noticed a loose hand tool on the work platform and secured it before the task began. The observation was associated with crane operation near the valve station. The condition was corrected before it could affect the work. The team corrected the issue before normal work continued.",English,NO,No credible precursor identified,Procedure followed,Confined Space,Routine,No
V3-0197,Unsafe Condition,Refinery Area A,tank entry,"during the morning shift, at the Refinery Area A, the site team was involved in tank entry near the valve station. Before the task progressed, the team checked the condition of the equipment before use. The work authorization was valid. The observation did not identify a credible high-consequence exposure.",English,NO,No credible precursor identified,Work area controlled,Hot Work,Low,No
V3-0389,Unsafe Act,Maintenance Workshop,tank entry,"during the morning shift, at the Maintenance Workshop, the maintenance group was involved in tank entry near the production unit. Before the task progressed, the team confirmed the work boundary with the supervisor. The work authorization was valid. The crew completed the activity without a serious exposure.",English,NO,No credible precursor identified,Control verified,Hot Work,Routine,No
V3-0918,Unsafe Act,Production Area B,tank entry,"while preparing the work area, at the Production Area B, the maintenance group was involved in tank entry near the equipment bay. The worker or crew proceeded with the task after an unexpected change in conditions. This created a situation involving movement of a vehicle through the work area. The operation was halted until the required protection was established.",English,YES,Control failure,Barrier ineffective,Energy Isolation,High,Yes
V3-0780,Unsafe Condition,Refinery Area A,welding,"before the evening shutdown, at the Refinery Area A, the maintenance group was involved in welding near the maintenance area. The worker or crew started the task before the required control had been confirmed. This created a situation involving temporary loss of a protective barrier. The team withdrew from the area and reassessed the work conditions.",English,YES,Uncontrolled hazard,Control not verified,Confined Space,High,Yes
V3-0178,Unsafe Act,Production Area B,lifting operation,"before the evening shutdown, at the Production Area B, the electrical crew was involved in lifting operation near the production unit. Before the task progressed, the team reviewed the work instructions before starting. The planned precautions were maintained. No significant control breakdown was identified.",English,NO,No credible precursor identified,Procedure followed,Hot Work,Routine,No
V3-1041,Unsafe Act,Production Area B,tank entry,"before the evening shutdown, at the Production Area B, the maintenance group was involved in tank entry near the maintenance area. The worker or crew continued the activity after a required barrier was found to be ineffective. This created a situation involving exposure to an energized component. The supervisor intervened before the task could continue.",English,YES,Barrier failure,Barrier ineffective,Line of Fire,High,Yes
V3-0544,Safety Observation,Pipeline Station 3,grinding,"shortly after the crew arrived, at the Pipeline Station 3, the site team was involved in grinding near the process line. Before the task progressed, the team reviewed the isolation status before starting. The equipment was within the approved operating condition. The observation did not identify a credible high-consequence exposure.",English,NO,No credible precursor identified,Work area controlled,Line of Fire,Low,No
V3-1481,Unsafe Act,Compressor Station 2,grinding,"before the evening shutdown, at the Compressor Station 2, the electrical crew was involved in grinding near the workshop. The worker or crew started the operation while another crew was still working inside the affected area. This created a situation involving exposure to an energized component. The crew stopped work and the control measures were reviewed.",English,YES,Energy exposure,Personnel exposed to hazard,Energy Isolation,Critical,Yes
V3-0413,Unsafe Condition,Compressor Station 2,crane operation,"during routine field activity, at the Compressor Station 2, A small housekeeping issue was observed beside the work area and was corrected immediately. The observation was associated with crane operation near the maintenance area. The affected item was outside the active work path. The team corrected the issue before normal work continued.",English,NO,No credible precursor identified,Control verified,Confined Space,Routine,No
V3-0625,Near Miss,Production Area B,pipeline repair,"during a planned maintenance window, at the Production Area B, The crew found minor surface damage on a non-critical component during inspection and reported it for maintenance. The observation was associated with pipeline repair near the loading point. The issue had no impact on the work boundary. The team corrected the issue before normal work continued.",English,NO,No credible precursor identified,Precaution confirmed,Confined Space,Low,No
V3-1368,Near Miss,Gas Processing Unit,grinding,"during a planned maintenance window, at the Gas Processing Unit, the electrical crew was involved in grinding near the compressor bay. The worker or crew started the task before the required control had been confirmed. This created a situation involving unexpected pressure in the process line. The operation was halted until the required protection was established.",English,YES,Uncontrolled hazard,Personnel exposed to hazard,Hot Work,High,Yes
V3-0960,Unsafe Act,Pipeline Station 3,crane operation,"shortly after the crew arrived, at the Pipeline Station 3, the electrical crew was involved in crane operation near the workshop. The worker or crew continued the activity after a required barrier was found to be ineffective. This created a situation involving possible release of stored energy. The area was isolated while the condition was investigated.",English,YES,Energy exposure,Barrier ineffective,Energy Isolation,High,Yes
V3-0099,Near Miss,Gas Processing Unit,vessel cleaning,"before the evening shutdown, at the Gas Processing Unit, a maintenance technician was involved in vessel cleaning near the process line. Before the task progressed, the team confirmed that the access route was clear. The required safeguards were available. No significant control breakdown was identified.",English,NO,No credible precursor identified,Precaution confirmed,Confined Space,Routine,No
V3-0141,Unsafe Condition,Pipeline Station 3,tank entry,"during the morning shift, at the Pipeline Station 3, a contractor was involved in tank entry near the maintenance area. Before the task progressed, the team checked the condition of the equipment before use. The work area remained controlled. No significant control breakdown was identified.",English,NO,No credible precursor identified,No personnel exposure,Hot Work,Routine,No
V3-1228,Near Miss,Pipeline Station 3,compressor maintenance,"during the afternoon shift, at the Pipeline Station 3, a field operator was involved in compressor maintenance near the electrical room. The worker or crew continued the activity after a required barrier was found to be ineffective. This created a situation involving exposure to an energized component. The supervisor stopped the activity and moved the crew to a safe location.",English,YES,Uncontrolled hazard,Personnel exposed to hazard,Hot Work,High,Yes
V3-0939,Near Miss,Utility Section,electrical maintenance,"during routine field activity, at the Utility Section, a maintenance technician was involved in electrical maintenance near the loading point. The worker or crew entered the restricted area before the required authorization was confirmed. This created a situation involving unexpected movement of equipment. The supervisor intervened before the task could continue.",English,YES,Energy exposure,Unsafe position observed,Confined Space,Critical,Yes
V3-0876,Unsafe Act,Utility Section,vessel cleaning,"before the evening shutdown, at the Utility Section, a contractor was involved in vessel cleaning near the utility yard. The worker or crew approached the operating equipment without maintaining the expected separation. This created a situation involving unexpected movement of equipment. The team withdrew from the area and reassessed the work conditions.",English,YES,Energy exposure,Barrier ineffective,Confined Space,High,Yes
V3-0054,Unsafe Condition,Tank Farm,welding,"during the afternoon shift, at the Tank Farm, the inspection team was involved in welding near the tank farm. Before the task progressed, the team checked the condition of the lifting equipment. The planned precautions were maintained. The crew completed the activity without a serious exposure.",English,NO,No credible precursor identified,No personnel exposure,Energy Isolation,Low,No
V3-1434,Unsafe Act,Refinery Area A,welding,"before the evening shutdown, at the Refinery Area A, the maintenance group was involved in welding near the process line. The worker or crew moved into the work area while an important safeguard was still being checked. This created a situation involving unexpected pressure in the process line. The team withdrew from the area and reassessed the work conditions.",English,YES,Control failure,Unsafe position observed,Hot Work,High,Yes
V3-1067,Unsafe Condition,Production Area B,compressor maintenance,"during the afternoon shift, at the Production Area B, a vehicle operator was involved in compressor maintenance near the elevated work platform. The worker or crew positioned personnel closer to the active equipment than permitted. This created a situation involving exposure to an energized component. The crew stopped work and the control measures were reviewed.",English,YES,Control failure,Unexpected hazard identified,Confined Space,High,Yes
V3-0966,Unsafe Act,Utility Section,tank entry,"during a planned maintenance window, at the Utility Section, the lifting team was involved in tank entry near the compressor bay. The worker or crew moved into the work area while an important safeguard was still being checked. This created a situation involving unexpected pressure in the process line. The crew stopped work and the control measures were reviewed.",English,YES,Barrier failure,Unsafe position observed,Confined Space,Critical,Yes
V3-0894,Near Miss,Tank Farm,compressor maintenance,"while preparing the work area, at the Tank Farm, the lifting team was involved in compressor maintenance near the tank farm. The worker or crew proceeded with the task after an unexpected change in conditions. This created a situation involving unexpected movement of equipment. The activity was paused and the affected equipment was secured.",English,YES,Control failure,Personnel exposed to hazard,Energy Isolation,High,Yes
V3-0628,Safety Observation,Tank Farm,vessel cleaning,"during the afternoon shift, at the Tank Farm, A routine inspection identified a small housekeeping deviation with no personnel exposure. The observation was associated with vessel cleaning near the workshop. The affected item was outside the active work path. The team corrected the issue before normal work continued.",English,NO,No credible precursor identified,No personnel exposure,Line of Fire,Routine,No
V3-0996,Unsafe Act,Gas Processing Unit,grinding,"shortly after the crew arrived, at the Gas Processing Unit, the electrical crew was involved in grinding near the maintenance area. The worker or crew continued the activity after a required barrier was found to be ineffective. This created a situation involving unexpected movement of equipment. Work was suspended until the missing control was restored.",English,YES,Unsafe positioning,Personnel exposed to hazard,Line of Fire,High,Yes
V3-1204,Near Miss,Gas Processing Unit,vessel cleaning,"at the start of the work period, at the Gas Processing Unit, a field operator was involved in vessel cleaning near the pipeline corridor. The worker or crew started the operation while another crew was still working inside the affected area. This created a situation involving loss of separation from operating machinery. The area was isolated while the condition was investigated.",English,YES,Barrier failure,Barrier ineffective,Energy Isolation,High,Yes
V3-0088,Safety Observation,Loading Terminal,pipeline repair,"shortly after the crew arrived, at the Loading Terminal, The team noticed a damaged label on equipment and replaced it before continuing. The observation was associated with pipeline repair near the pipeline corridor. The crew maintained the required separation throughout. The team corrected the issue before normal work continued.",English,NO,No credible precursor identified,No personnel exposure,Confined Space,Routine,No
V3-0039,Near Miss,Utility Section,tank entry,"during a planned maintenance window, at the Utility Section, a contractor was involved in tank entry near the production unit. Before the task progressed, the team verified the required authorization. The access controls remained in place. The crew completed the activity without a serious exposure.",English,NO,No credible precursor identified,No personnel exposure,Confined Space,Routine,No
V3-1409,Unsafe Act,Gas Processing Unit,grinding,"during routine field activity, at the Gas Processing Unit, the maintenance group was involved in grinding near the elevated work platform. The worker or crew moved into the work area while an important safeguard was still being checked. This created a situation involving temporary loss of a protective barrier. The area was isolated while the condition was investigated.",English,YES,Control failure,Barrier ineffective,Line of Fire,Critical,Yes
V3-0323,Unsafe Act,Maintenance Workshop,crane operation,"during a planned maintenance window, at the Maintenance Workshop, The crew found minor surface damage on a non-critical component during inspection and reported it for maintenance. The observation was associated with crane operation near the workshop. The issue had no impact on the work boundary. The team corrected the issue before normal work continued.",English,NO,No credible precursor identified,Control verified,Confined Space,Routine,No
V3-0635,Unsafe Condition,Tank Farm,tank entry,"during routine field activity, at the Tank Farm, the maintenance group was involved in tank entry near the process line. Before the task progressed, the team inspected the surrounding area before beginning. The equipment was within the approved operating condition. The work proceeded without an uncontrolled change in conditions.",English,NO,No credible precursor identified,Control verified,Line of Fire,Routine,No
V3-0281,Unsafe Act,Maintenance Workshop,lifting operation,"before the evening shutdown, at the Maintenance Workshop, the inspection team was involved in lifting operation near the workshop. Before the task progressed, the team inspected the surrounding area before beginning. The planned precautions were maintained. No hazardous deviation was observed.",English,NO,No credible precursor identified,Work area controlled,Confined Space,Routine,No
V3-0999,Unsafe Act,Production Area B,lifting operation,"during a planned maintenance window, at the Production Area B, a maintenance technician was involved in lifting operation near the electrical room. The worker or crew started the task before the required control had been confirmed. This created a situation involving unexpected movement of equipment. The supervisor intervened before the task could continue.",English,YES,Unsafe positioning,Unexpected hazard identified,Line of Fire,High,Yes
V3-0087,Unsafe Condition,Gas Processing Unit,pipeline repair,"before the evening shutdown, at the Gas Processing Unit, the inspection team was involved in pipeline repair near the equipment bay. Before the task progressed, the team checked the condition of the lifting equipment. The work area remained controlled. The activity continued under the planned controls.",English,NO,No credible precursor identified,No personnel exposure,Confined Space,Low,No
V3-1259,Unsafe Condition,Drilling Site,pipeline repair,"during the morning shift, at the Drilling Site, a welding crew was involved in pipeline repair near the pipeline corridor. The worker or crew continued the activity after a required barrier was found to be ineffective. This created a situation involving uncontrolled movement of a suspended load. The team withdrew from the area and reassessed the work conditions.",English,YES,Energy exposure,Unsafe position observed,Energy Isolation,Critical,Yes
V3-0134,Near Miss,Compressor Station 2,electrical maintenance,"before the evening shutdown, at the Compressor Station 2, the inspection team was involved in electrical maintenance near the tank farm. Before the task progressed, the team confirmed communication with the control room. The team stayed within the designated work area. The work proceeded without an uncontrolled change in conditions.",English,NO,No credible precursor identified,No personnel exposure,Line of Fire,Low,No
V3-0962,Unsafe Condition,Utility Section,vehicle movement,"shortly after the crew arrived, at the Utility Section, the lifting team was involved in vehicle movement near the electrical room. The worker or crew positioned personnel closer to the active equipment than permitted. This created a situation involving an unplanned change in the work environment. The supervisor stopped the activity and moved the crew to a safe location.",English,YES,Control failure,Unexpected hazard identified,Hot Work,High,Yes
V3-0767,Unsafe Act,Production Area B,lifting operation,"before the evening shutdown, at the Production Area B, the lifting team was involved in lifting operation near the tank farm. The worker or crew started the task before the required control had been confirmed. This created a situation involving movement of a vehicle through the work area. The activity was paused and the affected equipment was secured.",English,YES,Control failure,Unexpected hazard identified,Hot Work,Critical,Yes
V3-1165,Unsafe Condition,Gas Processing Unit,grinding,"before the evening shutdown, at the Gas Processing Unit, the lifting team was involved in grinding near the loading point. The worker or crew moved into the work area while an important safeguard was still being checked. This created a situation involving movement of a vehicle through the work area. The area was isolated while the condition was investigated.",English,YES,Uncontrolled hazard,Control not verified,Line of Fire,High,Yes
V3-1035,Unsafe Act,Drilling Site,pipeline repair,"during a planned maintenance window, at the Drilling Site, the inspection team was involved in pipeline repair near the maintenance area. The worker or crew moved into the work area while an important safeguard was still being checked. This created a situation involving unexpected movement of equipment. Work was suspended until the missing control was restored.",English,YES,Energy exposure,Control not verified,Hot Work,Critical,Yes
V3-1297,Near Miss,Utility Section,pipeline repair,"while preparing the work area, at the Utility Section, a contractor was involved in pipeline repair near the elevated work platform. The worker or crew started the operation while another crew was still working inside the affected area. This created a situation involving unexpected movement of equipment. The operation was halted until the required protection was established.",English,YES,Uncontrolled hazard,Control not verified,Confined Space,Critical,Yes
V3-0490,Unsafe Condition,Gas Processing Unit,compressor maintenance,"during routine field activity, at the Gas Processing Unit, a vehicle operator was involved in compressor maintenance near the valve station. Before the task progressed, the team confirmed communication with the control room. The team stayed within the designated work area. The work proceeded without an uncontrolled change in conditions.",English,NO,No credible precursor identified,No personnel exposure,Confined Space,Low,No
V3-0923,Near Miss,Maintenance Workshop,vessel cleaning,"at the start of the work period, at the Maintenance Workshop, a contractor was involved in vessel cleaning near the valve station. The worker or crew started the task before the required control had been confirmed. This created a situation involving unexpected movement of equipment. The supervisor stopped the activity and moved the crew to a safe location.",English,YES,Barrier failure,Unsafe position observed,Confined Space,High,Yes
V3-1216,Near Miss,Drilling Site,electrical maintenance,"shortly after the crew arrived, at the Drilling Site, a maintenance technician was involved in electrical maintenance near the production unit. The worker or crew began work before the isolation status was fully verified. This created a situation involving an unplanned change in the work environment. The team withdrew from the area and reassessed the work conditions.",English,YES,Barrier failure,Unexpected hazard identified,Line of Fire,Critical,Yes
V3-0717,Unsafe Condition,Gas Processing Unit,electrical maintenance,"shortly after the crew arrived, at the Gas Processing Unit, A small housekeeping issue was observed beside the work area and was corrected immediately. The observation was associated with electrical maintenance near the electrical room. The condition was corrected before it could affect the work. The team corrected the issue before normal work continued.",English,NO,No credible precursor identified,No personnel exposure,Confined Space,Low,No
V3-0387,Unsafe Condition,Compressor Station 2,welding,"while preparing the work area, at the Compressor Station 2, the site team was involved in welding near the utility yard. Before the task progressed, the team checked the condition of the lifting equipment. The approved sequence was followed. The surrounding conditions remained stable throughout the task.",English,NO,No credible precursor identified,Precaution confirmed,Energy Isolation,Low,No
V3-1116,Unsafe Act,Gas Processing Unit,lifting operation,"while preparing the work area, at the Gas Processing Unit, the site team was involved in lifting operation near the workshop. The worker or crew proceeded with the task after an unexpected change in conditions. This created a situation involving an active energy source that had not been fully controlled. The supervisor intervened before the task could continue.",English,YES,Unsafe positioning,Personnel exposed to hazard,Energy Isolation,High,Yes
V3-0652,Unsafe Act,Utility Section,lifting operation,"shortly after the crew arrived, at the Utility Section, The team noticed a damaged label on equipment and replaced it before continuing. The observation was associated with lifting operation near the storage area. The condition was corrected before it could affect the work. The team corrected the issue before normal work continued.",English,NO,No credible precursor identified,Control verified,Hot Work,Low,No
V3-0105,Safety Observation,Maintenance Workshop,crane operation,"shortly after the crew arrived, at the Maintenance Workshop, a contractor was involved in crane operation near the tank farm. Before the task progressed, the team completed the pre-job safety discussion. The planned precautions were maintained. No significant control breakdown was identified.",English,NO,No credible precursor identified,No personnel exposure,Hot Work,Routine,No
V3-0073,Unsafe Condition,Production Area B,electrical maintenance,"during the afternoon shift, at the Production Area B, A small housekeeping issue was observed beside the work area and was corrected immediately. The observation was associated with electrical maintenance near the loading point. The task had not started when the issue was identified. The team corrected the issue before normal work continued.",English,NO,No credible precursor identified,Work area controlled,Line of Fire,Low,No
V3-0458,Unsafe Condition,Tank Farm,grinding,"during the morning shift, at the Tank Farm, A worker noticed a loose hand tool on the work platform and secured it before the task began. The observation was associated with grinding near the elevated work platform. The condition was corrected before it could affect the work. The team corrected the issue before normal work continued.",English,NO,No credible precursor identified,No personnel exposure,Hot Work,Routine,No
V3-0688,Unsafe Act,Gas Processing Unit,welding,"during a planned maintenance window, at the Gas Processing Unit, A warning sign had shifted from its original position and was restored before work started. The observation was associated with welding near the utility yard. No person was exposed to the condition. The team corrected the issue before normal work continued.",English,NO,No credible precursor identified,Precaution confirmed,Energy Isolation,Routine,No
V3-1079,Unsafe Condition,Production Area B,vessel cleaning,"at the start of the work period, at the Production Area B, the electrical crew was involved in vessel cleaning near the storage area. The worker or crew entered the restricted area before the required authorization was confirmed. This created a situation involving movement of a vehicle through the work area. The crew stopped work and the control measures were reviewed.",English,YES,Unsafe positioning,Personnel exposed to hazard,Hot Work,Critical,Yes
V3-0704,Safety Observation,Utility Section,pipeline repair,"during the morning shift, at the Utility Section, A temporary access obstruction was identified and removed before personnel entered the area. The observation was associated with pipeline repair near the production unit. The observation involved housekeeping rather than an active energy source. The team corrected the issue before normal work continued.",English,NO,No credible precursor identified,Work area controlled,Energy Isolation,Low,No
V3-1060,Near Miss,Utility Section,lifting operation,"shortly after the crew arrived, at the Utility Section, a vehicle operator was involved in lifting operation near the production unit. The worker or crew positioned personnel closer to the active equipment than permitted. This created a situation involving unexpected movement of equipment. The operation was halted until the required protection was established.",English,YES,Control failure,Barrier ineffective,Hot Work,Critical,Yes
V3-1189,Near Miss,Compressor Station 2,electrical maintenance,"during the afternoon shift, at the Compressor Station 2, the inspection team was involved in electrical maintenance near the valve station. The worker or crew proceeded with the task after an unexpected change in conditions. This created a situation involving exposure to an energized component. The supervisor stopped the activity and moved the crew to a safe location.",English,YES,Uncontrolled hazard,Control not verified,Confined Space,High,Yes
V3-1377,Unsafe Act,Gas Processing Unit,electrical maintenance,"before the evening shutdown, at the Gas Processing Unit, the electrical crew was involved in electrical maintenance near the process line. The worker or crew started the operation while another crew was still working inside the affected area. This created a situation involving temporary loss of a protective barrier. The operation was halted until the required protection was established.",English,YES,Unsafe positioning,Barrier ineffective,Hot Work,Critical,Yes
V3-0279,Safety Observation,Production Area B,welding,"during the afternoon shift, at the Production Area B, the lifting team was involved in welding near the electrical room. Before the task progressed, the team inspected the surrounding area before beginning. The access controls remained in place. The work proceeded without an uncontrolled change in conditions.",English,NO,No credible precursor identified,Precaution confirmed,Hot Work,Routine,No
V3-0081,Unsafe Act,Drilling Site,crane operation,"at the start of the work period, at the Drilling Site, the site team was involved in crane operation near the production unit. Before the task progressed, the team confirmed that the access route was clear. The team stayed within the designated work area. No significant control breakdown was identified.",English,NO,No credible precursor identified,Work area controlled,Line of Fire,Routine,No
V3-1494,Unsafe Condition,Production Area B,vehicle movement,"before the evening shutdown, at the Production Area B, a maintenance technician was involved in vehicle movement near the process line. The worker or crew continued the activity after a required barrier was found to be ineffective. This created a situation involving uncontrolled movement of a suspended load. The crew stopped work and the control measures were reviewed.",English,YES,Uncontrolled hazard,Unexpected hazard identified,Confined Space,Critical,Yes
V3-0358,Unsafe Condition,Refinery Area A,electrical maintenance,"during the morning shift, at the Refinery Area A, the inspection team was involved in electrical maintenance near the maintenance area. Before the task progressed, the team completed the pre-job safety discussion. The work authorization was valid. The work proceeded without an uncontrolled change in conditions.",English,NO,No credible precursor identified,Precaution confirmed,Energy Isolation,Low,No
V3-1108,Unsafe Condition,Maintenance Workshop,electrical maintenance,"during the morning shift, at the Maintenance Workshop, the lifting team was involved in electrical maintenance near the elevated work platform. The worker or crew continued the activity after a required barrier was found to be ineffective. This created a situation involving an active energy source that had not been fully controlled. Work was suspended until the missing control was restored.",English,YES,Control failure,Control not verified,Hot Work,Critical,Yes
V3-0363,Unsafe Condition,Maintenance Workshop,pipeline repair,"while preparing the work area, at the Maintenance Workshop, a contractor was involved in pipeline repair near the workshop. Before the task progressed, the team reviewed the work instructions before starting. The equipment was within the approved operating condition. No hazardous deviation was observed.",English,NO,No credible precursor identified,Procedure followed,Line of Fire,Low,No
V3-0783,Unsafe Condition,Production Area B,crane operation,"during the afternoon shift, at the Production Area B, the inspection team was involved in crane operation near the elevated work platform. The worker or crew positioned personnel closer to the active equipment than permitted. This created a situation involving exposure to an energized component. The area was isolated while the condition was investigated.",English,YES,Barrier failure,Unsafe position observed,Line of Fire,Critical,Yes
V3-0528,Unsafe Condition,Maintenance Workshop,pipeline repair,"during the afternoon shift, at the Maintenance Workshop, the electrical crew was involved in pipeline repair near the electrical room. Before the task progressed, the team confirmed communication with the control room. The approved sequence was followed. The surrounding conditions remained stable throughout the task.",English,NO,No credible precursor identified,Work area controlled,Line of Fire,Routine,No
V3-0190,Safety Observation,Compressor Station 2,pipeline repair,"during a planned maintenance window, at the Compressor Station 2, A small housekeeping issue was observed beside the work area and was corrected immediately. The observation was associated with pipeline repair near the storage area. The equipment remained isolated from personnel activity. The team corrected the issue before normal work continued.",English,NO,No credible precursor identified,Precaution confirmed,Hot Work,Low,No
V3-0313,Unsafe Act,Loading Terminal,lifting operation,"before the evening shutdown, at the Loading Terminal, the lifting team was involved in lifting operation near the equipment bay. Before the task progressed, the team confirmed that the access route was clear. The required separation was maintained. No significant control breakdown was identified.",English,NO,No credible precursor identified,Work area controlled,Hot Work,Routine,No
V3-1277,Unsafe Act,Production Area B,tank entry,"while preparing the work area, at the Production Area B, the electrical crew was involved in tank entry near the maintenance area. The worker or crew approached the operating equipment without maintaining the expected separation. This created a situation involving an unplanned change in the work environment. The activity was paused and the affected equipment was secured.",English,YES,Unsafe positioning,Personnel exposed to hazard,Confined Space,Critical,Yes
V3-0446,Safety Observation,Utility Section,electrical maintenance,"during the afternoon shift, at the Utility Section, A worker reported a minor equipment defect that did not affect the active task and the item was tagged for follow-up. The observation was associated with electrical maintenance near the equipment bay. The equipment remained isolated from personnel activity. The team corrected the issue before normal work continued.",English,NO,No credible precursor identified,No personnel exposure,Line of Fire,Routine,No
V3-0137,Safety Observation,Tank Farm,electrical maintenance,"at the start of the work period, at the Tank Farm, the maintenance group was involved in electrical maintenance near the tank farm. Before the task progressed, the team confirmed communication with the control room. The access controls remained in place. No hazardous deviation was observed.",English,NO,No credible precursor identified,Procedure followed,Hot Work,Routine,No
V3-0290,Near Miss,Gas Processing Unit,compressor maintenance,"before the evening shutdown, at the Gas Processing Unit, the lifting team was involved in compressor maintenance near the process line. Before the task progressed, the team checked the condition of the equipment before use. The work authorization was valid. The observation did not identify a credible high-consequence exposure.",English,NO,No credible precursor identified,Procedure followed,Hot Work,Routine,No
V3-0424,Unsafe Act,Drilling Site,tank entry,"before the evening shutdown, at the Drilling Site, the electrical crew was involved in tank entry near the process line. Before the task progressed, the team confirmed the work boundary with the supervisor. The work area remained controlled. No hazardous deviation was observed.",English,NO,No credible precursor identified,No personnel exposure,Confined Space,Routine,No
V3-0463,Unsafe Condition,Loading Terminal,vessel cleaning,"during the afternoon shift, at the Loading Terminal, a vehicle operator was involved in vessel cleaning near the compressor bay. Before the task progressed, the team completed the pre-job safety discussion. The access controls remained in place. The crew completed the activity without a serious exposure.",English,NO,No credible precursor identified,Procedure followed,Energy Isolation,Low,No
V3-0550,Unsafe Act,Pipeline Station 3,electrical maintenance,"before the evening shutdown, at the Pipeline Station 3, A small housekeeping issue was observed beside the work area and was corrected immediately. The observation was associated with electrical maintenance near the compressor bay. The crew maintained the required separation throughout. The team corrected the issue before normal work continued.",English,NO,No credible precursor identified,No personnel exposure,Energy Isolation,Routine,No
V3-0698,Unsafe Condition,Refinery Area A,compressor maintenance,"during routine field activity, at the Refinery Area A, a field operator was involved in compressor maintenance near the equipment bay. Before the task progressed, the team reviewed the isolation status before starting. The work area remained controlled. No hazardous deviation was observed.",English,NO,No credible precursor identified,Precaution confirmed,Confined Space,Low,No
V3-1304,Near Miss,Utility Section,grinding,"shortly after the crew arrived, at the Utility Section, a field operator was involved in grinding near the equipment bay. The worker or crew started the operation while another crew was still working inside the affected area. This created a situation involving movement of a vehicle through the work area. The operation was halted until the required protection was established.",English,YES,Energy exposure,Unsafe position observed,Hot Work,Critical,Yes
V3-1202,Near Miss,Gas Processing Unit,lifting operation,"at the start of the work period, at the Gas Processing Unit, a field operator was involved in lifting operation near the tank farm. The worker or crew started the task before the required control had been confirmed. This created a situation involving an active energy source that had not been fully controlled. The supervisor intervened before the task could continue.",English,YES,Unsafe positioning,Unexpected hazard identified,Line of Fire,Critical,Yes
V3-0803,Unsafe Act,Drilling Site,crane operation,"while preparing the work area, at the Drilling Site, a maintenance technician was involved in crane operation near the utility yard. The worker or crew started the task before the required control had been confirmed. This created a situation involving exposure to an energized component. The crew stopped work and the control measures were reviewed.",English,YES,Unsafe positioning,Barrier ineffective,Hot Work,Critical,Yes
V3-0649,Unsafe Act,Drilling Site,tank entry,"while preparing the work area, at the Drilling Site, the lifting team was involved in tank entry near the equipment bay. Before the task progressed, the team verified the required authorization. The supervisor remained available. No significant control breakdown was identified.",English,NO,No credible precursor identified,Work area controlled,Line of Fire,Low,No
V3-0886,Unsafe Act,Compressor Station 2,lifting operation,"shortly after the crew arrived, at the Compressor Station 2, the electrical crew was involved in lifting operation near the electrical room. The worker or crew approached the operating equipment without maintaining the expected separation. This created a situation involving exposure to an energized component. The crew stopped work and the control measures were reviewed.",English,YES,Energy exposure,Barrier ineffective,Hot Work,Critical,Yes
V3-1066,Unsafe Condition,Drilling Site,vessel cleaning,"during routine field activity, at the Drilling Site, a welding crew was involved in vessel cleaning near the loading point. The worker or crew began work before the isolation status was fully verified. This created a situation involving exposure to an energized component. The team withdrew from the area and reassessed the work conditions.",English,YES,Energy exposure,Control not verified,Line of Fire,High,Yes
V3-0004,Safety Observation,Refinery Area A,tank entry,"while preparing the work area, at the Refinery Area A, the inspection team was involved in tank entry near the storage area. Before the task progressed, the team checked the condition of the lifting equipment. The work authorization was valid. The planned barriers remained effective during the observation.",English,NO,No credible precursor identified,Work area controlled,Confined Space,Low,No
V3-1059,Near Miss,Loading Terminal,grinding,"at the start of the work period, at the Loading Terminal, a field operator was involved in grinding near the elevated work platform. The worker or crew continued preparation while a critical control remained incomplete. This created a situation involving an active energy source that had not been fully controlled. Work was suspended until the missing control was restored.",English,YES,Barrier failure,Personnel exposed to hazard,Line of Fire,High,Yes
V3-0236,Unsafe Condition,Refinery Area A,compressor maintenance,"at the start of the work period, at the Refinery Area A, the electrical crew was involved in compressor maintenance near the electrical room. Before the task progressed, the team reviewed the isolation status before starting. The team stayed within the designated work area. The activity continued under the planned controls.",English,NO,No credible precursor identified,Work area controlled,Hot Work,Routine,No
V3-0348,Unsafe Act,Tank Farm,grinding,"shortly after the crew arrived, at the Tank Farm, a welding crew was involved in grinding near the maintenance area. Before the task progressed, the team completed the pre-job safety discussion. The required safeguards were available. The activity continued under the planned controls.",English,NO,No credible precursor identified,Precaution confirmed,Hot Work,Routine,No
V3-1245,Near Miss,Maintenance Workshop,welding,"during the morning shift, at the Maintenance Workshop, a welding crew was involved in welding near the compressor bay. The worker or crew began work before the isolation status was fully verified. This created a situation involving possible release of stored energy. The crew stopped work and the control measures were reviewed.",English,YES,Uncontrolled hazard,Control not verified,Line of Fire,High,Yes
V3-1192,Near Miss,Production Area B,tank entry,"shortly after the crew arrived, at the Production Area B, the maintenance group was involved in tank entry near the utility yard. The worker or crew positioned personnel closer to the active equipment than permitted. This created a situation involving loss of separation from operating machinery. The area was isolated while the condition was investigated.",English,YES,Barrier failure,Control not verified,Line of Fire,High,Yes
V3-0696,Safety Observation,Loading Terminal,grinding,"during routine field activity, at the Loading Terminal, A worker reported a minor equipment defect that did not affect the active task and the item was tagged for follow-up. The observation was associated with grinding near the tank farm. The equipment remained isolated from personnel activity. The team corrected the issue before normal work continued.",English,NO,No credible precursor identified,Control verified,Confined Space,Low,No
V3-0588,Near Miss,Drilling Site,vehicle movement,"at the start of the work period, at the Drilling Site, A routine inspection identified a small housekeeping deviation with no personnel exposure. The observation was associated with vehicle movement near the production unit. The equipment remained isolated from personnel activity. The team corrected the issue before normal work continued.",English,NO,No credible precursor identified,Work area controlled,Hot Work,Routine,No
V3-1482,Unsafe Condition,Drilling Site,compressor maintenance,"during the afternoon shift, at the Drilling Site, the site team was involved in compressor maintenance near the production unit. The worker or crew entered the restricted area before the required authorization was confirmed. This created a situation involving temporary loss of a protective barrier. The operation was halted until the required protection was established.",English,YES,Barrier failure,Unsafe position observed,Energy Isolation,High,Yes
V3-0920,Near Miss,Loading Terminal,pipeline repair,"during a planned maintenance window, at the Loading Terminal, a contractor was involved in pipeline repair near the valve station. The worker or crew moved into the work area while an important safeguard was still being checked. This created a situation involving possible release of stored energy. The area was isolated while the condition was investigated.",English,YES,Barrier failure,Barrier ineffective,Confined Space,High,Yes
V3-0272,Safety Observation,Gas Processing Unit,electrical maintenance,"during routine field activity, at the Gas Processing Unit, the inspection team was involved in electrical maintenance near the production unit. Before the task progressed, the team inspected the surrounding area before beginning. The work authorization was valid. The crew completed the activity without a serious exposure.",English,NO,No credible precursor identified,Work area controlled,Energy Isolation,Routine,No
V3-0640,Safety Observation,Production Area B,pipeline repair,"during a planned maintenance window, at the Production Area B, a contractor was involved in pipeline repair near the compressor bay. Before the task progressed, the team verified the required authorization. The planned precautions were maintained. The work proceeded without an uncontrolled change in conditions.",English,NO,No credible precursor identified,Control verified,Confined Space,Routine,No
V3-1208,Near Miss,Drilling Site,pipeline repair,"during a planned maintenance window, at the Drilling Site, the site team was involved in pipeline repair near the process line. The worker or crew started the task before the required control had been confirmed. This created a situation involving an unplanned change in the work environment. The supervisor intervened before the task could continue.",English,YES,Control failure,Control not verified,Confined Space,Critical,Yes
V3-1214,Near Miss,Tank Farm,tank entry,"at the start of the work period, at the Tank Farm, a welding crew was involved in tank entry near the tank farm. The worker or crew started the operation while another crew was still working inside the affected area. This created a situation involving uncontrolled movement of a suspended load. The activity was paused and the affected equipment was secured.",English,YES,Control failure,Barrier ineffective,Energy Isolation,Critical,Yes
V3-0658,Near Miss,Loading Terminal,vehicle movement,"during a planned maintenance window, at the Loading Terminal, A warning sign had shifted from its original position and was restored before work started. The observation was associated with vehicle movement near the process line. The crew maintained the required separation throughout. The team corrected the issue before normal work continued.",English,NO,No credible precursor identified,Control verified,Confined Space,Low,No
V3-1197,Unsafe Condition,Tank Farm,electrical maintenance,"shortly after the crew arrived, at the Tank Farm, the lifting team was involved in electrical maintenance near the workshop. The worker or crew positioned personnel closer to the active equipment than permitted. This created a situation involving an active energy source that had not been fully controlled. The team withdrew from the area and reassessed the work conditions.",English,YES,Energy exposure,Unexpected hazard identified,Line of Fire,High,Yes
V3-1008,Unsafe Act,Utility Section,compressor maintenance,"while preparing the work area, at the Utility Section, the lifting team was involved in compressor maintenance near the valve station. The worker or crew moved into the work area while an important safeguard was still being checked. This created a situation involving exposure to an energized component. The area was isolated while the condition was investigated.",English,YES,Uncontrolled hazard,Unsafe position observed,Confined Space,Critical,Yes
V3-0540,Near Miss,Refinery Area A,pipeline repair,"shortly after the crew arrived, at the Refinery Area A, A small housekeeping issue was observed beside the work area and was corrected immediately. The observation was associated with pipeline repair near the electrical room. The condition was corrected before it could affect the work. The team corrected the issue before normal work continued.",English,NO,No credible precursor identified,No personnel exposure,Energy Isolation,Low,No
V3-0364,Near Miss,Utility Section,welding,"at the start of the work period, at the Utility Section, A warning sign had shifted from its original position and was restored before work started. The observation was associated with welding near the compressor bay. No person was exposed to the condition. The team corrected the issue before normal work continued.",English,NO,No credible precursor identified,No personnel exposure,Confined Space,Routine,No
V3-0033,Unsafe Act,Production Area B,welding,"during the afternoon shift, at the Production Area B, A routine inspection identified a small housekeeping deviation with no personnel exposure. The observation was associated with welding near the elevated work platform. The observation involved housekeeping rather than an active energy source. The team corrected the issue before normal work continued.",English,NO,No credible precursor identified,Precaution confirmed,Energy Isolation,Routine,No
V3-0008,Near Miss,Utility Section,grinding,"during the morning shift, at the Utility Section, a welding crew was involved in grinding near the elevated work platform. Before the task progressed, the team confirmed communication with the control room. The approved sequence was followed. The activity continued under the planned controls.",English,NO,No credible precursor identified,No personnel exposure,Hot Work,Low,No
V3-1198,Unsafe Act,Gas Processing Unit,crane operation,"shortly after the crew arrived, at the Gas Processing Unit, a contractor was involved in crane operation near the loading point. The worker or crew started the operation while another crew was still working inside the affected area. This created a situation involving an unplanned change in the work environment. The team withdrew from the area and reassessed the work conditions.",English,YES,Control failure,Barrier ineffective,Hot Work,High,Yes
V3-0907,Near Miss,Drilling Site,welding,"before the evening shutdown, at the Drilling Site, a field operator was involved in welding near the tank farm. The worker or crew positioned personnel closer to the active equipment than permitted. This created a situation involving exposure to an energized component. The supervisor stopped the activity and moved the crew to a safe location.",English,YES,Energy exposure,Barrier ineffective,Energy Isolation,Critical,Yes
V3-0723,Safety Observation,Loading Terminal,compressor maintenance,"during the morning shift, at the Loading Terminal, A routine inspection identified a small housekeeping deviation with no personnel exposure. The observation was associated with compressor maintenance near the loading point. The affected item was outside the active work path. The team corrected the issue before normal work continued.",English,NO,No credible precursor identified,No personnel exposure,Hot Work,Routine,No
V3-0504,Safety Observation,Utility Section,crane operation,"before the evening shutdown, at the Utility Section, the maintenance group was involved in crane operation near the pump area. Before the task progressed, the team completed the pre-job safety discussion. The access controls remained in place. The crew completed the activity without a serious exposure.",English,NO,No credible precursor identified,Work area controlled,Energy Isolation,Routine,No
V3-1250,Near Miss,Tank Farm,welding,"at the start of the work period, at the Tank Farm, the lifting team was involved in welding near the equipment bay. The worker or crew continued the activity after a required barrier was found to be ineffective. This created a situation involving possible release of stored energy. The activity was paused and the affected equipment was secured.",English,YES,Uncontrolled hazard,Control not verified,Line of Fire,Critical,Yes
V3-1275,Unsafe Condition,Loading Terminal,vessel cleaning,"while preparing the work area, at the Loading Terminal, a maintenance technician was involved in vessel cleaning near the production unit. The worker or crew started the task before the required control had been confirmed. This created a situation involving unexpected movement of equipment. The team withdrew from the area and reassessed the work conditions.",English,YES,Control failure,Unsafe position observed,Line of Fire,High,Yes
V3-1407,Unsafe Condition,Production Area B,pipeline repair,"during the afternoon shift, at the Production Area B, the inspection team was involved in pipeline repair near the loading point. The worker or crew continued the activity after a required barrier was found to be ineffective. This created a situation involving an active energy source that had not been fully controlled. The team withdrew from the area and reassessed the work conditions.",English,YES,Uncontrolled hazard,Barrier ineffective,Confined Space,High,Yes
V3-1155,Near Miss,Utility Section,pipeline repair,"during a planned maintenance window, at the Utility Section, a field operator was involved in pipeline repair near the compressor bay. The worker or crew started the operation while another crew was still working inside the affected area. This created a situation involving an active energy source that had not been fully controlled. The crew stopped work and the control measures were reviewed.",English,YES,Uncontrolled hazard,Unsafe position observed,Line of Fire,Critical,Yes
V3-0683,Unsafe Act,Maintenance Workshop,compressor maintenance,"before the evening shutdown, at the Maintenance Workshop, a maintenance technician was involved in compressor maintenance near the tank farm. Before the task progressed, the team checked the condition of the lifting equipment. The supervisor remained available. The surrounding conditions remained stable throughout the task.",English,NO,No credible precursor identified,Control verified,Confined Space,Routine,No
V3-0191,Near Miss,Tank Farm,lifting operation,"shortly after the crew arrived, at the Tank Farm, the electrical crew was involved in lifting operation near the storage area. Before the task progressed, the team checked the condition of the lifting equipment. The team stayed within the designated work area. The observation did not identify a credible high-consequence exposure.",English,NO,No credible precursor identified,Control verified,Line of Fire,Low,No
V3-0836,Near Miss,Production Area B,vessel cleaning,"during routine field activity, at the Production Area B, the site team was involved in vessel cleaning near the tank farm. The worker or crew proceeded with the task after an unexpected change in conditions. This created a situation involving an unplanned change in the work environment. The crew stopped work and the control measures were reviewed.",English,YES,Unsafe positioning,Unsafe position observed,Hot Work,High,Yes
V3-0648,Safety Observation,Drilling Site,crane operation,"while preparing the work area, at the Drilling Site, A routine inspection identified a small housekeeping deviation with no personnel exposure. The observation was associated with crane operation near the compressor bay. The issue had no impact on the work boundary. The team corrected the issue before normal work continued.",English,NO,No credible precursor identified,Precaution confirmed,Hot Work,Routine,No
V3-1470,Unsafe Condition,Gas Processing Unit,compressor maintenance,"at the start of the work period, at the Gas Processing Unit, the inspection team was involved in compressor maintenance near the compressor bay. The worker or crew proceeded with the task after an unexpected change in conditions. This created a situation involving temporary loss of a protective barrier. The area was isolated while the condition was investigated.",English,YES,Energy exposure,Unsafe position observed,Line of Fire,High,Yes
V3-0065,Near Miss,Utility Section,pipeline repair,"while preparing the work area, at the Utility Section, the site team was involved in pipeline repair near the tank farm. Before the task progressed, the team reviewed the isolation status before starting. The supervisor remained available. No hazardous deviation was observed.",English,NO,No credible precursor identified,Procedure followed,Confined Space,Routine,No
V3-1395,Near Miss,Pipeline Station 3,welding,"during a planned maintenance window, at the Pipeline Station 3, a field operator was involved in welding near the elevated work platform. The worker or crew started the operation while another crew was still working inside the affected area. This created a situation involving possible release of stored energy. The area was isolated while the condition was investigated.",English,YES,Energy exposure,Unsafe position observed,Hot Work,High,Yes
V3-0449,Near Miss,Production Area B,grinding,"while preparing the work area, at the Production Area B, a vehicle operator was involved in grinding near the maintenance area. Before the task progressed, the team confirmed communication with the control room. The required safeguards were available. No significant control breakdown was identified.",English,NO,No credible precursor identified,Precaution confirmed,Line of Fire,Routine,No
V3-1498,Unsafe Act,Maintenance Workshop,crane operation,"during the morning shift, at the Maintenance Workshop, a contractor was involved in crane operation near the electrical room. The worker or crew approached the operating equipment without maintaining the expected separation. This created a situation involving movement of a vehicle through the work area. The operation was halted until the required protection was established.",English,YES,Energy exposure,Control not verified,Energy Isolation,High,Yes
V3-1314,Unsafe Act,Production Area B,electrical maintenance,"during the morning shift, at the Production Area B, the lifting team was involved in electrical maintenance near the workshop. The worker or crew started the task before the required control had been confirmed. This created a situation involving temporary loss of a protective barrier. The supervisor intervened before the task could continue.",English,YES,Unsafe positioning,Unsafe position observed,Confined Space,High,Yes
V3-1413,Near Miss,Refinery Area A,lifting operation,"during routine field activity, at the Refinery Area A, the site team was involved in lifting operation near the equipment bay. The worker or crew continued preparation while a critical control remained incomplete. This created a situation involving unexpected pressure in the process line. The area was isolated while the condition was investigated.",English,YES,Energy exposure,Unsafe position observed,Line of Fire,Critical,Yes
V3-0383,Safety Observation,Compressor Station 2,tank entry,"while preparing the work area, at the Compressor Station 2, A small housekeeping issue was observed beside the work area and was corrected immediately. The observation was associated with tank entry near the loading point. The affected item was outside the active work path. The team corrected the issue before normal work continued.",English,NO,No credible precursor identified,Procedure followed,Hot Work,Low,No
V3-0159,Unsafe Condition,Loading Terminal,electrical maintenance,"during the afternoon shift, at the Loading Terminal, A temporary access obstruction was identified and removed before personnel entered the area. The observation was associated with electrical maintenance near the pipeline corridor. The affected item was outside the active work path. The team corrected the issue before normal work continued.",English,NO,No credible precursor identified,No personnel exposure,Hot Work,Low,No
V3-0217,Unsafe Condition,Gas Processing Unit,compressor maintenance,"during routine field activity, at the Gas Processing Unit, a contractor was involved in compressor maintenance near the pipeline corridor. Before the task progressed, the team confirmed the work boundary with the supervisor. The approved sequence was followed. The planned barriers remained effective during the observation.",English,NO,No credible precursor identified,Work area controlled,Confined Space,Low,No
V3-0560,Safety Observation,Pipeline Station 3,welding,"at the start of the work period, at the Pipeline Station 3, a field operator was involved in welding near the electrical room. Before the task progressed, the team confirmed communication with the control room. The work area remained controlled. The planned barriers remained effective during the observation.",English,NO,No credible precursor identified,Procedure followed,Energy Isolation,Low,No
V3-0400,Unsafe Act,Pipeline Station 3,grinding,"during routine field activity, at the Pipeline Station 3, a maintenance technician was involved in grinding near the maintenance area. Before the task progressed, the team checked the condition of the lifting equipment. The required separation was maintained. No significant control breakdown was identified.",English,NO,No credible precursor identified,No personnel exposure,Energy Isolation,Low,No
V3-0994,Unsafe Condition,Drilling Site,tank entry,"during the morning shift, at the Drilling Site, a welding crew was involved in tank entry near the compressor bay. The worker or crew moved into the work area while an important safeguard was still being checked. This created a situation involving possible release of stored energy. The supervisor stopped the activity and moved the crew to a safe location.",English,YES,Unsafe positioning,Personnel exposed to hazard,Line of Fire,High,Yes
V3-0012,Near Miss,Gas Processing Unit,electrical maintenance,"at the start of the work period, at the Gas Processing Unit, a contractor was involved in electrical maintenance near the production unit. Before the task progressed, the team checked the condition of the lifting equipment. The planned precautions were maintained. The work proceeded without an uncontrolled change in conditions.",English,NO,No credible precursor identified,Control verified,Energy Isolation,Low,No
V3-0013,Unsafe Act,Gas Processing Unit,tank entry,"during the morning shift, at the Gas Processing Unit, The team noticed a damaged label on equipment and replaced it before continuing. The observation was associated with tank entry near the compressor bay. The observation involved housekeeping rather than an active energy source. The team corrected the issue before normal work continued.",English,NO,No credible precursor identified,Work area controlled,Hot Work,Routine,No
V3-1070,Unsafe Condition,Utility Section,grinding,"during a planned maintenance window, at the Utility Section, the site team was involved in grinding near the equipment bay. The worker or crew proceeded with the task after an unexpected change in conditions. This created a situation involving uncontrolled movement of a suspended load. Work was suspended until the missing control was restored.",English,YES,Uncontrolled hazard,Control not verified,Line of Fire,Critical,Yes
V3-0471,Near Miss,Refinery Area A,welding,"before the evening shutdown, at the Refinery Area A, a vehicle operator was involved in welding near the workshop. Before the task progressed, the team checked the condition of the lifting equipment. The work authorization was valid. The surrounding conditions remained stable throughout the task.",English,NO,No credible precursor identified,Work area controlled,Line of Fire,Low,No
V3-1161,Unsafe Condition,Refinery Area A,grinding,"at the start of the work period, at the Refinery Area A, a maintenance technician was involved in grinding near the process line. The worker or crew positioned personnel closer to the active equipment than permitted. This created a situation involving exposure to an energized component. The crew stopped work and the control measures were reviewed.",English,YES,Control failure,Personnel exposed to hazard,Hot Work,High,Yes
V3-0670,Unsafe Condition,Refinery Area A,grinding,"at the start of the work period, at the Refinery Area A, A routine inspection identified a small housekeeping deviation with no personnel exposure. The observation was associated with grinding near the storage area. The task had not started when the issue was identified. The team corrected the issue before normal work continued.",English,NO,No credible precursor identified,Work area controlled,Confined Space,Low,No
V3-1239,Near Miss,Refinery Area A,electrical maintenance,"while preparing the work area, at the Refinery Area A, the maintenance group was involved in electrical maintenance near the storage area. The worker or crew started the operation while another crew was still working inside the affected area. This created a situation involving movement of a vehicle through the work area. The activity was paused and the affected equipment was secured.",English,YES,Barrier failure,Personnel exposed to hazard,Line of Fire,Critical,Yes
V3-0356,Near Miss,Pipeline Station 3,vehicle movement,"while preparing the work area, at the Pipeline Station 3, the maintenance group was involved in vehicle movement near the pipeline corridor. Before the task progressed, the team reviewed the isolation status before starting. The work authorization was valid. The planned barriers remained effective during the observation.",English,NO,No credible precursor identified,Precaution confirmed,Confined Space,Low,No
V3-1065,Near Miss,Loading Terminal,pipeline repair,"while preparing the work area, at the Loading Terminal, a maintenance technician was involved in pipeline repair near the electrical room. The worker or crew approached the operating equipment without maintaining the expected separation. This created a situation involving unexpected movement of equipment. The supervisor stopped the activity and moved the crew to a safe location.",English,YES,Energy exposure,Personnel exposed to hazard,Confined Space,Critical,Yes
V3-0787,Near Miss,Compressor Station 2,vessel cleaning,"while preparing the work area, at the Compressor Station 2, a field operator was involved in vessel cleaning near the workshop. The worker or crew entered the restricted area before the required authorization was confirmed. This created a situation involving temporary loss of a protective barrier. The supervisor intervened before the task could continue.",English,YES,Uncontrolled hazard,Control not verified,Energy Isolation,High,Yes
V3-0595,Unsafe Condition,Utility Section,vessel cleaning,"at the start of the work period, at the Utility Section, the site team was involved in vessel cleaning near the production unit. Before the task progressed, the team reviewed the isolation status before starting. The access controls remained in place. The work proceeded without an uncontrolled change in conditions.",English,NO,No credible precursor identified,Control verified,Hot Work,Low,No
V3-0729,Near Miss,Pipeline Station 3,welding,"at the start of the work period, at the Pipeline Station 3, the lifting team was involved in welding near the pump area. Before the task progressed, the team verified the required authorization. The required safeguards were available. The planned barriers remained effective during the observation.",English,NO,No credible precursor identified,Procedure followed,Confined Space,Routine,No
V3-0525,Safety Observation,Loading Terminal,welding,"during routine field activity, at the Loading Terminal, the maintenance group was involved in welding near the electrical room. Before the task progressed, the team confirmed that the access route was clear. The work area remained controlled. No hazardous deviation was observed.",English,NO,No credible precursor identified,Work area controlled,Confined Space,Routine,No
V3-0869,Unsafe Condition,Loading Terminal,vessel cleaning,"while preparing the work area, at the Loading Terminal, a contractor was involved in vessel cleaning near the process line. The worker or crew approached the operating equipment without maintaining the expected separation. This created a situation involving loss of separation from operating machinery. The area was isolated while the condition was investigated.",English,YES,Energy exposure,Unexpected hazard identified,Energy Isolation,High,Yes
V3-0702,Unsafe Act,Tank Farm,pipeline repair,"at the start of the work period, at the Tank Farm, A temporary access obstruction was identified and removed before personnel entered the area. The observation was associated with pipeline repair near the compressor bay. The issue had no impact on the work boundary. The team corrected the issue before normal work continued.",English,NO,No credible precursor identified,Control verified,Line of Fire,Low,No
V3-0433,Unsafe Act,Utility Section,vehicle movement,"during the afternoon shift, at the Utility Section, a welding crew was involved in vehicle movement near the pipeline corridor. Before the task progressed, the team confirmed that the access route was clear. The work area remained controlled. The planned barriers remained effective during the observation.",English,NO,No credible precursor identified,No personnel exposure,Hot Work,Low,No
V3-0288,Unsafe Act,Tank Farm,welding,"during the afternoon shift, at the Tank Farm, a welding crew was involved in welding near the equipment bay. Before the task progressed, the team confirmed the work boundary with the supervisor. The required separation was maintained. The activity continued under the planned controls.",English,NO,No credible precursor identified,Work area controlled,Hot Work,Routine,No
V3-0235,Unsafe Condition,Production Area B,vessel cleaning,"before the evening shutdown, at the Production Area B, the electrical crew was involved in vessel cleaning near the production unit. Before the task progressed, the team confirmed communication with the control room. The access controls remained in place. The work proceeded without an uncontrolled change in conditions.",English,NO,No credible precursor identified,No personnel exposure,Line of Fire,Low,No
V3-0107,Unsafe Act,Production Area B,grinding,"at the start of the work period, at the Production Area B, A worker noticed a loose hand tool on the work platform and secured it before the task began. The observation was associated with grinding near the maintenance area. The affected item was outside the active work path. The team corrected the issue before normal work continued.",English,NO,No credible precursor identified,Work area controlled,Energy Isolation,Routine,No
V3-0352,Unsafe Act,Tank Farm,vehicle movement,"at the start of the work period, at the Tank Farm, a welding crew was involved in vehicle movement near the equipment bay. Before the task progressed, the team confirmed the work boundary with the supervisor. The approved sequence was followed. The planned barriers remained effective during the observation.",English,NO,No credible precursor identified,Control verified,Hot Work,Routine,No
V3-0730,Near Miss,Maintenance Workshop,vehicle movement,"at the start of the work period, at the Maintenance Workshop, the electrical crew was involved in vehicle movement near the compressor bay. Before the task progressed, the team checked the condition of the lifting equipment. The access controls remained in place. The planned barriers remained effective during the observation.",English,NO,No credible precursor identified,Procedure followed,Confined Space,Low,No
V3-0618,Unsafe Condition,Maintenance Workshop,lifting operation,"shortly after the crew arrived, at the Maintenance Workshop, A routine inspection identified a small housekeeping deviation with no personnel exposure. The observation was associated with lifting operation near the equipment bay. No person was exposed to the condition. The team corrected the issue before normal work continued.",English,NO,No credible precursor identified,No personnel exposure,Energy Isolation,Low,No
V3-0826,Unsafe Condition,Tank Farm,welding,"during a planned maintenance window, at the Tank Farm, the maintenance group was involved in welding near the production unit. The worker or crew continued preparation while a critical control remained incomplete. This created a situation involving unexpected pressure in the process line. The supervisor stopped the activity and moved the crew to a safe location.",English,YES,Control failure,Unexpected hazard identified,Line of Fire,Critical,Yes
V3-1000,Near Miss,Gas Processing Unit,welding,"before the evening shutdown, at the Gas Processing Unit, the site team was involved in welding near the workshop. The worker or crew moved into the work area while an important safeguard was still being checked. This created a situation involving an unplanned change in the work environment. The activity was paused and the affected equipment was secured.",English,YES,Barrier failure,Barrier ineffective,Energy Isolation,High,Yes
V3-0036,Safety Observation,Compressor Station 2,electrical maintenance,"during a planned maintenance window, at the Compressor Station 2, A worker reported a minor equipment defect that did not affect the active task and the item was tagged for follow-up. The observation was associated with electrical maintenance near the elevated work platform. The crew maintained the required separation throughout. The team corrected the issue before normal work continued.",English,NO,No credible precursor identified,Control verified,Confined Space,Low,No
V3-0772,Unsafe Act,Drilling Site,crane operation,"while preparing the work area, at the Drilling Site, the site team was involved in crane operation near the compressor bay. The worker or crew moved into the work area while an important safeguard was still being checked. This created a situation involving movement of a vehicle through the work area. The activity was paused and the affected equipment was secured.",English,YES,Uncontrolled hazard,Control not verified,Hot Work,High,Yes
V3-0761,Near Miss,Utility Section,pipeline repair,"shortly after the crew arrived, at the Utility Section, a vehicle operator was involved in pipeline repair near the workshop. The worker or crew continued preparation while a critical control remained incomplete. This created a situation involving an active energy source that had not been fully controlled. The supervisor intervened before the task could continue.",English,YES,Unsafe positioning,Unexpected hazard identified,Line of Fire,High,Yes
V3-0857,Unsafe Act,Tank Farm,electrical maintenance,"during the afternoon shift, at the Tank Farm, the site team was involved in electrical maintenance near the elevated work platform. The worker or crew positioned personnel closer to the active equipment than permitted. This created a situation involving uncontrolled movement of a suspended load. Work was suspended until the missing control was restored.",English,YES,Control failure,Unsafe position observed,Energy Isolation,High,Yes
V3-1311,Unsafe Act,Utility Section,compressor maintenance,"during routine field activity, at the Utility Section, a contractor was involved in compressor maintenance near the elevated work platform. The worker or crew positioned personnel closer to the active equipment than permitted. This created a situation involving loss of separation from operating machinery. The supervisor stopped the activity and moved the crew to a safe location.",English,YES,Energy exposure,Control not verified,Confined Space,High,Yes
V3-1496,Unsafe Condition,Pipeline Station 3,crane operation,"during the morning shift, at the Pipeline Station 3, a welding crew was involved in crane operation near the production unit. The worker or crew approached the operating equipment without maintaining the expected separation. This created a situation involving unexpected movement of equipment. The activity was paused and the affected equipment was secured.",English,YES,Unsafe positioning,Personnel exposed to hazard,Hot Work,Critical,Yes
V3-0741,Unsafe Act,Compressor Station 2,crane operation,"during the afternoon shift, at the Compressor Station 2, the lifting team was involved in crane operation near the loading point. Before the task progressed, the team completed the pre-job safety discussion. The team stayed within the designated work area. The work proceeded without an uncontrolled change in conditions.",English,NO,No credible precursor identified,Control verified,Hot Work,Low,No
V3-0157,Unsafe Condition,Compressor Station 2,lifting operation,"while preparing the work area, at the Compressor Station 2, a field operator was involved in lifting operation near the storage area. Before the task progressed, the team completed the pre-job safety discussion. The team stayed within the designated work area. The planned barriers remained effective during the observation.",English,NO,No credible precursor identified,Precaution confirmed,Line of Fire,Routine,No
V3-1175,Unsafe Condition,Gas Processing Unit,grinding,"during routine field activity, at the Gas Processing Unit, a contractor was involved in grinding near the electrical room. The worker or crew proceeded with the task after an unexpected change in conditions. This created a situation involving temporary loss of a protective barrier. The supervisor intervened before the task could continue.",English,YES,Uncontrolled hazard,Unexpected hazard identified,Line of Fire,Critical,Yes
V3-1156,Near Miss,Production Area B,tank entry,"shortly after the crew arrived, at the Production Area B, a vehicle operator was involved in tank entry near the compressor bay. The worker or crew positioned personnel closer to the active equipment than permitted. This created a situation involving exposure to an energized component. The activity was paused and the affected equipment was secured.",English,YES,Uncontrolled hazard,Unsafe position observed,Confined Space,Critical,Yes
V3-1391,Unsafe Act,Pipeline Station 3,tank entry,"while preparing the work area, at the Pipeline Station 3, the electrical crew was involved in tank entry near the tank farm. The worker or crew proceeded with the task after an unexpected change in conditions. This created a situation involving exposure to an energized component. The supervisor stopped the activity and moved the crew to a safe location.",English,YES,Uncontrolled hazard,Control not verified,Confined Space,High,Yes
V3-0600,Near Miss,Utility Section,compressor maintenance,"before the evening shutdown, at the Utility Section, A worker reported a minor equipment defect that did not affect the active task and the item was tagged for follow-up. The observation was associated with compressor maintenance near the equipment bay. The crew maintained the required separation throughout. The team corrected the issue before normal work continued.",English,NO,No credible precursor identified,Procedure followed,Line of Fire,Low,No
V3-0845,Unsafe Condition,Production Area B,pipeline repair,"while preparing the work area, at the Production Area B, the lifting team was involved in pipeline repair near the workshop. The worker or crew approached the operating equipment without maintaining the expected separation. This created a situation involving uncontrolled movement of a suspended load. The supervisor stopped the activity and moved the crew to a safe location.",English,YES,Control failure,Unsafe position observed,Line of Fire,Critical,Yes
V3-1371,Unsafe Condition,Loading Terminal,grinding,"during routine field activity, at the Loading Terminal, a field operator was involved in grinding near the process line. The worker or crew continued the activity after a required barrier was found to be ineffective. This created a situation involving movement of a vehicle through the work area. The team withdrew from the area and reassessed the work conditions.",English,YES,Uncontrolled hazard,Personnel exposed to hazard,Line of Fire,Critical,Yes
V3-0377,Unsafe Condition,Pipeline Station 3,pipeline repair,"before the evening shutdown, at the Pipeline Station 3, the inspection team was involved in pipeline repair near the maintenance area. Before the task progressed, the team verified the required authorization. The access controls remained in place. The observation did not identify a credible high-consequence exposure.",English,NO,No credible precursor identified,Control verified,Energy Isolation,Low,No
V3-0321,Safety Observation,Utility Section,tank entry,"before the evening shutdown, at the Utility Section, The team noticed a damaged label on equipment and replaced it before continuing. The observation was associated with tank entry near the tank farm. The affected item was outside the active work path. The team corrected the issue before normal work continued.",English,NO,No credible precursor identified,Control verified,Line of Fire,Low,No
V3-0895,Unsafe Condition,Compressor Station 2,tank entry,"during a planned maintenance window, at the Compressor Station 2, a maintenance technician was involved in tank entry near the compressor bay. The worker or crew continued preparation while a critical control remained incomplete. This created a situation involving uncontrolled movement of a suspended load. Work was suspended until the missing control was restored.",English,YES,Barrier failure,Unsafe position observed,Hot Work,High,Yes
V3-0214,Near Miss,Loading Terminal,tank entry,"before the evening shutdown, at the Loading Terminal, The team noticed a damaged label on equipment and replaced it before continuing. The observation was associated with tank entry near the maintenance area. No person was exposed to the condition. The team corrected the issue before normal work continued.",English,NO,No credible precursor identified,No personnel exposure,Hot Work,Low,No
V3-0011,Near Miss,Pipeline Station 3,tank entry,"while preparing the work area, at the Pipeline Station 3, the site team was involved in tank entry near the compressor bay. Before the task progressed, the team confirmed the work boundary with the supervisor. The supervisor remained available. The work proceeded without an uncontrolled change in conditions.",English,NO,No credible precursor identified,No personnel exposure,Line of Fire,Low,No
V3-0786,Unsafe Act,Production Area B,welding,"during routine field activity, at the Production Area B, the electrical crew was involved in welding near the tank farm. The worker or crew began work before the isolation status was fully verified. This created a situation involving possible release of stored energy. The supervisor intervened before the task could continue.",English,YES,Energy exposure,Personnel exposed to hazard,Confined Space,High,Yes
V3-0277,Safety Observation,Tank Farm,electrical maintenance,"during a planned maintenance window, at the Tank Farm, The crew found minor surface damage on a non-critical component during inspection and reported it for maintenance. The observation was associated with electrical maintenance near the utility yard. The condition was corrected before it could affect the work. The team corrected the issue before normal work continued.",English,NO,No credible precursor identified,Control verified,Energy Isolation,Low,No
V3-1100,Unsafe Condition,Drilling Site,electrical maintenance,"during routine field activity, at the Drilling Site, a welding crew was involved in electrical maintenance near the utility yard. The worker or crew entered the restricted area before the required authorization was confirmed. This created a situation involving unexpected movement of equipment. The supervisor stopped the activity and moved the crew to a safe location.",English,YES,Control failure,Control not verified,Confined Space,High,Yes
V3-1392,Unsafe Act,Utility Section,vessel cleaning,"shortly after the crew arrived, at the Utility Section, a field operator was involved in vessel cleaning near the process line. The worker or crew started the operation while another crew was still working inside the affected area. This created a situation involving movement of a vehicle through the work area. The crew stopped work and the control measures were reviewed.",English,YES,Control failure,Control not verified,Line of Fire,High,Yes
V3-0685,Unsafe Condition,Refinery Area A,grinding,"before the evening shutdown, at the Refinery Area A, A small housekeeping issue was observed beside the work area and was corrected immediately. The observation was associated with grinding near the compressor bay. The observation involved housekeeping rather than an active energy source. The team corrected the issue before normal work continued.",English,NO,No credible precursor identified,Procedure followed,Hot Work,Low,No
V3-1485,Unsafe Act,Tank Farm,vessel cleaning,"during a planned maintenance window, at the Tank Farm, a field operator was involved in vessel cleaning near the storage area. The worker or crew started the operation while another crew was still working inside the affected area. This created a situation involving an active energy source that had not been fully controlled. The supervisor intervened before the task could continue.",English,YES,Uncontrolled hazard,Unexpected hazard identified,Line of Fire,Critical,Yes
V3-0108,Safety Observation,Compressor Station 2,welding,"during the morning shift, at the Compressor Station 2, a maintenance technician was involved in welding near the equipment bay. Before the task progressed, the team verified the required authorization. The required safeguards were available. The crew completed the activity without a serious exposure.",English,NO,No credible precursor identified,Precaution confirmed,Confined Space,Low,No
V3-1211,Unsafe Condition,Drilling Site,welding,"during routine field activity, at the Drilling Site, a vehicle operator was involved in welding near the elevated work platform. The worker or crew began work before the isolation status was fully verified. This created a situation involving uncontrolled movement of a suspended load. The area was isolated while the condition was investigated.",English,YES,Barrier failure,Personnel exposed to hazard,Line of Fire,Critical,Yes
V3-0856,Near Miss,Utility Section,grinding,"while preparing the work area, at the Utility Section, a welding crew was involved in grinding near the tank farm. The worker or crew positioned personnel closer to the active equipment than permitted. This created a situation involving an active energy source that had not been fully controlled. The area was isolated while the condition was investigated.",English,YES,Energy exposure,Unsafe position observed,Energy Isolation,High,Yes
V3-1458,Unsafe Act,Gas Processing Unit,pipeline repair,"during a planned maintenance window, at the Gas Processing Unit, the lifting team was involved in pipeline repair near the workshop. The worker or crew continued the activity after a required barrier was found to be ineffective. This created a situation involving exposure to an energized component. The team withdrew from the area and reassessed the work conditions.",English,YES,Barrier failure,Unsafe position observed,Hot Work,Critical,Yes
V3-1410,Unsafe Act,Utility Section,electrical maintenance,"at the start of the work period, at the Utility Section, the site team was involved in electrical maintenance near the electrical room. The worker or crew moved into the work area while an important safeguard was still being checked. This created a situation involving movement of a vehicle through the work area. The activity was paused and the affected equipment was secured.",English,YES,Uncontrolled hazard,Unexpected hazard identified,Energy Isolation,Critical,Yes
V3-0249,Safety Observation,Utility Section,tank entry,"during a planned maintenance window, at the Utility Section, the lifting team was involved in tank entry near the compressor bay. Before the task progressed, the team checked the condition of the lifting equipment. The planned precautions were maintained. No hazardous deviation was observed.",English,NO,No credible precursor identified,Control verified,Energy Isolation,Routine,No
V3-1119,Unsafe Act,Drilling Site,pipeline repair,"during routine field activity, at the Drilling Site, a welding crew was involved in pipeline repair near the tank farm. The worker or crew proceeded with the task after an unexpected change in conditions. This created a situation involving unexpected pressure in the process line. The supervisor intervened before the task could continue.",English,YES,Barrier failure,Unsafe position observed,Hot Work,Critical,Yes
V3-1463,Unsafe Act,Maintenance Workshop,welding,"at the start of the work period, at the Maintenance Workshop, the site team was involved in welding near the elevated work platform. The worker or crew continued the activity after a required barrier was found to be ineffective. This created a situation involving unexpected pressure in the process line. The operation was halted until the required protection was established.",English,YES,Energy exposure,Personnel exposed to hazard,Energy Isolation,High,Yes
V3-0641,Unsafe Act,Loading Terminal,grinding,"during a planned maintenance window, at the Loading Terminal, the electrical crew was involved in grinding near the production unit. Before the task progressed, the team checked the condition of the lifting equipment. The supervisor remained available. No significant control breakdown was identified.",English,NO,No credible precursor identified,Procedure followed,Line of Fire,Routine,No
V3-1352,Unsafe Condition,Drilling Site,tank entry,"during the morning shift, at the Drilling Site, the lifting team was involved in tank entry near the equipment bay. The worker or crew started the operation while another crew was still working inside the affected area. This created a situation involving an unplanned change in the work environment. Work was suspended until the missing control was restored.",English,YES,Unsafe positioning,Barrier ineffective,Energy Isolation,Critical,Yes
V3-0476,Unsafe Condition,Tank Farm,electrical maintenance,"during the afternoon shift, at the Tank Farm, the lifting team was involved in electrical maintenance near the equipment bay. Before the task progressed, the team confirmed the work boundary with the supervisor. The planned precautions were maintained. The surrounding conditions remained stable throughout the task.",English,NO,No credible precursor identified,Procedure followed,Energy Isolation,Low,No
V3-0064,Safety Observation,Compressor Station 2,grinding,"during routine field activity, at the Compressor Station 2, A worker reported a minor equipment defect that did not affect the active task and the item was tagged for follow-up. The observation was associated with grinding near the workshop. The issue had no impact on the work boundary. The team corrected the issue before normal work continued.",English,NO,No credible precursor identified,Work area controlled,Line of Fire,Routine,No
V3-1238,Unsafe Act,Tank Farm,compressor maintenance,"during the morning shift, at the Tank Farm, a contractor was involved in compressor maintenance near the compressor bay. The worker or crew started the operation while another crew was still working inside the affected area. This created a situation involving uncontrolled movement of a suspended load. The supervisor stopped the activity and moved the crew to a safe location.",English,YES,Barrier failure,Unsafe position observed,Energy Isolation,High,Yes
V3-0839,Unsafe Condition,Utility Section,welding,"during the morning shift, at the Utility Section, the site team was involved in welding near the compressor bay. The worker or crew started the operation while another crew was still working inside the affected area. This created a situation involving temporary loss of a protective barrier. The supervisor stopped the activity and moved the crew to a safe location.",English,YES,Unsafe positioning,Unsafe position observed,Hot Work,High,Yes
V3-1427,Unsafe Condition,Maintenance Workshop,vehicle movement,"before the evening shutdown, at the Maintenance Workshop, the inspection team was involved in vehicle movement near the storage area. The worker or crew moved into the work area while an important safeguard was still being checked. This created a situation involving possible release of stored energy. The supervisor stopped the activity and moved the crew to a safe location.",English,YES,Energy exposure,Barrier ineffective,Confined Space,High,Yes
V3-0537,Near Miss,Gas Processing Unit,compressor maintenance,"at the start of the work period, at the Gas Processing Unit, the inspection team was involved in compressor maintenance near the valve station. Before the task progressed, the team reviewed the work instructions before starting. The approved sequence was followed. The surrounding conditions remained stable throughout the task.",English,NO,No credible precursor identified,No personnel exposure,Confined Space,Low,No
V3-1220,Unsafe Condition,Maintenance Workshop,grinding,"while preparing the work area, at the Maintenance Workshop, a field operator was involved in grinding near the pump area. The worker or crew continued preparation while a critical control remained incomplete. This created a situation involving temporary loss of a protective barrier. The crew stopped work and the control measures were reviewed.",English,YES,Uncontrolled hazard,Barrier ineffective,Line of Fire,High,Yes
V3-0706,Unsafe Act,Production Area B,pipeline repair,"during the morning shift, at the Production Area B, a field operator was involved in pipeline repair near the loading point. Before the task progressed, the team checked the condition of the equipment before use. The access controls remained in place. The planned barriers remained effective during the observation.",English,NO,No credible precursor identified,No personnel exposure,Hot Work,Routine,No
V3-0619,Unsafe Act,Gas Processing Unit,vessel cleaning,"shortly after the crew arrived, at the Gas Processing Unit, A worker reported a minor equipment defect that did not affect the active task and the item was tagged for follow-up. The observation was associated with vessel cleaning near the valve station. The task had not started when the issue was identified. The team corrected the issue before normal work continued.",English,NO,No credible precursor identified,Procedure followed,Hot Work,Routine,No
V3-1367,Near Miss,Tank Farm,crane operation,"during the morning shift, at the Tank Farm, the maintenance group was involved in crane operation near the production unit. The worker or crew approached the operating equipment without maintaining the expected separation. This created a situation involving an active energy source that had not been fully controlled. Work was suspended until the missing control was restored.",English,YES,Control failure,Unexpected hazard identified,Energy Isolation,Critical,Yes
V3-0603,Safety Observation,Pipeline Station 3,compressor maintenance,"while preparing the work area, at the Pipeline Station 3, a contractor was involved in compressor maintenance near the electrical room. Before the task progressed, the team checked the condition of the lifting equipment. The team stayed within the designated work area. The work proceeded without an uncontrolled change in conditions.",English,NO,No credible precursor identified,Work area controlled,Energy Isolation,Routine,No
V3-0665,Unsafe Condition,Loading Terminal,grinding,"during the afternoon shift, at the Loading Terminal, A warning sign had shifted from its original position and was restored before work started. The observation was associated with grinding near the process line. No person was exposed to the condition. The team corrected the issue before normal work continued.",English,NO,No credible precursor identified,Work area controlled,Energy Isolation,Routine,No
V3-0811,Unsafe Condition,Compressor Station 2,pipeline repair,"during a planned maintenance window, at the Compressor Station 2, a maintenance technician was involved in pipeline repair near the compressor bay. The worker or crew continued preparation while a critical control remained incomplete. This created a situation involving possible release of stored energy. The operation was halted until the required protection was established.",English,YES,Control failure,Personnel exposed to hazard,Line of Fire,Critical,Yes
V3-0404,Unsafe Condition,Production Area B,lifting operation,"while preparing the work area, at the Production Area B, a field operator was involved in lifting operation near the utility yard. Before the task progressed, the team checked the condition of the equipment before use. The access controls remained in place. The work proceeded without an uncontrolled change in conditions.",English,NO,No credible precursor identified,Procedure followed,Line of Fire,Low,No
V3-0239,Unsafe Condition,Refinery Area A,electrical maintenance,"at the start of the work period, at the Refinery Area A, the site team was involved in electrical maintenance near the compressor bay. Before the task progressed, the team confirmed the work boundary with the supervisor. The required separation was maintained. No significant control breakdown was identified.",English,NO,No credible precursor identified,Control verified,Hot Work,Routine,No
V3-1088,Unsafe Condition,Tank Farm,crane operation,"during a planned maintenance window, at the Tank Farm, a maintenance technician was involved in crane operation near the compressor bay. The worker or crew started the operation while another crew was still working inside the affected area. This created a situation involving loss of separation from operating machinery. The area was isolated while the condition was investigated.",English,YES,Unsafe positioning,Unsafe position observed,Hot Work,High,Yes
V3-1106,Unsafe Condition,Pipeline Station 3,welding,"during the afternoon shift, at the Pipeline Station 3, the site team was involved in welding near the pipeline corridor. The worker or crew entered the restricted area before the required authorization was confirmed. This created a situation involving movement of a vehicle through the work area. The team withdrew from the area and reassessed the work conditions.",English,YES,Barrier failure,Personnel exposed to hazard,Confined Space,Critical,Yes
V3-0319,Unsafe Act,Loading Terminal,crane operation,"during the afternoon shift, at the Loading Terminal, the inspection team was involved in crane operation near the valve station. Before the task progressed, the team checked the condition of the lifting equipment. The equipment was within the approved operating condition. The crew completed the activity without a serious exposure.",English,NO,No credible precursor identified,Precaution confirmed,Confined Space,Low,No
V3-0573,Safety Observation,Gas Processing Unit,vehicle movement,"at the start of the work period, at the Gas Processing Unit, a field operator was involved in vehicle movement near the production unit. Before the task progressed, the team reviewed the isolation status before starting. The access controls remained in place. The work proceeded without an uncontrolled change in conditions.",English,NO,No credible precursor identified,Precaution confirmed,Hot Work,Routine,No
V3-0171,Unsafe Act,Maintenance Workshop,welding,"during routine field activity, at the Maintenance Workshop, the inspection team was involved in welding near the workshop. Before the task progressed, the team confirmed the work boundary with the supervisor. The access controls remained in place. The observation did not identify a credible high-consequence exposure.",English,NO,No credible precursor identified,Precaution confirmed,Confined Space,Routine,No
V3-1342,Unsafe Act,Tank Farm,grinding,"at the start of the work period, at the Tank Farm, the site team was involved in grinding near the storage area. The worker or crew started the task before the required control had been confirmed. This created a situation involving an active energy source that had not been fully controlled. The area was isolated while the condition was investigated.",English,YES,Control failure,Control not verified,Energy Isolation,Critical,Yes
V3-0577,Safety Observation,Pipeline Station 3,pipeline repair,"while preparing the work area, at the Pipeline Station 3, A routine inspection identified a small housekeeping deviation with no personnel exposure. The observation was associated with pipeline repair near the storage area. The equipment remained isolated from personnel activity. The team corrected the issue before normal work continued.",English,NO,No credible precursor identified,Work area controlled,Energy Isolation,Routine,No
V3-0551,Unsafe Act,Pipeline Station 3,vehicle movement,"during the morning shift, at the Pipeline Station 3, a maintenance technician was involved in vehicle movement near the utility yard. Before the task progressed, the team reviewed the work instructions before starting. The planned precautions were maintained. The surrounding conditions remained stable throughout the task.",English,NO,No credible precursor identified,Procedure followed,Line of Fire,Routine,No
V3-0957,Near Miss,Drilling Site,vessel cleaning,"shortly after the crew arrived, at the Drilling Site, the lifting team was involved in vessel cleaning near the tank farm. The worker or crew entered the restricted area before the required authorization was confirmed. This created a situation involving temporary loss of a protective barrier. The supervisor intervened before the task could continue.",English,YES,Unsafe positioning,Unexpected hazard identified,Energy Isolation,Critical,Yes
V3-0374,Near Miss,Pipeline Station 3,vessel cleaning,"during the afternoon shift, at the Pipeline Station 3, a field operator was involved in vessel cleaning near the valve station. Before the task progressed, the team verified the required authorization. The access controls remained in place. The activity continued under the planned controls.",English,NO,No credible precursor identified,Control verified,Hot Work,Routine,No
V3-0094,Near Miss,Compressor Station 2,vehicle movement,"shortly after the crew arrived, at the Compressor Station 2, the inspection team was involved in vehicle movement near the process line. Before the task progressed, the team checked the condition of the equipment before use. The access controls remained in place. The surrounding conditions remained stable throughout the task.",English,NO,No credible precursor identified,No personnel exposure,Confined Space,Low,No
V3-0638,Near Miss,Compressor Station 2,electrical maintenance,"while preparing the work area, at the Compressor Station 2, a contractor was involved in electrical maintenance near the pump area. Before the task progressed, the team reviewed the work instructions before starting. The planned precautions were maintained. No hazardous deviation was observed.",English,NO,No credible precursor identified,Procedure followed,Line of Fire,Routine,No
V3-0963,Near Miss,Gas Processing Unit,compressor maintenance,"before the evening shutdown, at the Gas Processing Unit, a field operator was involved in compressor maintenance near the production unit. The worker or crew continued the activity after a required barrier was found to be ineffective. This created a situation involving unexpected pressure in the process line. The supervisor stopped the activity and moved the crew to a safe location.",English,YES,Uncontrolled hazard,Unexpected hazard identified,Confined Space,Critical,Yes
V3-0300,Unsafe Act,Refinery Area A,welding,"before the evening shutdown, at the Refinery Area A, a maintenance technician was involved in welding near the utility yard. Before the task progressed, the team confirmed the work boundary with the supervisor. The equipment was within the approved operating condition. The observation did not identify a credible high-consequence exposure.",English,NO,No credible precursor identified,Precaution confirmed,Confined Space,Low,No
V3-0914,Near Miss,Refinery Area A,compressor maintenance,"during a planned maintenance window, at the Refinery Area A, the maintenance group was involved in compressor maintenance near the production unit. The worker or crew moved into the work area while an important safeguard was still being checked. This created a situation involving loss of separation from operating machinery. The operation was halted until the required protection was established.",English,YES,Energy exposure,Control not verified,Energy Isolation,High,Yes
V3-0889,Unsafe Condition,Pipeline Station 3,pipeline repair,"at the start of the work period, at the Pipeline Station 3, a field operator was involved in pipeline repair near the production unit. The worker or crew began work before the isolation status was fully verified. This created a situation involving exposure to an energized component. The supervisor stopped the activity and moved the crew to a safe location.",English,YES,Control failure,Unsafe position observed,Energy Isolation,High,Yes
V3-0494,Near Miss,Compressor Station 2,grinding,"at the start of the work period, at the Compressor Station 2, a contractor was involved in grinding near the pipeline corridor. Before the task progressed, the team verified the required authorization. The supervisor remained available. The activity continued under the planned controls.",English,NO,No credible precursor identified,Control verified,Energy Isolation,Low,No
V3-0959,Unsafe Act,Production Area B,lifting operation,"during the afternoon shift, at the Production Area B, a welding crew was involved in lifting operation near the pump area. The worker or crew entered the restricted area before the required authorization was confirmed. This created a situation involving exposure to an energized component. The activity was paused and the affected equipment was secured.",English,YES,Uncontrolled hazard,Control not verified,Line of Fire,High,Yes
V3-0782,Unsafe Condition,Loading Terminal,lifting operation,"during a planned maintenance window, at the Loading Terminal, a welding crew was involved in lifting operation near the tank farm. The worker or crew positioned personnel closer to the active equipment than permitted. This created a situation involving unexpected movement of equipment. The supervisor intervened before the task could continue.",English,YES,Uncontrolled hazard,Unexpected hazard identified,Confined Space,Critical,Yes
V3-0828,Near Miss,Utility Section,crane operation,"during routine field activity, at the Utility Section, the lifting team was involved in crane operation near the pipeline corridor. The worker or crew began work before the isolation status was fully verified. This created a situation involving possible release of stored energy. The activity was paused and the affected equipment was secured.",English,YES,Barrier failure,Barrier ineffective,Energy Isolation,High,Yes
V3-1381,Near Miss,Gas Processing Unit,crane operation,"during the morning shift, at the Gas Processing Unit, the electrical crew was involved in crane operation near the maintenance area. The worker or crew proceeded with the task after an unexpected change in conditions. This created a situation involving unexpected movement of equipment. The activity was paused and the affected equipment was secured.",English,YES,Energy exposure,Unsafe position observed,Line of Fire,Critical,Yes
V3-0005,Unsafe Condition,Drilling Site,vessel cleaning,"while preparing the work area, at the Drilling Site, the site team was involved in vessel cleaning near the loading point. Before the task progressed, the team reviewed the work instructions before starting. The work authorization was valid. The work proceeded without an uncontrolled change in conditions.",English,NO,No credible precursor identified,Control verified,Energy Isolation,Low,No
V3-0763,Unsafe Condition,Drilling Site,electrical maintenance,"during routine field activity, at the Drilling Site, a maintenance technician was involved in electrical maintenance near the storage area. The worker or crew continued the activity after a required barrier was found to be ineffective. This created a situation involving unexpected pressure in the process line. Work was suspended until the missing control was restored.",English,YES,Energy exposure,Unsafe position observed,Confined Space,Critical,Yes
V3-0601,Unsafe Act,Loading Terminal,pipeline repair,"before the evening shutdown, at the Loading Terminal, the inspection team was involved in pipeline repair near the utility yard. Before the task progressed, the team completed the pre-job safety discussion. The required safeguards were available. The surrounding conditions remained stable throughout the task.",English,NO,No credible precursor identified,Work area controlled,Hot Work,Routine,No
V3-0565,Unsafe Condition,Compressor Station 2,tank entry,"before the evening shutdown, at the Compressor Station 2, A routine inspection identified a small housekeeping deviation with no personnel exposure. The observation was associated with tank entry near the tank farm. The issue had no impact on the work boundary. The team corrected the issue before normal work continued.",English,NO,No credible precursor identified,Procedure followed,Hot Work,Low,No
V3-0489,Unsafe Act,Compressor Station 2,lifting operation,"during a planned maintenance window, at the Compressor Station 2, the site team was involved in lifting operation near the storage area. Before the task progressed, the team reviewed the isolation status before starting. The planned precautions were maintained. The surrounding conditions remained stable throughout the task.",English,NO,No credible precursor identified,Control verified,Line of Fire,Low,No
V3-0545,Safety Observation,Tank Farm,lifting operation,"during a planned maintenance window, at the Tank Farm, the lifting team was involved in lifting operation near the storage area. Before the task progressed, the team reviewed the work instructions before starting. The access controls remained in place. The crew completed the activity without a serious exposure.",English,NO,No credible precursor identified,No personnel exposure,Confined Space,Routine,No
V3-1497,Near Miss,Pipeline Station 3,tank entry,"while preparing the work area, at the Pipeline Station 3, the maintenance group was involved in tank entry near the electrical room. The worker or crew moved into the work area while an important safeguard was still being checked. This created a situation involving loss of separation from operating machinery. The operation was halted until the required protection was established.",English,YES,Uncontrolled hazard,Barrier ineffective,Line of Fire,Critical,Yes
V3-0623,Safety Observation,Gas Processing Unit,crane operation,"during the afternoon shift, at the Gas Processing Unit, the electrical crew was involved in crane operation near the pipeline corridor. Before the task progressed, the team inspected the surrounding area before beginning. The planned precautions were maintained. The surrounding conditions remained stable throughout the task.",English,NO,No credible precursor identified,Precaution confirmed,Energy Isolation,Low,No
V3-0961,Unsafe Condition,Compressor Station 2,vessel cleaning,"during a planned maintenance window, at the Compressor Station 2, the lifting team was involved in vessel cleaning near the production unit. The worker or crew entered the restricted area before the required authorization was confirmed. This created a situation involving movement of a vehicle through the work area. The activity was paused and the affected equipment was secured.",English,YES,Control failure,Unexpected hazard identified,Confined Space,Critical,Yes
V3-0884,Unsafe Act,Compressor Station 2,lifting operation,"during routine field activity, at the Compressor Station 2, the maintenance group was involved in lifting operation near the workshop. The worker or crew positioned personnel closer to the active equipment than permitted. This created a situation involving unexpected pressure in the process line. The area was isolated while the condition was investigated.",English,YES,Unsafe positioning,Unsafe position observed,Confined Space,Critical,Yes
V3-0220,Unsafe Act,Loading Terminal,electrical maintenance,"at the start of the work period, at the Loading Terminal, a contractor was involved in electrical maintenance near the production unit. Before the task progressed, the team completed the pre-job safety discussion. The required safeguards were available. No hazardous deviation was observed.",English,NO,No credible precursor identified,Work area controlled,Energy Isolation,Low,No
V3-0765,Unsafe Act,Compressor Station 2,welding,"shortly after the crew arrived, at the Compressor Station 2, a field operator was involved in welding near the compressor bay. The worker or crew moved into the work area while an important safeguard was still being checked. This created a situation involving unexpected pressure in the process line. The supervisor stopped the activity and moved the crew to a safe location.",English,YES,Barrier failure,Unsafe position observed,Confined Space,High,Yes
V3-0138,Safety Observation,Refinery Area A,compressor maintenance,"during a planned maintenance window, at the Refinery Area A, a welding crew was involved in compressor maintenance near the utility yard. Before the task progressed, the team reviewed the isolation status before starting. The work area remained controlled. The planned barriers remained effective during the observation.",English,NO,No credible precursor identified,Control verified,Line of Fire,Low,No
V3-0070,Unsafe Act,Pipeline Station 3,pipeline repair,"during a planned maintenance window, at the Pipeline Station 3, A worker noticed a loose hand tool on the work platform and secured it before the task began. The observation was associated with pipeline repair near the pump area. The crew maintained the required separation throughout. The team corrected the issue before normal work continued.",English,NO,No credible precursor identified,Control verified,Line of Fire,Routine,No
V3-1006,Unsafe Act,Refinery Area A,tank entry,"while preparing the work area, at the Refinery Area A, a vehicle operator was involved in tank entry near the valve station. The worker or crew started the operation while another crew was still working inside the affected area. This created a situation involving possible release of stored energy. The team withdrew from the area and reassessed the work conditions.",English,YES,Control failure,Barrier ineffective,Energy Isolation,High,Yes
V3-1071,Unsafe Act,Drilling Site,electrical maintenance,"during a planned maintenance window, at the Drilling Site, a field operator was involved in electrical maintenance near the utility yard. The worker or crew began work before the isolation status was fully verified. This created a situation involving uncontrolled movement of a suspended load. The supervisor intervened before the task could continue.",English,YES,Barrier failure,Barrier ineffective,Confined Space,Critical,Yes
V3-1256,Near Miss,Drilling Site,vessel cleaning,"during routine field activity, at the Drilling Site, a maintenance technician was involved in vessel cleaning near the maintenance area. The worker or crew started the operation while another crew was still working inside the affected area. This created a situation involving uncontrolled movement of a suspended load. The team withdrew from the area and reassessed the work conditions.",English,YES,Control failure,Barrier ineffective,Hot Work,High,Yes
V3-0498,Near Miss,Gas Processing Unit,crane operation,"before the evening shutdown, at the Gas Processing Unit, A temporary access obstruction was identified and removed before personnel entered the area. The observation was associated with crane operation near the electrical room. The crew maintained the required separation throughout. The team corrected the issue before normal work continued.",English,NO,No credible precursor identified,Procedure followed,Line of Fire,Low,No
V3-0891,Unsafe Act,Loading Terminal,tank entry,"at the start of the work period, at the Loading Terminal, the site team was involved in tank entry near the equipment bay. The worker or crew entered the restricted area before the required authorization was confirmed. This created a situation involving an unplanned change in the work environment. The operation was halted until the required protection was established.",English,YES,Energy exposure,Unexpected hazard identified,Hot Work,High,Yes
V3-0922,Unsafe Act,Pipeline Station 3,vehicle movement,"while preparing the work area, at the Pipeline Station 3, a field operator was involved in vehicle movement near the electrical room. The worker or crew continued the activity after a required barrier was found to be ineffective. This created a situation involving uncontrolled movement of a suspended load. Work was suspended until the missing control was restored.",English,YES,Uncontrolled hazard,Personnel exposed to hazard,Line of Fire,High,Yes
V3-0437,Near Miss,Loading Terminal,vehicle movement,"during the morning shift, at the Loading Terminal, a vehicle operator was involved in vehicle movement near the electrical room. Before the task progressed, the team inspected the surrounding area before beginning. The equipment was within the approved operating condition. The work proceeded without an uncontrolled change in conditions.",English,NO,No credible precursor identified,Work area controlled,Hot Work,Routine,No
V3-0566,Safety Observation,Gas Processing Unit,crane operation,"shortly after the crew arrived, at the Gas Processing Unit, the maintenance group was involved in crane operation near the process line. Before the task progressed, the team completed the pre-job safety discussion. The supervisor remained available. The planned barriers remained effective during the observation.",English,NO,No credible precursor identified,Procedure followed,Hot Work,Routine,No
V3-0882,Unsafe Condition,Compressor Station 2,grinding,"during routine field activity, at the Compressor Station 2, the site team was involved in grinding near the tank farm. The worker or crew continued preparation while a critical control remained incomplete. This created a situation involving possible release of stored energy. The supervisor intervened before the task could continue.",English,YES,Control failure,Personnel exposed to hazard,Hot Work,Critical,Yes
V3-0456,Unsafe Act,Tank Farm,tank entry,"shortly after the crew arrived, at the Tank Farm, the maintenance group was involved in tank entry near the process line. Before the task progressed, the team checked the condition of the lifting equipment. The access controls remained in place. The planned barriers remained effective during the observation.",English,NO,No credible precursor identified,Control verified,Confined Space,Low,No
V3-0934,Unsafe Act,Compressor Station 2,welding,"shortly after the crew arrived, at the Compressor Station 2, the lifting team was involved in welding near the maintenance area. The worker or crew proceeded with the task after an unexpected change in conditions. This created a situation involving movement of a vehicle through the work area. Work was suspended until the missing control was restored.",English,YES,Control failure,Unexpected hazard identified,Hot Work,Critical,Yes
V3-1205,Near Miss,Compressor Station 2,vehicle movement,"while preparing the work area, at the Compressor Station 2, the inspection team was involved in vehicle movement near the compressor bay. The worker or crew positioned personnel closer to the active equipment than permitted. This created a situation involving an active energy source that had not been fully controlled. The activity was paused and the affected equipment was secured.",English,YES,Barrier failure,Unexpected hazard identified,Confined Space,High,Yes
V3-0517,Safety Observation,Maintenance Workshop,tank entry,"before the evening shutdown, at the Maintenance Workshop, a welding crew was involved in tank entry near the pipeline corridor. Before the task progressed, the team verified the required authorization. The team stayed within the designated work area. The planned barriers remained effective during the observation.",English,NO,No credible precursor identified,Work area controlled,Line of Fire,Low,No
V3-1226,Unsafe Condition,Refinery Area A,electrical maintenance,"during the morning shift, at the Refinery Area A, the inspection team was involved in electrical maintenance near the loading point. The worker or crew started the operation while another crew was still working inside the affected area. This created a situation involving exposure to an energized component. The crew stopped work and the control measures were reviewed.",English,YES,Uncontrolled hazard,Unexpected hazard identified,Hot Work,Critical,Yes
V3-1023,Unsafe Condition,Refinery Area A,grinding,"at the start of the work period, at the Refinery Area A, a contractor was involved in grinding near the process line. The worker or crew entered the restricted area before the required authorization was confirmed. This created a situation involving possible release of stored energy. The supervisor stopped the activity and moved the crew to a safe location.",English,YES,Control failure,Unsafe position observed,Line of Fire,High,Yes
V3-1363,Unsafe Act,Tank Farm,pipeline repair,"during a planned maintenance window, at the Tank Farm, the maintenance group was involved in pipeline repair near the loading point. The worker or crew continued preparation while a critical control remained incomplete. This created a situation involving possible release of stored energy. The operation was halted until the required protection was established.",English,YES,Barrier failure,Control not verified,Line of Fire,Critical,Yes
V3-0327,Unsafe Condition,Production Area B,tank entry,"shortly after the crew arrived, at the Production Area B, a contractor was involved in tank entry near the pump area. Before the task progressed, the team verified the required authorization. The planned precautions were maintained. No significant control breakdown was identified.",English,NO,No credible precursor identified,Work area controlled,Line of Fire,Routine,No
V3-0066,Safety Observation,Drilling Site,electrical maintenance,"during a planned maintenance window, at the Drilling Site, a field operator was involved in electrical maintenance near the electrical room. Before the task progressed, the team confirmed communication with the control room. The required separation was maintained. The surrounding conditions remained stable throughout the task.",English,NO,No credible precursor identified,Precaution confirmed,Line of Fire,Routine,No
V3-0824,Near Miss,Tank Farm,tank entry,"during routine field activity, at the Tank Farm, a contractor was involved in tank entry near the process line. The worker or crew entered the restricted area before the required authorization was confirmed. This created a situation involving loss of separation from operating machinery. The crew stopped work and the control measures were reviewed.",English,YES,Barrier failure,Unsafe position observed,Confined Space,Critical,Yes
V3-1350,Unsafe Condition,Loading Terminal,tank entry,"during a planned maintenance window, at the Loading Terminal, a welding crew was involved in tank entry near the process line. The worker or crew proceeded with the task after an unexpected change in conditions. This created a situation involving possible release of stored energy. The crew stopped work and the control measures were reviewed.",English,YES,Unsafe positioning,Control not verified,Confined Space,Critical,Yes
V3-1194,Near Miss,Drilling Site,electrical maintenance,"at the start of the work period, at the Drilling Site, the inspection team was involved in electrical maintenance near the elevated work platform. The worker or crew approached the operating equipment without maintaining the expected separation. This created a situation involving an active energy source that had not been fully controlled. The operation was halted until the required protection was established.",English,YES,Unsafe positioning,Unsafe position observed,Confined Space,Critical,Yes
V3-0736,Near Miss,Tank Farm,grinding,"during routine field activity, at the Tank Farm, A temporary access obstruction was identified and removed before personnel entered the area. The observation was associated with grinding near the workshop. The crew maintained the required separation throughout. The team corrected the issue before normal work continued.",English,NO,No credible precursor identified,Precaution confirmed,Energy Isolation,Low,No
V3-0880,Near Miss,Utility Section,vehicle movement,"during a planned maintenance window, at the Utility Section, the site team was involved in vehicle movement near the process line. The worker or crew began work before the isolation status was fully verified. This created a situation involving temporary loss of a protective barrier. The supervisor stopped the activity and moved the crew to a safe location.",English,YES,Energy exposure,Personnel exposed to hazard,Confined Space,High,Yes
V3-0791,Unsafe Act,Refinery Area A,vessel cleaning,"during the afternoon shift, at the Refinery Area A, a contractor was involved in vessel cleaning near the compressor bay. The worker or crew continued the activity after a required barrier was found to be ineffective. This created a situation involving temporary loss of a protective barrier. The team withdrew from the area and reassessed the work conditions.",English,YES,Unsafe positioning,Personnel exposed to hazard,Hot Work,Critical,Yes
V3-1034,Unsafe Condition,Pipeline Station 3,vessel cleaning,"while preparing the work area, at the Pipeline Station 3, the inspection team was involved in vessel cleaning near the maintenance area. The worker or crew continued the activity after a required barrier was found to be ineffective. This created a situation involving temporary loss of a protective barrier. The supervisor stopped the activity and moved the crew to a safe location.",English,YES,Barrier failure,Unexpected hazard identified,Confined Space,Critical,Yes
V3-1203,Near Miss,Gas Processing Unit,tank entry,"before the evening shutdown, at the Gas Processing Unit, the site team was involved in tank entry near the equipment bay. The worker or crew proceeded with the task after an unexpected change in conditions. This created a situation involving uncontrolled movement of a suspended load. The crew stopped work and the control measures were reviewed.",English,YES,Control failure,Unsafe position observed,Energy Isolation,Critical,Yes
V3-1447,Near Miss,Refinery Area A,grinding,"shortly after the crew arrived, at the Refinery Area A, the maintenance group was involved in grinding near the equipment bay. The worker or crew started the task before the required control had been confirmed. This created a situation involving possible release of stored energy. The area was isolated while the condition was investigated.",English,YES,Control failure,Unexpected hazard identified,Energy Isolation,Critical,Yes
V3-1188,Unsafe Condition,Refinery Area A,vessel cleaning,"during the morning shift, at the Refinery Area A, a vehicle operator was involved in vessel cleaning near the compressor bay. The worker or crew continued preparation while a critical control remained incomplete. This created a situation involving unexpected pressure in the process line. The area was isolated while the condition was investigated.",English,YES,Barrier failure,Barrier ineffective,Line of Fire,High,Yes
V3-0924,Unsafe Act,Production Area B,welding,"at the start of the work period, at the Production Area B, a contractor was involved in welding near the tank farm. The worker or crew entered the restricted area before the required authorization was confirmed. This created a situation involving unexpected movement of equipment. The operation was halted until the required protection was established.",English,YES,Barrier failure,Unsafe position observed,Confined Space,High,Yes
V3-1459,Unsafe Condition,Loading Terminal,lifting operation,"at the start of the work period, at the Loading Terminal, a field operator was involved in lifting operation near the pump area. The worker or crew moved into the work area while an important safeguard was still being checked. This created a situation involving an unplanned change in the work environment. The team withdrew from the area and reassessed the work conditions.",English,YES,Uncontrolled hazard,Control not verified,Energy Isolation,High,Yes
V3-1242,Unsafe Condition,Refinery Area A,grinding,"during routine field activity, at the Refinery Area A, a vehicle operator was involved in grinding near the elevated work platform. The worker or crew entered the restricted area before the required authorization was confirmed. This created a situation involving unexpected pressure in the process line. The area was isolated while the condition was investigated.",English,YES,Barrier failure,Control not verified,Hot Work,High,Yes
V3-0177,Safety Observation,Production Area B,pipeline repair,"during the morning shift, at the Production Area B, a vehicle operator was involved in pipeline repair near the valve station. Before the task progressed, the team confirmed communication with the control room. The team stayed within the designated work area. The planned barriers remained effective during the observation.",English,NO,No credible precursor identified,Work area controlled,Line of Fire,Low,No
V3-0888,Unsafe Condition,Drilling Site,pipeline repair,"shortly after the crew arrived, at the Drilling Site, the electrical crew was involved in pipeline repair near the production unit. The worker or crew proceeded with the task after an unexpected change in conditions. This created a situation involving exposure to an energized component. The crew stopped work and the control measures were reviewed.",English,YES,Energy exposure,Personnel exposed to hazard,Hot Work,High,Yes
V3-1361,Unsafe Act,Production Area B,vessel cleaning,"during a planned maintenance window, at the Production Area B, the site team was involved in vessel cleaning near the elevated work platform. The worker or crew positioned personnel closer to the active equipment than permitted. This created a situation involving exposure to an energized component. The operation was halted until the required protection was established.",English,YES,Unsafe positioning,Unsafe position observed,Line of Fire,Critical,Yes
V3-1380,Unsafe Condition,Tank Farm,crane operation,"at the start of the work period, at the Tank Farm, the lifting team was involved in crane operation near the maintenance area. The worker or crew continued the activity after a required barrier was found to be ineffective. This created a situation involving loss of separation from operating machinery. The operation was halted until the required protection was established.",English,YES,Energy exposure,Unexpected hazard identified,Hot Work,Critical,Yes
V3-1118,Near Miss,Utility Section,vessel cleaning,"during the afternoon shift, at the Utility Section, the electrical crew was involved in vessel cleaning near the electrical room. The worker or crew entered the restricted area before the required authorization was confirmed. This created a situation involving temporary loss of a protective barrier. The supervisor stopped the activity and moved the crew to a safe location.",English,YES,Control failure,Unexpected hazard identified,Confined Space,Critical,Yes
V3-0973,Unsafe Condition,Utility Section,vessel cleaning,"while preparing the work area, at the Utility Section, a contractor was involved in vessel cleaning near the loading point. The worker or crew started the task before the required control had been confirmed. This created a situation involving an active energy source that had not been fully controlled. The team withdrew from the area and reassessed the work conditions.",English,YES,Control failure,Barrier ineffective,Line of Fire,Critical,Yes
V3-0309,Unsafe Condition,Tank Farm,pipeline repair,"at the start of the work period, at the Tank Farm, the site team was involved in pipeline repair near the equipment bay. Before the task progressed, the team checked the condition of the lifting equipment. The access controls remained in place. No significant control breakdown was identified.",English,NO,No credible precursor identified,Work area controlled,Energy Isolation,Low,No
V3-1475,Unsafe Condition,Pipeline Station 3,crane operation,"during the afternoon shift, at the Pipeline Station 3, a field operator was involved in crane operation near the elevated work platform. The worker or crew continued preparation while a critical control remained incomplete. This created a situation involving exposure to an energized component. The activity was paused and the affected equipment was secured.",English,YES,Uncontrolled hazard,Barrier ineffective,Confined Space,High,Yes
V3-0547,Unsafe Act,Drilling Site,lifting operation,"before the evening shutdown, at the Drilling Site, the lifting team was involved in lifting operation near the process line. Before the task progressed, the team confirmed the work boundary with the supervisor. The approved sequence was followed. The work proceeded without an uncontrolled change in conditions.",English,NO,No credible precursor identified,Procedure followed,Energy Isolation,Low,No
V3-1335,Near Miss,Maintenance Workshop,vehicle movement,"during routine field activity, at the Maintenance Workshop, a maintenance technician was involved in vehicle movement near the elevated work platform. The worker or crew began work before the isolation status was fully verified. This created a situation involving unexpected movement of equipment. Work was suspended until the missing control was restored.",English,YES,Unsafe positioning,Personnel exposed to hazard,Energy Isolation,High,Yes
V3-1331,Unsafe Condition,Drilling Site,welding,"at the start of the work period, at the Drilling Site, the site team was involved in welding near the elevated work platform. The worker or crew moved into the work area while an important safeguard was still being checked. This created a situation involving exposure to an energized component. The crew stopped work and the control measures were reviewed.",English,YES,Uncontrolled hazard,Unexpected hazard identified,Confined Space,High,Yes
V3-1135,Unsafe Act,Drilling Site,crane operation,"while preparing the work area, at the Drilling Site, the inspection team was involved in crane operation near the storage area. The worker or crew proceeded with the task after an unexpected change in conditions. This created a situation involving an unplanned change in the work environment. Work was suspended until the missing control was restored.",English,YES,Barrier failure,Unexpected hazard identified,Line of Fire,High,Yes
V3-1403,Unsafe Act,Loading Terminal,welding,"during the afternoon shift, at the Loading Terminal, a welding crew was involved in welding near the equipment bay. The worker or crew entered the restricted area before the required authorization was confirmed. This created a situation involving an unplanned change in the work environment. The supervisor stopped the activity and moved the crew to a safe location.",English,YES,Unsafe positioning,Barrier ineffective,Energy Isolation,Critical,Yes
V3-1145,Unsafe Act,Drilling Site,grinding,"during the afternoon shift, at the Drilling Site, a field operator was involved in grinding near the process line. The worker or crew entered the restricted area before the required authorization was confirmed. This created a situation involving an active energy source that had not been fully controlled. The supervisor intervened before the task could continue.",English,YES,Barrier failure,Control not verified,Hot Work,High,Yes
V3-1167,Unsafe Condition,Maintenance Workshop,tank entry,"shortly after the crew arrived, at the Maintenance Workshop, the lifting team was involved in tank entry near the compressor bay. The worker or crew approached the operating equipment without maintaining the expected separation. This created a situation involving unexpected movement of equipment. The crew stopped work and the control measures were reviewed.",English,YES,Energy exposure,Control not verified,Hot Work,High,Yes
V3-0396,Near Miss,Maintenance Workshop,tank entry,"during the morning shift, at the Maintenance Workshop, a welding crew was involved in tank entry near the elevated work platform. Before the task progressed, the team confirmed the work boundary with the supervisor. The access controls remained in place. The observation did not identify a credible high-consequence exposure.",English,NO,No credible precursor identified,Control verified,Hot Work,Routine,No
V3-0872,Near Miss,Tank Farm,pipeline repair,"at the start of the work period, at the Tank Farm, the maintenance group was involved in pipeline repair near the loading point. The worker or crew continued the activity after a required barrier was found to be ineffective. This created a situation involving unexpected movement of equipment. The area was isolated while the condition was investigated.",English,YES,Barrier failure,Unexpected hazard identified,Confined Space,High,Yes
V3-1253,Unsafe Condition,Maintenance Workshop,vehicle movement,"shortly after the crew arrived, at the Maintenance Workshop, the site team was involved in vehicle movement near the valve station. The worker or crew started the operation while another crew was still working inside the affected area. This created a situation involving temporary loss of a protective barrier. Work was suspended until the missing control was restored.",English,YES,Control failure,Control not verified,Line of Fire,High,Yes
V3-0513,Safety Observation,Loading Terminal,vehicle movement,"during the morning shift, at the Loading Terminal, a contractor was involved in vehicle movement near the valve station. Before the task progressed, the team reviewed the work instructions before starting. The approved sequence was followed. The activity continued under the planned controls.",English,NO,No credible precursor identified,No personnel exposure,Line of Fire,Low,No
V3-0816,Unsafe Act,Tank Farm,welding,"during routine field activity, at the Tank Farm, a vehicle operator was involved in welding near the production unit. The worker or crew positioned personnel closer to the active equipment than permitted. This created a situation involving an active energy source that had not been fully controlled. The area was isolated while the condition was investigated.",English,YES,Energy exposure,Personnel exposed to hazard,Confined Space,High,Yes
V3-0457,Unsafe Condition,Refinery Area A,compressor maintenance,"while preparing the work area, at the Refinery Area A, a maintenance technician was involved in compressor maintenance near the loading point. Before the task progressed, the team verified the required authorization. The team stayed within the designated work area. The planned barriers remained effective during the observation.",English,NO,No credible precursor identified,Control verified,Energy Isolation,Low,No
V3-0687,Unsafe Act,Tank Farm,electrical maintenance,"while preparing the work area, at the Tank Farm, the maintenance group was involved in electrical maintenance near the workshop. Before the task progressed, the team reviewed the work instructions before starting. The approved sequence was followed. No hazardous deviation was observed.",English,NO,No credible precursor identified,Control verified,Line of Fire,Routine,No
V3-1201,Near Miss,Compressor Station 2,vessel cleaning,"before the evening shutdown, at the Compressor Station 2, a field operator was involved in vessel cleaning near the pipeline corridor. The worker or crew started the task before the required control had been confirmed. This created a situation involving temporary loss of a protective barrier. The activity was paused and the affected equipment was secured.",English,YES,Energy exposure,Unexpected hazard identified,Energy Isolation,High,Yes
V3-0232,Near Miss,Production Area B,lifting operation,"while preparing the work area, at the Production Area B, A temporary access obstruction was identified and removed before personnel entered the area. The observation was associated with lifting operation near the workshop. The crew maintained the required separation throughout. The team corrected the issue before normal work continued.",English,NO,No credible precursor identified,Procedure followed,Confined Space,Routine,No
V3-0302,Unsafe Act,Tank Farm,pipeline repair,"at the start of the work period, at the Tank Farm, A small housekeeping issue was observed beside the work area and was corrected immediately. The observation was associated with pipeline repair near the pump area. The condition was corrected before it could affect the work. The team corrected the issue before normal work continued.",English,NO,No credible precursor identified,Precaution confirmed,Confined Space,Low,No
V3-0735,Near Miss,Pipeline Station 3,crane operation,"during the afternoon shift, at the Pipeline Station 3, the inspection team was involved in crane operation near the compressor bay. Before the task progressed, the team inspected the surrounding area before beginning. The planned precautions were maintained. The activity continued under the planned controls.",English,NO,No credible precursor identified,Precaution confirmed,Confined Space,Routine,No
V3-0753,Near Miss,Loading Terminal,compressor maintenance,"during a planned maintenance window, at the Loading Terminal, a maintenance technician was involved in compressor maintenance near the elevated work platform. The worker or crew moved into the work area while an important safeguard was still being checked. This created a situation involving temporary loss of a protective barrier. The operation was halted until the required protection was established.",English,YES,Uncontrolled hazard,Unsafe position observed,Line of Fire,High,Yes
V3-0668,Unsafe Act,Compressor Station 2,lifting operation,"while preparing the work area, at the Compressor Station 2, a maintenance technician was involved in lifting operation near the loading point. Before the task progressed, the team checked the condition of the lifting equipment. The supervisor remained available. The work proceeded without an uncontrolled change in conditions.",English,NO,No credible precursor identified,Control verified,Line of Fire,Low,No
V3-0451,Near Miss,Maintenance Workshop,pipeline repair,"shortly after the crew arrived, at the Maintenance Workshop, a field operator was involved in pipeline repair near the valve station. Before the task progressed, the team confirmed the work boundary with the supervisor. The work area remained controlled. The observation did not identify a credible high-consequence exposure.",English,NO,No credible precursor identified,No personnel exposure,Line of Fire,Low,No
V3-0602,Unsafe Act,Utility Section,lifting operation,"while preparing the work area, at the Utility Section, the lifting team was involved in lifting operation near the maintenance area. Before the task progressed, the team reviewed the work instructions before starting. The required safeguards were available. No hazardous deviation was observed.",English,NO,No credible precursor identified,Precaution confirmed,Energy Isolation,Low,No
V3-0186,Unsafe Act,Tank Farm,pipeline repair,"during a planned maintenance window, at the Tank Farm, A small housekeeping issue was observed beside the work area and was corrected immediately. The observation was associated with pipeline repair near the workshop. The affected item was outside the active work path. The team corrected the issue before normal work continued.",English,NO,No credible precursor identified,No personnel exposure,Line of Fire,Low,No
V3-0750,Unsafe Act,Maintenance Workshop,electrical maintenance,"during the morning shift, at the Maintenance Workshop, a welding crew was involved in electrical maintenance near the loading point. Before the task progressed, the team confirmed that the access route was clear. The approved sequence was followed. The activity continued under the planned controls.",English,NO,No credible precursor identified,Control verified,Hot Work,Routine,No
V3-0460,Near Miss,Gas Processing Unit,electrical maintenance,"during the morning shift, at the Gas Processing Unit, a vehicle operator was involved in electrical maintenance near the pipeline corridor. Before the task progressed, the team reviewed the work instructions before starting. The approved sequence was followed. No significant control breakdown was identified.",English,NO,No credible precursor identified,Procedure followed,Energy Isolation,Low,No
V3-0916,Unsafe Act,Tank Farm,vessel cleaning,"before the evening shutdown, at the Tank Farm, the electrical crew was involved in vessel cleaning near the compressor bay. The worker or crew moved into the work area while an important safeguard was still being checked. This created a situation involving an active energy source that had not been fully controlled. The crew stopped work and the control measures were reviewed.",English,YES,Uncontrolled hazard,Personnel exposed to hazard,Hot Work,Critical,Yes
V3-0472,Unsafe Act,Tank Farm,vessel cleaning,"during the morning shift, at the Tank Farm, the site team was involved in vessel cleaning near the valve station. Before the task progressed, the team inspected the surrounding area before beginning. The supervisor remained available. The planned barriers remained effective during the observation.",English,NO,No credible precursor identified,Control verified,Line of Fire,Low,No
V3-0069,Near Miss,Utility Section,compressor maintenance,"while preparing the work area, at the Utility Section, the inspection team was involved in compressor maintenance near the elevated work platform. Before the task progressed, the team confirmed that the access route was clear. The required safeguards were available. The work proceeded without an uncontrolled change in conditions.",English,NO,No credible precursor identified,Control verified,Hot Work,Routine,No
V3-0398,Unsafe Condition,Loading Terminal,compressor maintenance,"during a planned maintenance window, at the Loading Terminal, A temporary access obstruction was identified and removed before personnel entered the area. The observation was associated with compressor maintenance near the tank farm. The task had not started when the issue was identified. The team corrected the issue before normal work continued.",English,NO,No credible precursor identified,Procedure followed,Confined Space,Low,No
V3-1129,Unsafe Condition,Gas Processing Unit,grinding,"during a planned maintenance window, at the Gas Processing Unit, the maintenance group was involved in grinding near the maintenance area. The worker or crew continued the activity after a required barrier was found to be ineffective. This created a situation involving an unplanned change in the work environment. The team withdrew from the area and reassessed the work conditions.",English,YES,Barrier failure,Unexpected hazard identified,Line of Fire,High,Yes
V3-0522,Unsafe Act,Refinery Area A,pipeline repair,"at the start of the work period, at the Refinery Area A, a contractor was involved in pipeline repair near the storage area. Before the task progressed, the team confirmed communication with the control room. The required safeguards were available. The work proceeded without an uncontrolled change in conditions.",English,NO,No credible precursor identified,Precaution confirmed,Energy Isolation,Routine,No
V3-1207,Unsafe Condition,Compressor Station 2,lifting operation,"during routine field activity, at the Compressor Station 2, the maintenance group was involved in lifting operation near the equipment bay. The worker or crew started the task before the required control had been confirmed. This created a situation involving exposure to an energized component. The supervisor intervened before the task could continue.",English,YES,Energy exposure,Control not verified,Energy Isolation,High,Yes
V3-0167,Unsafe Act,Maintenance Workshop,crane operation,"before the evening shutdown, at the Maintenance Workshop, the site team was involved in crane operation near the utility yard. Before the task progressed, the team reviewed the work instructions before starting. The planned precautions were maintained. The crew completed the activity without a serious exposure.",English,NO,No credible precursor identified,No personnel exposure,Energy Isolation,Routine,No
V3-0991,Unsafe Condition,Loading Terminal,vessel cleaning,"shortly after the crew arrived, at the Loading Terminal, the maintenance group was involved in vessel cleaning near the workshop. The worker or crew continued the activity after a required barrier was found to be ineffective. This created a situation involving an unplanned change in the work environment. The activity was paused and the affected equipment was secured.",English,YES,Uncontrolled hazard,Control not verified,Hot Work,Critical,Yes
V3-0660,Near Miss,Tank Farm,welding,"during the morning shift, at the Tank Farm, A worker reported a minor equipment defect that did not affect the active task and the item was tagged for follow-up. The observation was associated with welding near the pipeline corridor. The equipment remained isolated from personnel activity. The team corrected the issue before normal work continued.",English,NO,No credible precursor identified,Precaution confirmed,Energy Isolation,Low,No
V3-1375,Unsafe Act,Utility Section,vessel cleaning,"during routine field activity, at the Utility Section, the lifting team was involved in vessel cleaning near the workshop. The worker or crew approached the operating equipment without maintaining the expected separation. This created a situation involving unexpected pressure in the process line. Work was suspended until the missing control was restored.",English,YES,Control failure,Unsafe position observed,Line of Fire,Critical,Yes
V3-0014,Unsafe Act,Utility Section,vehicle movement,"before the evening shutdown, at the Utility Section, A temporary access obstruction was identified and removed before personnel entered the area. The observation was associated with vehicle movement near the electrical room. The issue had no impact on the work boundary. The team corrected the issue before normal work continued.",English,NO,No credible precursor identified,Work area controlled,Line of Fire,Routine,No
V3-0224,Unsafe Condition,Maintenance Workshop,lifting operation,"while preparing the work area, at the Maintenance Workshop, the site team was involved in lifting operation near the compressor bay. Before the task progressed, the team completed the pre-job safety discussion. The work area remained controlled. The surrounding conditions remained stable throughout the task.",English,NO,No credible precursor identified,Procedure followed,Confined Space,Routine,No
V3-0633,Near Miss,Utility Section,grinding,"while preparing the work area, at the Utility Section, A temporary access obstruction was identified and removed before personnel entered the area. The observation was associated with grinding near the electrical room. The task had not started when the issue was identified. The team corrected the issue before normal work continued.",English,NO,No credible precursor identified,Work area controlled,Confined Space,Routine,No
V3-1358,Unsafe Act,Tank Farm,tank entry,"during a planned maintenance window, at the Tank Farm, a contractor was involved in tank entry near the elevated work platform. The worker or crew began work before the isolation status was fully verified. This created a situation involving possible release of stored energy. The crew stopped work and the control measures were reviewed.",English,YES,Energy exposure,Barrier ineffective,Hot Work,High,Yes
V3-1248,Near Miss,Drilling Site,tank entry,"during routine field activity, at the Drilling Site, a welding crew was involved in tank entry near the elevated work platform. The worker or crew approached the operating equipment without maintaining the expected separation. This created a situation involving loss of separation from operating machinery. The activity was paused and the affected equipment was secured.",English,YES,Energy exposure,Unexpected hazard identified,Hot Work,High,Yes
V3-1263,Unsafe Condition,Loading Terminal,vessel cleaning,"at the start of the work period, at the Loading Terminal, a maintenance technician was involved in vessel cleaning near the loading point. The worker or crew continued the activity after a required barrier was found to be ineffective. This created a situation involving uncontrolled movement of a suspended load. The supervisor intervened before the task could continue.",English,YES,Energy exposure,Unexpected hazard identified,Line of Fire,High,Yes
V3-0549,Near Miss,Compressor Station 2,vehicle movement,"shortly after the crew arrived, at the Compressor Station 2, the maintenance group was involved in vehicle movement near the workshop. Before the task progressed, the team completed the pre-job safety discussion. The required safeguards were available. The activity continued under the planned controls.",English,NO,No credible precursor identified,Control verified,Hot Work,Low,No
V3-0229,Safety Observation,Refinery Area A,tank entry,"at the start of the work period, at the Refinery Area A, a contractor was involved in tank entry near the tank farm. Before the task progressed, the team reviewed the isolation status before starting. The access controls remained in place. The work proceeded without an uncontrolled change in conditions.",English,NO,No credible precursor identified,Control verified,Hot Work,Routine,No
V3-0745,Unsafe Act,Loading Terminal,compressor maintenance,"while preparing the work area, at the Loading Terminal, a field operator was involved in compressor maintenance near the electrical room. Before the task progressed, the team checked the condition of the equipment before use. The team stayed within the designated work area. The surrounding conditions remained stable throughout the task.",English,NO,No credible precursor identified,No personnel exposure,Energy Isolation,Routine,No
V3-0268,Safety Observation,Pipeline Station 3,vessel cleaning,"during a planned maintenance window, at the Pipeline Station 3, A worker reported a minor equipment defect that did not affect the active task and the item was tagged for follow-up. The observation was associated with vessel cleaning near the pipeline corridor. The affected item was outside the active work path. The team corrected the issue before normal work continued.",English,NO,No credible precursor identified,Work area controlled,Energy Isolation,Routine,No
V3-0846,Unsafe Act,Pipeline Station 3,vehicle movement,"during the morning shift, at the Pipeline Station 3, a welding crew was involved in vehicle movement near the workshop. The worker or crew started the task before the required control had been confirmed. This created a situation involving unexpected pressure in the process line. The operation was halted until the required protection was established.",English,YES,Barrier failure,Unsafe position observed,Hot Work,High,Yes
V3-0794,Unsafe Act,Drilling Site,grinding,"during the afternoon shift, at the Drilling Site, the inspection team was involved in grinding near the workshop. The worker or crew approached the operating equipment without maintaining the expected separation. This created a situation involving an unplanned change in the work environment. The crew stopped work and the control measures were reviewed.",English,YES,Unsafe positioning,Unexpected hazard identified,Line of Fire,High,Yes
V3-1154,Unsafe Act,Gas Processing Unit,grinding,"during a planned maintenance window, at the Gas Processing Unit, a welding crew was involved in grinding near the utility yard. The worker or crew positioned personnel closer to the active equipment than permitted. This created a situation involving movement of a vehicle through the work area. The team withdrew from the area and reassessed the work conditions.",English,YES,Energy exposure,Control not verified,Energy Isolation,High,Yes
V3-0692,Unsafe Condition,Refinery Area A,vessel cleaning,"during routine field activity, at the Refinery Area A, A worker noticed a loose hand tool on the work platform and secured it before the task began. The observation was associated with vessel cleaning near the compressor bay. The affected item was outside the active work path. The team corrected the issue before normal work continued.",English,NO,No credible precursor identified,Precaution confirmed,Line of Fire,Low,No
V3-0068,Unsafe Condition,Compressor Station 2,compressor maintenance,"before the evening shutdown, at the Compressor Station 2, a field operator was involved in compressor maintenance near the tank farm. Before the task progressed, the team confirmed communication with the control room. The work area remained controlled. No significant control breakdown was identified.",English,NO,No credible precursor identified,Control verified,Line of Fire,Routine,No
V3-0989,Unsafe Condition,Maintenance Workshop,vessel cleaning,"during a planned maintenance window, at the Maintenance Workshop, the electrical crew was involved in vessel cleaning near the pump area. The worker or crew began work before the isolation status was fully verified. This created a situation involving an active energy source that had not been fully controlled. Work was suspended until the missing control was restored.",English,YES,Control failure,Unsafe position observed,Hot Work,High,Yes
V3-0117,Unsafe Act,Production Area B,pipeline repair,"during the afternoon shift, at the Production Area B, a field operator was involved in pipeline repair near the maintenance area. Before the task progressed, the team confirmed that the access route was clear. The planned precautions were maintained. The work proceeded without an uncontrolled change in conditions.",English,NO,No credible precursor identified,No personnel exposure,Hot Work,Routine,No
V3-0558,Unsafe Act,Production Area B,electrical maintenance,"while preparing the work area, at the Production Area B, the inspection team was involved in electrical maintenance near the electrical room. Before the task progressed, the team checked the condition of the lifting equipment. The equipment was within the approved operating condition. No hazardous deviation was observed.",English,NO,No credible precursor identified,Work area controlled,Hot Work,Routine,No
V3-1234,Unsafe Condition,Drilling Site,tank entry,"shortly after the crew arrived, at the Drilling Site, a field operator was involved in tank entry near the utility yard. The worker or crew started the operation while another crew was still working inside the affected area. This created a situation involving unexpected movement of equipment. The team withdrew from the area and reassessed the work conditions.",English,YES,Uncontrolled hazard,Personnel exposed to hazard,Energy Isolation,High,Yes
V3-0298,Unsafe Condition,Utility Section,lifting operation,"during routine field activity, at the Utility Section, a field operator was involved in lifting operation near the utility yard. Before the task progressed, the team checked the condition of the equipment before use. The planned precautions were maintained. The observation did not identify a credible high-consequence exposure.",English,NO,No credible precursor identified,Precaution confirmed,Confined Space,Routine,No
V3-1266,Unsafe Act,Loading Terminal,crane operation,"during the morning shift, at the Loading Terminal, the site team was involved in crane operation near the pump area. The worker or crew started the operation while another crew was still working inside the affected area. This created a situation involving an unplanned change in the work environment. The crew stopped work and the control measures were reviewed.",English,YES,Uncontrolled hazard,Personnel exposed to hazard,Line of Fire,High,Yes
V3-0048,Unsafe Act,Utility Section,tank entry,"while preparing the work area, at the Utility Section, A warning sign had shifted from its original position and was restored before work started. The observation was associated with tank entry near the valve station. The issue had no impact on the work boundary. The team corrected the issue before normal work continued.",English,NO,No credible precursor identified,Procedure followed,Energy Isolation,Low,No
V3-0705,Unsafe Act,Production Area B,electrical maintenance,"during the morning shift, at the Production Area B, A warning sign had shifted from its original position and was restored before work started. The observation was associated with electrical maintenance near the tank farm. The task had not started when the issue was identified. The team corrected the issue before normal work continued.",English,NO,No credible precursor identified,Control verified,Line of Fire,Routine,No
V3-0265,Near Miss,Production Area B,crane operation,"during routine field activity, at the Production Area B, a field operator was involved in crane operation near the compressor bay. Before the task progressed, the team reviewed the work instructions before starting. The planned precautions were maintained. The work proceeded without an uncontrolled change in conditions.",English,NO,No credible precursor identified,Procedure followed,Confined Space,Routine,No
V3-0875,Unsafe Condition,Refinery Area A,tank entry,"before the evening shutdown, at the Refinery Area A, the electrical crew was involved in tank entry near the pipeline corridor. The worker or crew proceeded with the task after an unexpected change in conditions. This created a situation involving loss of separation from operating machinery. The operation was halted until the required protection was established.",English,YES,Uncontrolled hazard,Barrier ineffective,Energy Isolation,High,Yes
V3-0455,Safety Observation,Compressor Station 2,compressor maintenance,"at the start of the work period, at the Compressor Station 2, the electrical crew was involved in compressor maintenance near the electrical room. Before the task progressed, the team reviewed the work instructions before starting. The equipment was within the approved operating condition. The activity continued under the planned controls.",English,NO,No credible precursor identified,No personnel exposure,Line of Fire,Routine,No
V3-0435,Safety Observation,Maintenance Workshop,vessel cleaning,"during a planned maintenance window, at the Maintenance Workshop, the inspection team was involved in vessel cleaning near the pipeline corridor. Before the task progressed, the team confirmed communication with the control room. The required separation was maintained. No hazardous deviation was observed.",English,NO,No credible precursor identified,Work area controlled,Energy Isolation,Routine,No
V3-0606,Safety Observation,Loading Terminal,lifting operation,"during routine field activity, at the Loading Terminal, a field operator was involved in lifting operation near the pipeline corridor. Before the task progressed, the team confirmed the work boundary with the supervisor. The team stayed within the designated work area. No hazardous deviation was observed.",English,NO,No credible precursor identified,Precaution confirmed,Hot Work,Routine,No
V3-0636,Safety Observation,Tank Farm,tank entry,"before the evening shutdown, at the Tank Farm, a maintenance technician was involved in tank entry near the loading point. Before the task progressed, the team inspected the surrounding area before beginning. The required safeguards were available. The observation did not identify a credible high-consequence exposure.",English,NO,No credible precursor identified,Control verified,Line of Fire,Routine,No
V3-0680,Near Miss,Production Area B,vehicle movement,"at the start of the work period, at the Production Area B, the site team was involved in vehicle movement near the maintenance area. Before the task progressed, the team reviewed the isolation status before starting. The required separation was maintained. The work proceeded without an uncontrolled change in conditions.",English,NO,No credible precursor identified,No personnel exposure,Line of Fire,Routine,No
V3-1073,Near Miss,Drilling Site,vessel cleaning,"while preparing the work area, at the Drilling Site, the lifting team was involved in vessel cleaning near the tank farm. The worker or crew moved into the work area while an important safeguard was still being checked. This created a situation involving an active energy source that had not been fully controlled. The team withdrew from the area and reassessed the work conditions.",English,YES,Energy exposure,Unexpected hazard identified,Hot Work,High,Yes
V3-0744,Near Miss,Pipeline Station 3,electrical maintenance,"during a planned maintenance window, at the Pipeline Station 3, A temporary access obstruction was identified and removed before personnel entered the area. The observation was associated with electrical maintenance near the process line. The observation involved housekeeping rather than an active energy source. The team corrected the issue before normal work continued.",English,NO,No credible precursor identified,Work area controlled,Hot Work,Low,No
V3-0417,Unsafe Act,Maintenance Workshop,lifting operation,"during routine field activity, at the Maintenance Workshop, the maintenance group was involved in lifting operation near the workshop. Before the task progressed, the team verified the required authorization. The equipment was within the approved operating condition. The crew completed the activity without a serious exposure.",English,NO,No credible precursor identified,No personnel exposure,Line of Fire,Low,No
V3-0203,Unsafe Condition,Refinery Area A,compressor maintenance,"during the morning shift, at the Refinery Area A, the site team was involved in compressor maintenance near the elevated work platform. Before the task progressed, the team confirmed the work boundary with the supervisor. The approved sequence was followed. The planned barriers remained effective during the observation.",English,NO,No credible precursor identified,Procedure followed,Confined Space,Low,No
V3-0732,Unsafe Act,Production Area B,electrical maintenance,"during routine field activity, at the Production Area B, A small housekeeping issue was observed beside the work area and was corrected immediately. The observation was associated with electrical maintenance near the workshop. The condition was corrected before it could affect the work. The team corrected the issue before normal work continued.",English,NO,No credible precursor identified,Control verified,Energy Isolation,Low,No
V3-0118,Unsafe Act,Tank Farm,lifting operation,"at the start of the work period, at the Tank Farm, a maintenance technician was involved in lifting operation near the process line. Before the task progressed, the team completed the pre-job safety discussion. The required separation was maintained. The planned barriers remained effective during the observation.",English,NO,No credible precursor identified,Work area controlled,Energy Isolation,Routine,No
V3-0317,Unsafe Act,Refinery Area A,grinding,"at the start of the work period, at the Refinery Area A, A routine inspection identified a small housekeeping deviation with no personnel exposure. The observation was associated with grinding near the electrical room. The observation involved housekeeping rather than an active energy source. The team corrected the issue before normal work continued.",English,NO,No credible precursor identified,Work area controlled,Line of Fire,Low,No
V3-0071,Safety Observation,Utility Section,compressor maintenance,"shortly after the crew arrived, at the Utility Section, A routine inspection identified a small housekeeping deviation with no personnel exposure. The observation was associated with compressor maintenance near the storage area. The crew maintained the required separation throughout. The team corrected the issue before normal work continued.",English,NO,No credible precursor identified,Procedure followed,Energy Isolation,Routine,No
V3-0320,Safety Observation,Tank Farm,crane operation,"before the evening shutdown, at the Tank Farm, the lifting team was involved in crane operation near the storage area. Before the task progressed, the team verified the required authorization. The required safeguards were available. The work proceeded without an uncontrolled change in conditions.",English,NO,No credible precursor identified,Precaution confirmed,Hot Work,Routine,No
V3-0379,Near Miss,Production Area B,grinding,"before the evening shutdown, at the Production Area B, the inspection team was involved in grinding near the production unit. Before the task progressed, the team confirmed communication with the control room. The work authorization was valid. No hazardous deviation was observed.",English,NO,No credible precursor identified,Control verified,Confined Space,Low,No
V3-0021,Unsafe Act,Maintenance Workshop,electrical maintenance,"shortly after the crew arrived, at the Maintenance Workshop, A small housekeeping issue was observed beside the work area and was corrected immediately. The observation was associated with electrical maintenance near the utility yard. The condition was corrected before it could affect the work. The team corrected the issue before normal work continued.",English,NO,No credible precursor identified,Procedure followed,Hot Work,Low,No
V3-0470,Unsafe Condition,Tank Farm,vessel cleaning,"during routine field activity, at the Tank Farm, the maintenance group was involved in vessel cleaning near the equipment bay. Before the task progressed, the team confirmed communication with the control room. The work area remained controlled. No significant control breakdown was identified.",English,NO,No credible precursor identified,Procedure followed,Confined Space,Routine,No
V3-0210,Safety Observation,Refinery Area A,lifting operation,"during a planned maintenance window, at the Refinery Area A, a contractor was involved in lifting operation near the tank farm. Before the task progressed, the team completed the pre-job safety discussion. The team stayed within the designated work area. The surrounding conditions remained stable throughout the task.",English,NO,No credible precursor identified,Procedure followed,Confined Space,Routine,No
V3-1291,Near Miss,Drilling Site,crane operation,"during a planned maintenance window, at the Drilling Site, a vehicle operator was involved in crane operation near the maintenance area. The worker or crew approached the operating equipment without maintaining the expected separation. This created a situation involving exposure to an energized component. The supervisor stopped the activity and moved the crew to a safe location.",English,YES,Energy exposure,Unexpected hazard identified,Hot Work,High,Yes
V3-0576,Unsafe Act,Tank Farm,compressor maintenance,"during a planned maintenance window, at the Tank Farm, the lifting team was involved in compressor maintenance near the maintenance area. Before the task progressed, the team confirmed communication with the control room. The planned precautions were maintained. The activity continued under the planned controls.",English,NO,No credible precursor identified,Precaution confirmed,Confined Space,Routine,No
V3-1122,Near Miss,Pipeline Station 3,crane operation,"while preparing the work area, at the Pipeline Station 3, the lifting team was involved in crane operation near the electrical room. The worker or crew began work before the isolation status was fully verified. This created a situation involving possible release of stored energy. The operation was halted until the required protection was established.",English,YES,Uncontrolled hazard,Barrier ineffective,Confined Space,High,Yes
V3-0090,Unsafe Condition,Pipeline Station 3,pipeline repair,"during a planned maintenance window, at the Pipeline Station 3, a field operator was involved in pipeline repair near the production unit. Before the task progressed, the team confirmed communication with the control room. The planned precautions were maintained. No hazardous deviation was observed.",English,NO,No credible precursor identified,No personnel exposure,Hot Work,Low,No
V3-1196,Unsafe Condition,Maintenance Workshop,welding,"during routine field activity, at the Maintenance Workshop, the inspection team was involved in welding near the production unit. The worker or crew continued preparation while a critical control remained incomplete. This created a situation involving an active energy source that had not been fully controlled. The area was isolated while the condition was investigated.",English,YES,Control failure,Unexpected hazard identified,Confined Space,High,Yes
V3-0273,Near Miss,Maintenance Workshop,lifting operation,"during a planned maintenance window, at the Maintenance Workshop, the site team was involved in lifting operation near the tank farm. Before the task progressed, the team confirmed that the access route was clear. The team stayed within the designated work area. The work proceeded without an uncontrolled change in conditions.",English,NO,No credible precursor identified,Work area controlled,Energy Isolation,Routine,No
V3-1353,Unsafe Act,Compressor Station 2,electrical maintenance,"during the afternoon shift, at the Compressor Station 2, the maintenance group was involved in electrical maintenance near the pipeline corridor. The worker or crew proceeded with the task after an unexpected change in conditions. This created a situation involving an unplanned change in the work environment. The operation was halted until the required protection was established.",English,YES,Uncontrolled hazard,Personnel exposed to hazard,Line of Fire,High,Yes
V3-0621,Near Miss,Loading Terminal,vehicle movement,"at the start of the work period, at the Loading Terminal, A temporary access obstruction was identified and removed before personnel entered the area. The observation was associated with vehicle movement near the utility yard. No person was exposed to the condition. The team corrected the issue before normal work continued.",English,NO,No credible precursor identified,Control verified,Line of Fire,Low,No
V3-1057,Near Miss,Pipeline Station 3,tank entry,"shortly after the crew arrived, at the Pipeline Station 3, a welding crew was involved in tank entry near the valve station. The worker or crew proceeded with the task after an unexpected change in conditions. This created a situation involving movement of a vehicle through the work area. Work was suspended until the missing control was restored.",English,YES,Energy exposure,Unsafe position observed,Confined Space,High,Yes
V3-0183,Unsafe Condition,Compressor Station 2,compressor maintenance,"during the afternoon shift, at the Compressor Station 2, the electrical crew was involved in compressor maintenance near the pipeline corridor. Before the task progressed, the team confirmed the work boundary with the supervisor. The work authorization was valid. No hazardous deviation was observed.",English,NO,No credible precursor identified,Precaution confirmed,Confined Space,Low,No
V3-0769,Unsafe Condition,Drilling Site,lifting operation,"during the afternoon shift, at the Drilling Site, a vehicle operator was involved in lifting operation near the tank farm. The worker or crew started the operation while another crew was still working inside the affected area. This created a situation involving an active energy source that had not been fully controlled. The supervisor intervened before the task could continue.",English,YES,Control failure,Unexpected hazard identified,Hot Work,High,Yes
V3-1123,Unsafe Act,Compressor Station 2,grinding,"at the start of the work period, at the Compressor Station 2, a welding crew was involved in grinding near the storage area. The worker or crew entered the restricted area before the required authorization was confirmed. This created a situation involving an unplanned change in the work environment. The activity was paused and the affected equipment was secured.",English,YES,Control failure,Unexpected hazard identified,Hot Work,High,Yes
V3-0509,Safety Observation,Gas Processing Unit,electrical maintenance,"shortly after the crew arrived, at the Gas Processing Unit, A routine inspection identified a small housekeeping deviation with no personnel exposure. The observation was associated with electrical maintenance near the valve station. The observation involved housekeeping rather than an active energy source. The team corrected the issue before normal work continued.",English,NO,No credible precursor identified,Procedure followed,Confined Space,Low,No
V3-0023,Unsafe Act,Drilling Site,tank entry,"while preparing the work area, at the Drilling Site, the inspection team was involved in tank entry near the process line. Before the task progressed, the team completed the pre-job safety discussion. The required safeguards were available. The surrounding conditions remained stable throughout the task.",English,NO,No credible precursor identified,No personnel exposure,Line of Fire,Low,No
V3-1063,Unsafe Condition,Refinery Area A,grinding,"shortly after the crew arrived, at the Refinery Area A, the maintenance group was involved in grinding near the production unit. The worker or crew approached the operating equipment without maintaining the expected separation. This created a situation involving unexpected pressure in the process line. The supervisor intervened before the task could continue.",English,YES,Control failure,Unexpected hazard identified,Line of Fire,High,Yes
V3-1120,Unsafe Act,Loading Terminal,lifting operation,"during the morning shift, at the Loading Terminal, the inspection team was involved in lifting operation near the workshop. The worker or crew continued the activity after a required barrier was found to be ineffective. This created a situation involving an active energy source that had not been fully controlled. The crew stopped work and the control measures were reviewed.",English,YES,Unsafe positioning,Personnel exposed to hazard,Energy Isolation,High,Yes
V3-1432,Unsafe Condition,Gas Processing Unit,compressor maintenance,"during routine field activity, at the Gas Processing Unit, the electrical crew was involved in compressor maintenance near the maintenance area. The worker or crew began work before the isolation status was fully verified. This created a situation involving uncontrolled movement of a suspended load. The team withdrew from the area and reassessed the work conditions.",English,YES,Control failure,Personnel exposed to hazard,Hot Work,High,Yes
V3-0354,Unsafe Condition,Loading Terminal,tank entry,"during a planned maintenance window, at the Loading Terminal, A warning sign had shifted from its original position and was restored before work started. The observation was associated with tank entry near the equipment bay. The crew maintained the required separation throughout. The team corrected the issue before normal work continued.",English,NO,No credible precursor identified,Procedure followed,Confined Space,Routine,No
V3-0548,Safety Observation,Gas Processing Unit,electrical maintenance,"during routine field activity, at the Gas Processing Unit, a vehicle operator was involved in electrical maintenance near the equipment bay. Before the task progressed, the team reviewed the isolation status before starting. The approved sequence was followed. The observation did not identify a credible high-consequence exposure.",English,NO,No credible precursor identified,Work area controlled,Confined Space,Routine,No
V3-1289,Unsafe Condition,Gas Processing Unit,electrical maintenance,"at the start of the work period, at the Gas Processing Unit, a vehicle operator was involved in electrical maintenance near the pump area. The worker or crew proceeded with the task after an unexpected change in conditions. This created a situation involving temporary loss of a protective barrier. The team withdrew from the area and reassessed the work conditions.",English,YES,Uncontrolled hazard,Personnel exposed to hazard,Confined Space,High,Yes
V3-1364,Unsafe Condition,Pipeline Station 3,grinding,"during the morning shift, at the Pipeline Station 3, the lifting team was involved in grinding near the workshop. The worker or crew started the task before the required control had been confirmed. This created a situation involving unexpected pressure in the process line. The operation was halted until the required protection was established.",English,YES,Energy exposure,Personnel exposed to hazard,Energy Isolation,Critical,Yes
V3-0420,Near Miss,Utility Section,lifting operation,"at the start of the work period, at the Utility Section, the lifting team was involved in lifting operation near the pump area. Before the task progressed, the team checked the condition of the equipment before use. The required separation was maintained. The crew completed the activity without a serious exposure.",English,NO,No credible precursor identified,Work area controlled,Confined Space,Routine,No
V3-0086,Unsafe Condition,Gas Processing Unit,vessel cleaning,"while preparing the work area, at the Gas Processing Unit, the electrical crew was involved in vessel cleaning near the tank farm. Before the task progressed, the team confirmed that the access route was clear. The work area remained controlled. The surrounding conditions remained stable throughout the task.",English,NO,No credible precursor identified,Precaution confirmed,Hot Work,Routine,No
V3-0370,Unsafe Act,Pipeline Station 3,lifting operation,"during routine field activity, at the Pipeline Station 3, the lifting team was involved in lifting operation near the equipment bay. Before the task progressed, the team checked the condition of the lifting equipment. The approved sequence was followed. No significant control breakdown was identified.",English,NO,No credible precursor identified,Procedure followed,Confined Space,Routine,No
V3-1294,Unsafe Condition,Loading Terminal,compressor maintenance,"shortly after the crew arrived, at the Loading Terminal, the maintenance group was involved in compressor maintenance near the maintenance area. The worker or crew began work before the isolation status was fully verified. This created a situation involving temporary loss of a protective barrier. The area was isolated while the condition was investigated.",English,YES,Barrier failure,Control not verified,Line of Fire,Critical,Yes
V3-0419,Unsafe Act,Production Area B,pipeline repair,"at the start of the work period, at the Production Area B, a maintenance technician was involved in pipeline repair near the electrical room. Before the task progressed, the team checked the condition of the equipment before use. The work authorization was valid. No hazardous deviation was observed.",English,NO,No credible precursor identified,Procedure followed,Confined Space,Routine,No
V3-0402,Safety Observation,Pipeline Station 3,lifting operation,"at the start of the work period, at the Pipeline Station 3, A small housekeeping issue was observed beside the work area and was corrected immediately. The observation was associated with lifting operation near the storage area. No person was exposed to the condition. The team corrected the issue before normal work continued.",English,NO,No credible precursor identified,Control verified,Line of Fire,Routine,No
V3-0734,Unsafe Act,Drilling Site,crane operation,"during routine field activity, at the Drilling Site, a welding crew was involved in crane operation near the utility yard. Before the task progressed, the team reviewed the work instructions before starting. The required safeguards were available. The crew completed the activity without a serious exposure.",English,NO,No credible precursor identified,Precaution confirmed,Energy Isolation,Routine,No
V3-1020,Near Miss,Tank Farm,vehicle movement,"during the afternoon shift, at the Tank Farm, the lifting team was involved in vehicle movement near the workshop. The worker or crew began work before the isolation status was fully verified. This created a situation involving an active energy source that had not been fully controlled. The area was isolated while the condition was investigated.",English,YES,Uncontrolled hazard,Control not verified,Line of Fire,Critical,Yes
V3-0230,Near Miss,Pipeline Station 3,vehicle movement,"while preparing the work area, at the Pipeline Station 3, the maintenance group was involved in vehicle movement near the storage area. Before the task progressed, the team confirmed communication with the control room. The approved sequence was followed. No significant control breakdown was identified.",English,NO,No credible precursor identified,No personnel exposure,Energy Isolation,Routine,No
V3-1058,Unsafe Act,Maintenance Workshop,pipeline repair,"during routine field activity, at the Maintenance Workshop, the maintenance group was involved in pipeline repair near the tank farm. The worker or crew moved into the work area while an important safeguard was still being checked. This created a situation involving temporary loss of a protective barrier. Work was suspended until the missing control was restored.",English,YES,Unsafe positioning,Control not verified,Confined Space,High,Yes
V3-0790,Unsafe Act,Refinery Area A,crane operation,"during a planned maintenance window, at the Refinery Area A, the maintenance group was involved in crane operation near the maintenance area. The worker or crew started the task before the required control had been confirmed. This created a situation involving loss of separation from operating machinery. The area was isolated while the condition was investigated.",English,YES,Control failure,Control not verified,Hot Work,Critical,Yes
V3-0708,Near Miss,Production Area B,vehicle movement,"during the afternoon shift, at the Production Area B, the lifting team was involved in vehicle movement near the loading point. Before the task progressed, the team completed the pre-job safety discussion. The required safeguards were available. The crew completed the activity without a serious exposure.",English,NO,No credible precursor identified,No personnel exposure,Hot Work,Low,No
V3-1240,Unsafe Condition,Compressor Station 2,grinding,"at the start of the work period, at the Compressor Station 2, a field operator was involved in grinding near the valve station. The worker or crew proceeded with the task after an unexpected change in conditions. This created a situation involving unexpected pressure in the process line. The supervisor intervened before the task could continue.",English,YES,Energy exposure,Barrier ineffective,Confined Space,Critical,Yes
V3-0250,Safety Observation,Drilling Site,grinding,"during a planned maintenance window, at the Drilling Site, A worker noticed a loose hand tool on the work platform and secured it before the task began. The observation was associated with grinding near the storage area. No person was exposed to the condition. The team corrected the issue before normal work continued.",English,NO,No credible precursor identified,Precaution confirmed,Line of Fire,Low,No
V3-0365,Unsafe Condition,Drilling Site,welding,"while preparing the work area, at the Drilling Site, The team noticed a damaged label on equipment and replaced it before continuing. The observation was associated with welding near the pipeline corridor. The equipment remained isolated from personnel activity. The team corrected the issue before normal work continued.",English,NO,No credible precursor identified,Control verified,Line of Fire,Routine,No
V3-1384,Unsafe Condition,Drilling Site,electrical maintenance,"while preparing the work area, at the Drilling Site, a vehicle operator was involved in electrical maintenance near the workshop. The worker or crew approached the operating equipment without maintaining the expected separation. This created a situation involving loss of separation from operating machinery. The supervisor intervened before the task could continue.",English,YES,Barrier failure,Control not verified,Confined Space,High,Yes
V3-0271,Unsafe Condition,Maintenance Workshop,lifting operation,"shortly after the crew arrived, at the Maintenance Workshop, a vehicle operator was involved in lifting operation near the equipment bay. Before the task progressed, the team confirmed that the access route was clear. The team stayed within the designated work area. No significant control breakdown was identified.",English,NO,No credible precursor identified,Procedure followed,Line of Fire,Low,No
V3-0312,Unsafe Condition,Loading Terminal,vehicle movement,"during the afternoon shift, at the Loading Terminal, the maintenance group was involved in vehicle movement near the valve station. Before the task progressed, the team checked the condition of the lifting equipment. The required separation was maintained. The planned barriers remained effective during the observation.",English,NO,No credible precursor identified,Procedure followed,Energy Isolation,Low,No
V3-1094,Unsafe Condition,Production Area B,grinding,"before the evening shutdown, at the Production Area B, a contractor was involved in grinding near the elevated work platform. The worker or crew moved into the work area while an important safeguard was still being checked. This created a situation involving movement of a vehicle through the work area. The supervisor stopped the activity and moved the crew to a safe location.",English,YES,Barrier failure,Personnel exposed to hazard,Energy Isolation,High,Yes
V3-0515,Safety Observation,Drilling Site,electrical maintenance,"during the afternoon shift, at the Drilling Site, The team noticed a damaged label on equipment and replaced it before continuing. The observation was associated with electrical maintenance near the storage area. The crew maintained the required separation throughout. The team corrected the issue before normal work continued.",English,NO,No credible precursor identified,Procedure followed,Energy Isolation,Low,No
V3-1044,Unsafe Act,Tank Farm,lifting operation,"at the start of the work period, at the Tank Farm, a maintenance technician was involved in lifting operation near the production unit. The worker or crew continued preparation while a critical control remained incomplete. This created a situation involving loss of separation from operating machinery. The crew stopped work and the control measures were reviewed.",English,YES,Control failure,Unsafe position observed,Confined Space,Critical,Yes
V3-0580,Safety Observation,Production Area B,welding,"at the start of the work period, at the Production Area B, The crew found minor surface damage on a non-critical component during inspection and reported it for maintenance. The observation was associated with welding near the elevated work platform. The task had not started when the issue was identified. The team corrected the issue before normal work continued.",English,NO,No credible precursor identified,Control verified,Line of Fire,Low,No
V3-0501,Near Miss,Production Area B,vessel cleaning,"during the morning shift, at the Production Area B, A worker reported a minor equipment defect that did not affect the active task and the item was tagged for follow-up. The observation was associated with vessel cleaning near the equipment bay. The issue had no impact on the work boundary. The team corrected the issue before normal work continued.",English,NO,No credible precursor identified,Work area controlled,Hot Work,Routine,No
V3-0189,Unsafe Condition,Tank Farm,compressor maintenance,"during a planned maintenance window, at the Tank Farm, a field operator was involved in compressor maintenance near the loading point. Before the task progressed, the team completed the pre-job safety discussion. The team stayed within the designated work area. No significant control breakdown was identified.",English,NO,No credible precursor identified,No personnel exposure,Line of Fire,Low,No
V3-1137,Unsafe Condition,Production Area B,vessel cleaning,"during the afternoon shift, at the Production Area B, the lifting team was involved in vessel cleaning near the compressor bay. The worker or crew approached the operating equipment without maintaining the expected separation. This created a situation involving movement of a vehicle through the work area. The team withdrew from the area and reassessed the work conditions.",English,YES,Uncontrolled hazard,Barrier ineffective,Hot Work,High,Yes
V3-1332,Near Miss,Compressor Station 2,vehicle movement,"during a planned maintenance window, at the Compressor Station 2, the site team was involved in vehicle movement near the pipeline corridor. The worker or crew continued the activity after a required barrier was found to be ineffective. This created a situation involving exposure to an energized component. The activity was paused and the affected equipment was secured.",English,YES,Unsafe positioning,Unsafe position observed,Line of Fire,Critical,Yes
V3-0479,Near Miss,Refinery Area A,crane operation,"while preparing the work area, at the Refinery Area A, the inspection team was involved in crane operation near the electrical room. Before the task progressed, the team checked the condition of the equipment before use. The access controls remained in place. The surrounding conditions remained stable throughout the task.",English,NO,No credible precursor identified,Procedure followed,Hot Work,Low,No
V3-0253,Safety Observation,Loading Terminal,compressor maintenance,"during routine field activity, at the Loading Terminal, A warning sign had shifted from its original position and was restored before work started. The observation was associated with compressor maintenance near the compressor bay. No person was exposed to the condition. The team corrected the issue before normal work continued.",English,NO,No credible precursor identified,No personnel exposure,Confined Space,Low,No
V3-0335,Safety Observation,Pipeline Station 3,electrical maintenance,"during the morning shift, at the Pipeline Station 3, a maintenance technician was involved in electrical maintenance near the process line. Before the task progressed, the team completed the pre-job safety discussion. The work authorization was valid. The planned barriers remained effective during the observation.",English,NO,No credible precursor identified,Precaution confirmed,Hot Work,Low,No
V3-1068,Unsafe Condition,Pipeline Station 3,vehicle movement,"during routine field activity, at the Pipeline Station 3, the electrical crew was involved in vehicle movement near the storage area. The worker or crew started the task before the required control had been confirmed. This created a situation involving an active energy source that had not been fully controlled. The supervisor intervened before the task could continue.",English,YES,Control failure,Personnel exposed to hazard,Hot Work,High,Yes
V3-0911,Unsafe Condition,Compressor Station 2,vehicle movement,"at the start of the work period, at the Compressor Station 2, the site team was involved in vehicle movement near the valve station. The worker or crew positioned personnel closer to the active equipment than permitted. This created a situation involving exposure to an energized component. The activity was paused and the affected equipment was secured.",English,YES,Control failure,Personnel exposed to hazard,Confined Space,Critical,Yes
V3-0833,Near Miss,Gas Processing Unit,grinding,"shortly after the crew arrived, at the Gas Processing Unit, the inspection team was involved in grinding near the elevated work platform. The worker or crew started the operation while another crew was still working inside the affected area. This created a situation involving possible release of stored energy. Work was suspended until the missing control was restored.",English,YES,Barrier failure,Unexpected hazard identified,Line of Fire,Critical,Yes
V3-0067,Safety Observation,Loading Terminal,crane operation,"during the afternoon shift, at the Loading Terminal, the site team was involved in crane operation near the workshop. Before the task progressed, the team reviewed the isolation status before starting. The team stayed within the designated work area. The activity continued under the planned controls.",English,NO,No credible precursor identified,Work area controlled,Confined Space,Routine,No
V3-1186,Unsafe Act,Production Area B,grinding,"during a planned maintenance window, at the Production Area B, the electrical crew was involved in grinding near the pipeline corridor. The worker or crew started the task before the required control had been confirmed. This created a situation involving loss of separation from operating machinery. The activity was paused and the affected equipment was secured.",English,YES,Control failure,Barrier ineffective,Energy Isolation,Critical,Yes
V3-0725,Near Miss,Compressor Station 2,pipeline repair,"during a planned maintenance window, at the Compressor Station 2, the electrical crew was involved in pipeline repair near the production unit. Before the task progressed, the team confirmed the work boundary with the supervisor. The equipment was within the approved operating condition. The activity continued under the planned controls.",English,NO,No credible precursor identified,Control verified,Hot Work,Routine,No
V3-0289,Near Miss,Drilling Site,vehicle movement,"during a planned maintenance window, at the Drilling Site, The team noticed a damaged label on equipment and replaced it before continuing. The observation was associated with vehicle movement near the utility yard. No person was exposed to the condition. The team corrected the issue before normal work continued.",English,NO,No credible precursor identified,No personnel exposure,Line of Fire,Low,No
V3-1416,Near Miss,Maintenance Workshop,vehicle movement,"at the start of the work period, at the Maintenance Workshop, the electrical crew was involved in vehicle movement near the pipeline corridor. The worker or crew started the operation while another crew was still working inside the affected area. This created a situation involving an active energy source that had not been fully controlled. The area was isolated while the condition was investigated.",English,YES,Control failure,Control not verified,Confined Space,Critical,Yes
V3-0764,Near Miss,Drilling Site,tank entry,"at the start of the work period, at the Drilling Site, the electrical crew was involved in tank entry near the pump area. The worker or crew approached the operating equipment without maintaining the expected separation. This created a situation involving possible release of stored energy. The crew stopped work and the control measures were reviewed.",English,YES,Barrier failure,Barrier ineffective,Hot Work,High,Yes
V3-0140,Unsafe Condition,Maintenance Workshop,crane operation,"during routine field activity, at the Maintenance Workshop, A temporary access obstruction was identified and removed before personnel entered the area. The observation was associated with crane operation near the loading point. No person was exposed to the condition. The team corrected the issue before normal work continued.",English,NO,No credible precursor identified,Procedure followed,Hot Work,Routine,No
V3-0076,Near Miss,Drilling Site,compressor maintenance,"before the evening shutdown, at the Drilling Site, the inspection team was involved in compressor maintenance near the compressor bay. Before the task progressed, the team completed the pre-job safety discussion. The work area remained controlled. The work proceeded without an uncontrolled change in conditions.",English,NO,No credible precursor identified,Procedure followed,Confined Space,Routine,No
V3-1104,Unsafe Condition,Maintenance Workshop,crane operation,"shortly after the crew arrived, at the Maintenance Workshop, the electrical crew was involved in crane operation near the production unit. The worker or crew continued preparation while a critical control remained incomplete. This created a situation involving temporary loss of a protective barrier. Work was suspended until the missing control was restored.",English,YES,Energy exposure,Barrier ineffective,Confined Space,High,Yes
V3-0985,Unsafe Condition,Drilling Site,welding,"shortly after the crew arrived, at the Drilling Site, a maintenance technician was involved in welding near the electrical room. The worker or crew started the operation while another crew was still working inside the affected area. This created a situation involving an active energy source that had not been fully controlled. The operation was halted until the required protection was established.",English,YES,Control failure,Barrier ineffective,Energy Isolation,Critical,Yes
V3-0535,Unsafe Act,Drilling Site,lifting operation,"before the evening shutdown, at the Drilling Site, a maintenance technician was involved in lifting operation near the process line. Before the task progressed, the team verified the required authorization. The planned precautions were maintained. No significant control breakdown was identified.",English,NO,No credible precursor identified,Procedure followed,Energy Isolation,Routine,No
V3-1083,Near Miss,Pipeline Station 3,grinding,"during the afternoon shift, at the Pipeline Station 3, a contractor was involved in grinding near the tank farm. The worker or crew entered the restricted area before the required authorization was confirmed. This created a situation involving movement of a vehicle through the work area. The crew stopped work and the control measures were reviewed.",English,YES,Control failure,Personnel exposed to hazard,Line of Fire,Critical,Yes
V3-0614,Unsafe Act,Refinery Area A,compressor maintenance,"at the start of the work period, at the Refinery Area A, a welding crew was involved in compressor maintenance near the valve station. Before the task progressed, the team reviewed the isolation status before starting. The required separation was maintained. The planned barriers remained effective during the observation.",English,NO,No credible precursor identified,No personnel exposure,Hot Work,Low,No
V3-0366,Near Miss,Loading Terminal,compressor maintenance,"during a planned maintenance window, at the Loading Terminal, A warning sign had shifted from its original position and was restored before work started. The observation was associated with compressor maintenance near the production unit. The observation involved housekeeping rather than an active energy source. The team corrected the issue before normal work continued.",English,NO,No credible precursor identified,Work area controlled,Hot Work,Low,No
V3-1313,Near Miss,Maintenance Workshop,compressor maintenance,"while preparing the work area, at the Maintenance Workshop, a welding crew was involved in compressor maintenance near the pipeline corridor. The worker or crew started the operation while another crew was still working inside the affected area. This created a situation involving unexpected pressure in the process line. Work was suspended until the missing control was restored.",English,YES,Uncontrolled hazard,Unsafe position observed,Hot Work,High,Yes
V3-1476,Unsafe Act,Pipeline Station 3,welding,"while preparing the work area, at the Pipeline Station 3, a vehicle operator was involved in welding near the compressor bay. The worker or crew started the operation while another crew was still working inside the affected area. This created a situation involving possible release of stored energy. Work was suspended until the missing control was restored.",English,YES,Barrier failure,Personnel exposed to hazard,Hot Work,High,Yes
V3-0074,Near Miss,Pipeline Station 3,welding,"before the evening shutdown, at the Pipeline Station 3, A routine inspection identified a small housekeeping deviation with no personnel exposure. The observation was associated with welding near the electrical room. The affected item was outside the active work path. The team corrected the issue before normal work continued.",English,NO,No credible precursor identified,Work area controlled,Hot Work,Low,No
V3-0260,Unsafe Condition,Maintenance Workshop,electrical maintenance,"during the morning shift, at the Maintenance Workshop, a contractor was involved in electrical maintenance near the maintenance area. Before the task progressed, the team confirmed communication with the control room. The team stayed within the designated work area. No hazardous deviation was observed.",English,NO,No credible precursor identified,Work area controlled,Line of Fire,Low,No
V3-1336,Unsafe Act,Loading Terminal,vehicle movement,"shortly after the crew arrived, at the Loading Terminal, the lifting team was involved in vehicle movement near the equipment bay. The worker or crew continued the activity after a required barrier was found to be ineffective. This created a situation involving unexpected pressure in the process line. The crew stopped work and the control measures were reviewed.",English,YES,Energy exposure,Control not verified,Energy Isolation,High,Yes
V3-1241,Unsafe Act,Maintenance Workshop,lifting operation,"during the afternoon shift, at the Maintenance Workshop, the electrical crew was involved in lifting operation near the maintenance area. The worker or crew started the operation while another crew was still working inside the affected area. This created a situation involving loss of separation from operating machinery. The activity was paused and the affected equipment was secured.",English,YES,Control failure,Unexpected hazard identified,Line of Fire,High,Yes
V3-0292,Safety Observation,Pipeline Station 3,grinding,"shortly after the crew arrived, at the Pipeline Station 3, a maintenance technician was involved in grinding near the utility yard. Before the task progressed, the team confirmed communication with the control room. The access controls remained in place. No significant control breakdown was identified.",English,NO,No credible precursor identified,No personnel exposure,Energy Isolation,Low,No
V3-0227,Near Miss,Loading Terminal,vessel cleaning,"at the start of the work period, at the Loading Terminal, A temporary access obstruction was identified and removed before personnel entered the area. The observation was associated with vessel cleaning near the electrical room. The affected item was outside the active work path. The team corrected the issue before normal work continued.",English,NO,No credible precursor identified,Procedure followed,Energy Isolation,Low,No
V3-1074,Unsafe Act,Maintenance Workshop,pipeline repair,"during the afternoon shift, at the Maintenance Workshop, a welding crew was involved in pipeline repair near the electrical room. The worker or crew started the operation while another crew was still working inside the affected area. This created a situation involving uncontrolled movement of a suspended load. The crew stopped work and the control measures were reviewed.",English,YES,Energy exposure,Personnel exposed to hazard,Hot Work,Critical,Yes
V3-1177,Unsafe Condition,Gas Processing Unit,lifting operation,"during the afternoon shift, at the Gas Processing Unit, a maintenance technician was involved in lifting operation near the utility yard. The worker or crew started the task before the required control had been confirmed. This created a situation involving movement of a vehicle through the work area. The crew stopped work and the control measures were reviewed.",English,YES,Uncontrolled hazard,Barrier ineffective,Energy Isolation,High,Yes
V3-0482,Unsafe Condition,Maintenance Workshop,vessel cleaning,"during the afternoon shift, at the Maintenance Workshop, the inspection team was involved in vessel cleaning near the compressor bay. Before the task progressed, the team checked the condition of the equipment before use. The equipment was within the approved operating condition. The crew completed the activity without a serious exposure.",English,NO,No credible precursor identified,No personnel exposure,Line of Fire,Low,No
V3-0293,Safety Observation,Refinery Area A,crane operation,"before the evening shutdown, at the Refinery Area A, the site team was involved in crane operation near the electrical room. Before the task progressed, the team confirmed the work boundary with the supervisor. The equipment was within the approved operating condition. The activity continued under the planned controls.",English,NO,No credible precursor identified,Procedure followed,Energy Isolation,Low,No
V3-0976,Unsafe Condition,Loading Terminal,compressor maintenance,"while preparing the work area, at the Loading Terminal, a vehicle operator was involved in compressor maintenance near the process line. The worker or crew proceeded with the task after an unexpected change in conditions. This created a situation involving unexpected movement of equipment. The operation was halted until the required protection was established.",English,YES,Unsafe positioning,Barrier ineffective,Hot Work,High,Yes
V3-1270,Near Miss,Tank Farm,lifting operation,"during the morning shift, at the Tank Farm, a field operator was involved in lifting operation near the electrical room. The worker or crew continued the activity after a required barrier was found to be ineffective. This created a situation involving possible release of stored energy. The team withdrew from the area and reassessed the work conditions.",English,YES,Uncontrolled hazard,Control not verified,Energy Isolation,Critical,Yes
V3-0297,Safety Observation,Pipeline Station 3,electrical maintenance,"while preparing the work area, at the Pipeline Station 3, the maintenance group was involved in electrical maintenance near the maintenance area. Before the task progressed, the team checked the condition of the lifting equipment. The planned precautions were maintained. The planned barriers remained effective during the observation.",English,NO,No credible precursor identified,Control verified,Energy Isolation,Low,No
V3-1274,Near Miss,Utility Section,welding,"during routine field activity, at the Utility Section, the site team was involved in welding near the pipeline corridor. The worker or crew positioned personnel closer to the active equipment than permitted. This created a situation involving an active energy source that had not been fully controlled. The supervisor intervened before the task could continue.",English,YES,Uncontrolled hazard,Personnel exposed to hazard,Line of Fire,High,Yes
V3-1376,Unsafe Act,Utility Section,vehicle movement,"during the afternoon shift, at the Utility Section, a welding crew was involved in vehicle movement near the maintenance area. The worker or crew started the operation while another crew was still working inside the affected area. This created a situation involving an active energy source that had not been fully controlled. The team withdrew from the area and reassessed the work conditions.",English,YES,Unsafe positioning,Barrier ineffective,Energy Isolation,Critical,Yes
V3-0362,Unsafe Condition,Maintenance Workshop,vessel cleaning,"during the morning shift, at the Maintenance Workshop, A routine inspection identified a small housekeeping deviation with no personnel exposure. The observation was associated with vessel cleaning near the pump area. The issue had no impact on the work boundary. The team corrected the issue before normal work continued.",English,NO,No credible precursor identified,Procedure followed,Line of Fire,Low,No
V3-0661,Near Miss,Utility Section,compressor maintenance,"during the afternoon shift, at the Utility Section, a maintenance technician was involved in compressor maintenance near the electrical room. Before the task progressed, the team confirmed the work boundary with the supervisor. The planned precautions were maintained. The work proceeded without an uncontrolled change in conditions.",English,NO,No credible precursor identified,Control verified,Confined Space,Routine,No
V3-1438,Unsafe Act,Refinery Area A,compressor maintenance,"during the morning shift, at the Refinery Area A, the inspection team was involved in compressor maintenance near the equipment bay. The worker or crew proceeded with the task after an unexpected change in conditions. This created a situation involving an unplanned change in the work environment. The operation was halted until the required protection was established.",English,YES,Barrier failure,Personnel exposed to hazard,Energy Isolation,Critical,Yes
V3-0464,Unsafe Act,Compressor Station 2,pipeline repair,"during the morning shift, at the Compressor Station 2, The team noticed a damaged label on equipment and replaced it before continuing. The observation was associated with pipeline repair near the process line. The observation involved housekeeping rather than an active energy source. The team corrected the issue before normal work continued.",English,NO,No credible precursor identified,Work area controlled,Energy Isolation,Low,No
V3-1072,Near Miss,Utility Section,crane operation,"before the evening shutdown, at the Utility Section, the inspection team was involved in crane operation near the storage area. The worker or crew continued preparation while a critical control remained incomplete. This created a situation involving uncontrolled movement of a suspended load. The supervisor intervened before the task could continue.",English,YES,Control failure,Control not verified,Hot Work,High,Yes
V3-1141,Unsafe Condition,Refinery Area A,electrical maintenance,"before the evening shutdown, at the Refinery Area A, the electrical crew was involved in electrical maintenance near the pipeline corridor. The worker or crew proceeded with the task after an unexpected change in conditions. This created a situation involving an active energy source that had not been fully controlled. The supervisor stopped the activity and moved the crew to a safe location.",English,YES,Barrier failure,Unsafe position observed,Confined Space,High,Yes
V3-0202,Near Miss,Maintenance Workshop,vehicle movement,"before the evening shutdown, at the Maintenance Workshop, a vehicle operator was involved in vehicle movement near the tank farm. Before the task progressed, the team reviewed the isolation status before starting. The access controls remained in place. The work proceeded without an uncontrolled change in conditions.",English,NO,No credible precursor identified,Control verified,Confined Space,Routine,No
V3-0018,Safety Observation,Drilling Site,grinding,"at the start of the work period, at the Drilling Site, the electrical crew was involved in grinding near the electrical room. Before the task progressed, the team verified the required authorization. The equipment was within the approved operating condition. No hazardous deviation was observed.",English,NO,No credible precursor identified,Work area controlled,Hot Work,Low,No
V3-1012,Near Miss,Utility Section,tank entry,"during a planned maintenance window, at the Utility Section, the lifting team was involved in tank entry near the maintenance area. The worker or crew proceeded with the task after an unexpected change in conditions. This created a situation involving exposure to an energized component. The activity was paused and the affected equipment was secured.",English,YES,Uncontrolled hazard,Unsafe position observed,Energy Isolation,Critical,Yes
V3-1349,Unsafe Act,Utility Section,welding,"during routine field activity, at the Utility Section, the inspection team was involved in welding near the pipeline corridor. The worker or crew started the task before the required control had been confirmed. This created a situation involving an active energy source that had not been fully controlled. The activity was paused and the affected equipment was secured.",English,YES,Control failure,Control not verified,Energy Isolation,Critical,Yes
V3-1050,Near Miss,Refinery Area A,crane operation,"at the start of the work period, at the Refinery Area A, the site team was involved in crane operation near the process line. The worker or crew moved into the work area while an important safeguard was still being checked. This created a situation involving movement of a vehicle through the work area. Work was suspended until the missing control was restored.",English,YES,Uncontrolled hazard,Control not verified,Confined Space,Critical,Yes
V3-1319,Near Miss,Gas Processing Unit,grinding,"while preparing the work area, at the Gas Processing Unit, the electrical crew was involved in grinding near the production unit. The worker or crew positioned personnel closer to the active equipment than permitted. This created a situation involving uncontrolled movement of a suspended load. The crew stopped work and the control measures were reviewed.",English,YES,Unsafe positioning,Unexpected hazard identified,Confined Space,Critical,Yes
V3-0817,Unsafe Act,Gas Processing Unit,compressor maintenance,"before the evening shutdown, at the Gas Processing Unit, a contractor was involved in compressor maintenance near the elevated work platform. The worker or crew started the task before the required control had been confirmed. This created a situation involving an active energy source that had not been fully controlled. The supervisor stopped the activity and moved the crew to a safe location.",English,YES,Unsafe positioning,Unexpected hazard identified,Line of Fire,High,Yes
V3-0418,Unsafe Condition,Gas Processing Unit,compressor maintenance,"shortly after the crew arrived, at the Gas Processing Unit, A warning sign had shifted from its original position and was restored before work started. The observation was associated with compressor maintenance near the pump area. The task had not started when the issue was identified. The team corrected the issue before normal work continued.",English,NO,No credible precursor identified,Procedure followed,Line of Fire,Low,No
V3-0917,Unsafe Act,Utility Section,vessel cleaning,"before the evening shutdown, at the Utility Section, the inspection team was involved in vessel cleaning near the tank farm. The worker or crew continued preparation while a critical control remained incomplete. This created a situation involving loss of separation from operating machinery. The supervisor intervened before the task could continue.",English,YES,Energy exposure,Control not verified,Energy Isolation,Critical,Yes
V3-0624,Unsafe Act,Utility Section,crane operation,"while preparing the work area, at the Utility Section, the lifting team was involved in crane operation near the workshop. Before the task progressed, the team reviewed the work instructions before starting. The approved sequence was followed. The surrounding conditions remained stable throughout the task.",English,NO,No credible precursor identified,Control verified,Line of Fire,Low,No
V3-1160,Unsafe Condition,Production Area B,lifting operation,"during the afternoon shift, at the Production Area B, a vehicle operator was involved in lifting operation near the elevated work platform. The worker or crew approached the operating equipment without maintaining the expected separation. This created a situation involving possible release of stored energy. Work was suspended until the missing control was restored.",English,YES,Control failure,Unexpected hazard identified,Confined Space,High,Yes
V3-0609,Unsafe Condition,Pipeline Station 3,grinding,"at the start of the work period, at the Pipeline Station 3, the site team was involved in grinding near the storage area. Before the task progressed, the team confirmed that the access route was clear. The team stayed within the designated work area. The crew completed the activity without a serious exposure.",English,NO,No credible precursor identified,Work area controlled,Energy Isolation,Routine,No
V3-0776,Unsafe Condition,Utility Section,welding,"during the afternoon shift, at the Utility Section, the maintenance group was involved in welding near the maintenance area. The worker or crew proceeded with the task after an unexpected change in conditions. This created a situation involving loss of separation from operating machinery. The supervisor stopped the activity and moved the crew to a safe location.",English,YES,Unsafe positioning,Unexpected hazard identified,Confined Space,Critical,Yes
V3-0762,Unsafe Act,Pipeline Station 3,electrical maintenance,"at the start of the work period, at the Pipeline Station 3, a vehicle operator was involved in electrical maintenance near the equipment bay. The worker or crew approached the operating equipment without maintaining the expected separation. This created a situation involving exposure to an energized component. The team withdrew from the area and reassessed the work conditions.",English,YES,Uncontrolled hazard,Personnel exposed to hazard,Energy Isolation,High,Yes
V3-0481,Near Miss,Loading Terminal,pipeline repair,"during routine field activity, at the Loading Terminal, A warning sign had shifted from its original position and was restored before work started. The observation was associated with pipeline repair near the tank farm. The affected item was outside the active work path. The team corrected the issue before normal work continued.",English,NO,No credible precursor identified,Precaution confirmed,Confined Space,Routine,No
V3-1052,Near Miss,Loading Terminal,welding,"during routine field activity, at the Loading Terminal, a field operator was involved in welding near the production unit. The worker or crew positioned personnel closer to the active equipment than permitted. This created a situation involving movement of a vehicle through the work area. The supervisor intervened before the task could continue.",English,YES,Unsafe positioning,Control not verified,Confined Space,High,Yes
V3-0718,Near Miss,Drilling Site,electrical maintenance,"during a planned maintenance window, at the Drilling Site, The team noticed a damaged label on equipment and replaced it before continuing. The observation was associated with electrical maintenance near the tank farm. The condition was corrected before it could affect the work. The team corrected the issue before normal work continued.",English,NO,No credible precursor identified,Control verified,Line of Fire,Low,No
V3-0439,Unsafe Act,Utility Section,compressor maintenance,"during a planned maintenance window, at the Utility Section, the maintenance group was involved in compressor maintenance near the loading point. Before the task progressed, the team checked the condition of the lifting equipment. The team stayed within the designated work area. The work proceeded without an uncontrolled change in conditions.",English,NO,No credible precursor identified,Work area controlled,Line of Fire,Low,No
V3-0643,Near Miss,Maintenance Workshop,electrical maintenance,"during a planned maintenance window, at the Maintenance Workshop, a vehicle operator was involved in electrical maintenance near the pump area. Before the task progressed, the team verified the required authorization. The equipment was within the approved operating condition. The work proceeded without an uncontrolled change in conditions.",English,NO,No credible precursor identified,Control verified,Confined Space,Low,No
V3-0029,Safety Observation,Maintenance Workshop,welding,"during the morning shift, at the Maintenance Workshop, the inspection team was involved in welding near the pump area. Before the task progressed, the team reviewed the work instructions before starting. The equipment was within the approved operating condition. The planned barriers remained effective during the observation.",English,NO,No credible precursor identified,Procedure followed,Line of Fire,Low,No
V3-1024,Unsafe Act,Loading Terminal,welding,"during the afternoon shift, at the Loading Terminal, a field operator was involved in welding near the maintenance area. The worker or crew entered the restricted area before the required authorization was confirmed. This created a situation involving unexpected pressure in the process line. The crew stopped work and the control measures were reviewed.",English,YES,Uncontrolled hazard,Personnel exposed to hazard,Line of Fire,Critical,Yes
V3-1460,Near Miss,Gas Processing Unit,compressor maintenance,"during a planned maintenance window, at the Gas Processing Unit, the lifting team was involved in compressor maintenance near the equipment bay. The worker or crew continued preparation while a critical control remained incomplete. This created a situation involving loss of separation from operating machinery. Work was suspended until the missing control was restored.",English,YES,Barrier failure,Personnel exposed to hazard,Confined Space,Critical,Yes
V3-1437,Unsafe Condition,Compressor Station 2,crane operation,"during the afternoon shift, at the Compressor Station 2, a vehicle operator was involved in crane operation near the elevated work platform. The worker or crew continued the activity after a required barrier was found to be ineffective. This created a situation involving unexpected pressure in the process line. The team withdrew from the area and reassessed the work conditions.",English,YES,Control failure,Unsafe position observed,Confined Space,Critical,Yes
V3-0629,Near Miss,Utility Section,electrical maintenance,"at the start of the work period, at the Utility Section, a maintenance technician was involved in electrical maintenance near the electrical room. Before the task progressed, the team completed the pre-job safety discussion. The required safeguards were available. The crew completed the activity without a serious exposure.",English,NO,No credible precursor identified,Control verified,Line of Fire,Low,No
V3-0334,Near Miss,Loading Terminal,welding,"during a planned maintenance window, at the Loading Terminal, the maintenance group was involved in welding near the equipment bay. Before the task progressed, the team confirmed that the access route was clear. The equipment was within the approved operating condition. The surrounding conditions remained stable throughout the task.",English,NO,No credible precursor identified,Procedure followed,Energy Isolation,Routine,No
V3-0078,Safety Observation,Production Area B,compressor maintenance,"during the afternoon shift, at the Production Area B, A worker reported a minor equipment defect that did not affect the active task and the item was tagged for follow-up. The observation was associated with compressor maintenance near the pump area. The crew maintained the required separation throughout. The team corrected the issue before normal work continued.",English,NO,No credible precursor identified,Work area controlled,Hot Work,Low,No
V3-0953,Unsafe Condition,Gas Processing Unit,vessel cleaning,"during routine field activity, at the Gas Processing Unit, a contractor was involved in vessel cleaning near the equipment bay. The worker or crew began work before the isolation status was fully verified. This created a situation involving uncontrolled movement of a suspended load. The team withdrew from the area and reassessed the work conditions.",English,YES,Barrier failure,Unsafe position observed,Confined Space,High,Yes
V3-0795,Unsafe Act,Maintenance Workshop,vessel cleaning,"at the start of the work period, at the Maintenance Workshop, a maintenance technician was involved in vessel cleaning near the maintenance area. The worker or crew moved into the work area while an important safeguard was still being checked. This created a situation involving temporary loss of a protective barrier. The area was isolated while the condition was investigated.",English,YES,Control failure,Control not verified,Confined Space,Critical,Yes
V3-1415,Unsafe Act,Maintenance Workshop,tank entry,"during the morning shift, at the Maintenance Workshop, a maintenance technician was involved in tank entry near the elevated work platform. The worker or crew began work before the isolation status was fully verified. This created a situation involving unexpected movement of equipment. The operation was halted until the required protection was established.",English,YES,Unsafe positioning,Control not verified,Hot Work,High,Yes
V3-0258,Safety Observation,Maintenance Workshop,grinding,"while preparing the work area, at the Maintenance Workshop, A warning sign had shifted from its original position and was restored before work started. The observation was associated with grinding near the compressor bay. The condition was corrected before it could affect the work. The team corrected the issue before normal work continued.",English,NO,No credible precursor identified,Precaution confirmed,Energy Isolation,Low,No
